--------------------------------------------------------
--  파일이 생성됨 - 토요일-1월-01-2022   
--------------------------------------------------------
--------------------------------------------------------
--  DDL for Table ADMIN
--------------------------------------------------------

  CREATE TABLE "ADMIN" 
   (	"A_ID" VARCHAR2(20 BYTE), 
	"PWD" VARCHAR2(20 BYTE), 
	"A_NAME" VARCHAR2(100 CHAR)
   ) SEGMENT CREATION IMMEDIATE 
  PCTFREE 10 PCTUSED 40 INITRANS 1 MAXTRANS 255 NOCOMPRESS LOGGING
  STORAGE(INITIAL 65536 NEXT 1048576 MINEXTENTS 1 MAXEXTENTS 2147483645
  PCTINCREASE 0 FREELISTS 1 FREELIST GROUPS 1 BUFFER_POOL DEFAULT FLASH_CACHE DEFAULT CELL_FLASH_CACHE DEFAULT)
  TABLESPACE "SYSTEM" ;

   COMMENT ON COLUMN "ADMIN"."A_ID" IS '관리자 아이디';
   COMMENT ON COLUMN "ADMIN"."PWD" IS '관리자 비밀번호';
   COMMENT ON COLUMN "ADMIN"."A_NAME" IS '관리자 이름';
   COMMENT ON TABLE "ADMIN"  IS '관리자';
--------------------------------------------------------
--  DDL for Table BAGGAGE
--------------------------------------------------------

  CREATE TABLE "BAGGAGE" 
   (	"EB_NO" NUMBER(2,0), 
	"TYPE" VARCHAR2(50 CHAR), 
	"COUNTRY" VARCHAR2(50 CHAR), 
	"BASE" VARCHAR2(5 CHAR), 
	"DETAIL" VARCHAR2(4 CHAR), 
	"PRICE" NUMBER(6,0)
   ) SEGMENT CREATION IMMEDIATE 
  PCTFREE 10 PCTUSED 40 INITRANS 1 MAXTRANS 255 NOCOMPRESS LOGGING
  STORAGE(INITIAL 65536 NEXT 1048576 MINEXTENTS 1 MAXEXTENTS 2147483645
  PCTINCREASE 0 FREELISTS 1 FREELIST GROUPS 1 BUFFER_POOL DEFAULT FLASH_CACHE DEFAULT CELL_FLASH_CACHE DEFAULT)
  TABLESPACE "SYSTEM" ;

   COMMENT ON COLUMN "BAGGAGE"."EB_NO" IS '추가수화물No';
   COMMENT ON COLUMN "BAGGAGE"."TYPE" IS '구분';
   COMMENT ON COLUMN "BAGGAGE"."COUNTRY" IS '지역';
   COMMENT ON COLUMN "BAGGAGE"."BASE" IS '기준';
   COMMENT ON COLUMN "BAGGAGE"."DETAIL" IS '세부기준';
   COMMENT ON COLUMN "BAGGAGE"."PRICE" IS '금액';
   COMMENT ON TABLE "BAGGAGE"  IS '추가수화물';
--------------------------------------------------------
--  DDL for Table BASE_POINT
--------------------------------------------------------

  CREATE TABLE "BASE_POINT" 
   (	"BP_NO" NUMBER, 
	"ROUTE" NUMBER(3,0), 
	"BP_TYPE" VARCHAR2(2 CHAR), 
	"S_DAY" VARCHAR2(4 CHAR), 
	"USE_POINT" NUMBER(4,0)
   ) SEGMENT CREATION IMMEDIATE 
  PCTFREE 10 PCTUSED 40 INITRANS 1 MAXTRANS 255 NOCOMPRESS LOGGING
  STORAGE(INITIAL 65536 NEXT 1048576 MINEXTENTS 1 MAXEXTENTS 2147483645
  PCTINCREASE 0 FREELISTS 1 FREELIST GROUPS 1 BUFFER_POOL DEFAULT FLASH_CACHE DEFAULT CELL_FLASH_CACHE DEFAULT)
  TABLESPACE "SYSTEM" ;

   COMMENT ON COLUMN "BASE_POINT"."BP_NO" IS '포인트 기준No';
   COMMENT ON COLUMN "BASE_POINT"."ROUTE" IS '구간번호';
   COMMENT ON COLUMN "BASE_POINT"."BP_TYPE" IS '편도/왕복';
   COMMENT ON COLUMN "BASE_POINT"."S_DAY" IS '출발요일';
   COMMENT ON COLUMN "BASE_POINT"."USE_POINT" IS '사용 포인트';
   COMMENT ON TABLE "BASE_POINT"  IS '포인트 사용 기준';
--------------------------------------------------------
--  DDL for Table BOARDER
--------------------------------------------------------

  CREATE TABLE "BOARDER" 
   (	"B_NO2" VARCHAR2(10 BYTE), 
	"B_NO" VARCHAR2(20 BYTE), 
	"M_ID" VARCHAR2(20 BYTE), 
	"PRICE" NUMBER(7,0), 
	"D_NO" NUMBER
   ) SEGMENT CREATION IMMEDIATE 
  PCTFREE 10 PCTUSED 40 INITRANS 1 MAXTRANS 255 NOCOMPRESS LOGGING
  STORAGE(INITIAL 65536 NEXT 1048576 MINEXTENTS 1 MAXEXTENTS 2147483645
  PCTINCREASE 0 FREELISTS 1 FREELIST GROUPS 1 BUFFER_POOL DEFAULT FLASH_CACHE DEFAULT CELL_FLASH_CACHE DEFAULT)
  TABLESPACE "SYSTEM" ;

   COMMENT ON COLUMN "BOARDER"."B_NO2" IS '예약No';
   COMMENT ON COLUMN "BOARDER"."B_NO" IS '탑승객No';
   COMMENT ON COLUMN "BOARDER"."M_ID" IS '회원아이디';
   COMMENT ON COLUMN "BOARDER"."PRICE" IS '요금';
   COMMENT ON COLUMN "BOARDER"."D_NO" IS '추가할인No';
   COMMENT ON TABLE "BOARDER"  IS '탑승객';
--------------------------------------------------------
--  DDL for Table BONUS_TICKET
--------------------------------------------------------

  CREATE TABLE "BONUS_TICKET" 
   (	"M_ID" VARCHAR2(20 BYTE), 
	"B_NO" VARCHAR2(30 BYTE), 
	"S_DAY" VARCHAR2(20 CHAR), 
	"S_USINGDATE" DATE, 
	"E_USINGDATE" DATE, 
	"S_BOARDINGDATE" DATE, 
	"E_BOARDINGDATE" DATE, 
	"ROUTE" VARCHAR2(40 CHAR), 
	"UP_NO" NUMBER
   ) SEGMENT CREATION IMMEDIATE 
  PCTFREE 10 PCTUSED 40 INITRANS 1 MAXTRANS 255 NOCOMPRESS LOGGING
  STORAGE(INITIAL 65536 NEXT 1048576 MINEXTENTS 1 MAXEXTENTS 2147483645
  PCTINCREASE 0 FREELISTS 1 FREELIST GROUPS 1 BUFFER_POOL DEFAULT FLASH_CACHE DEFAULT CELL_FLASH_CACHE DEFAULT)
  TABLESPACE "SYSTEM" ;

   COMMENT ON COLUMN "BONUS_TICKET"."M_ID" IS '아이디';
   COMMENT ON COLUMN "BONUS_TICKET"."B_NO" IS '쿠폰번호';
   COMMENT ON COLUMN "BONUS_TICKET"."S_DAY" IS '출발가능요일';
   COMMENT ON COLUMN "BONUS_TICKET"."S_USINGDATE" IS '사용 유효기간 시작일';
   COMMENT ON COLUMN "BONUS_TICKET"."E_USINGDATE" IS '사용 유효기간 끝나는일';
   COMMENT ON COLUMN "BONUS_TICKET"."S_BOARDINGDATE" IS '탑승 유효기간 시작일';
   COMMENT ON COLUMN "BONUS_TICKET"."E_BOARDINGDATE" IS '탑승 유효기간 끝나는일';
   COMMENT ON COLUMN "BONUS_TICKET"."ROUTE" IS '탑승노선';
   COMMENT ON COLUMN "BONUS_TICKET"."UP_NO" IS '포인트 사용no';
   COMMENT ON TABLE "BONUS_TICKET"  IS '[경품]보너스 항공권';
--------------------------------------------------------
--  DDL for Table BOOKING
--------------------------------------------------------

  CREATE TABLE "BOOKING" 
   (	"B_NO" VARCHAR2(10 BYTE), 
	"B_DATE" DATE, 
	"STATE" VARCHAR2(10 CHAR), 
	"S_NO" NUMBER(5,0), 
	"B_COUNT" NUMBER(1,0), 
	"PRICE" NUMBER(8,0), 
	"B_TYPE" VARCHAR2(5 CHAR), 
	"EMAIL" VARCHAR2(100 CHAR), 
	"TEL" VARCHAR2(30 BYTE)
   ) SEGMENT CREATION IMMEDIATE 
  PCTFREE 10 PCTUSED 40 INITRANS 1 MAXTRANS 255 NOCOMPRESS LOGGING
  STORAGE(INITIAL 65536 NEXT 1048576 MINEXTENTS 1 MAXEXTENTS 2147483645
  PCTINCREASE 0 FREELISTS 1 FREELIST GROUPS 1 BUFFER_POOL DEFAULT FLASH_CACHE DEFAULT CELL_FLASH_CACHE DEFAULT)
  TABLESPACE "SYSTEM" ;

   COMMENT ON COLUMN "BOOKING"."B_NO" IS '예약No';
   COMMENT ON COLUMN "BOOKING"."B_DATE" IS '예약일';
   COMMENT ON COLUMN "BOOKING"."STATE" IS '예약상태';
   COMMENT ON COLUMN "BOOKING"."S_NO" IS '운항정보no';
   COMMENT ON COLUMN "BOOKING"."B_COUNT" IS '탑승객수';
   COMMENT ON COLUMN "BOOKING"."PRICE" IS '요금';
   COMMENT ON COLUMN "BOOKING"."B_TYPE" IS '운임종류';
   COMMENT ON COLUMN "BOOKING"."EMAIL" IS '이메일';
   COMMENT ON COLUMN "BOOKING"."TEL" IS '예매자 휴대폰번호';
   COMMENT ON TABLE "BOOKING"  IS '예약정보';
--------------------------------------------------------
--  DDL for Table CANCEL
--------------------------------------------------------

  CREATE TABLE "CANCEL" 
   (	"C_NO" NUMBER, 
	"C_DATE" DATE, 
	"P_NO" NUMBER, 
	"P_NO2" NUMBER
   ) SEGMENT CREATION IMMEDIATE 
  PCTFREE 10 PCTUSED 40 INITRANS 1 MAXTRANS 255 NOCOMPRESS LOGGING
  STORAGE(INITIAL 65536 NEXT 1048576 MINEXTENTS 1 MAXEXTENTS 2147483645
  PCTINCREASE 0 FREELISTS 1 FREELIST GROUPS 1 BUFFER_POOL DEFAULT FLASH_CACHE DEFAULT CELL_FLASH_CACHE DEFAULT)
  TABLESPACE "SYSTEM" ;

   COMMENT ON COLUMN "CANCEL"."C_NO" IS '예약취소No';
   COMMENT ON COLUMN "CANCEL"."C_DATE" IS '취소일';
   COMMENT ON COLUMN "CANCEL"."P_NO" IS '위약금/수수료No';
   COMMENT ON COLUMN "CANCEL"."P_NO2" IS '승인번호';
   COMMENT ON TABLE "CANCEL"  IS '예약취소';
--------------------------------------------------------
--  DDL for Table CHECKIN
--------------------------------------------------------

  CREATE TABLE "CHECKIN" 
   (	"C_NO" NUMBER, 
	"B_NO" VARCHAR2(20 BYTE), 
	"B_STATUS" CHAR(1 BYTE)
   ) SEGMENT CREATION IMMEDIATE 
  PCTFREE 10 PCTUSED 40 INITRANS 1 MAXTRANS 255 NOCOMPRESS LOGGING
  STORAGE(INITIAL 65536 NEXT 1048576 MINEXTENTS 1 MAXEXTENTS 2147483645
  PCTINCREASE 0 FREELISTS 1 FREELIST GROUPS 1 BUFFER_POOL DEFAULT FLASH_CACHE DEFAULT CELL_FLASH_CACHE DEFAULT)
  TABLESPACE "SYSTEM" ;

   COMMENT ON COLUMN "CHECKIN"."C_NO" IS '체크인No';
   COMMENT ON COLUMN "CHECKIN"."B_NO" IS '탑승객No';
   COMMENT ON COLUMN "CHECKIN"."B_STATUS" IS '탑승여부';
   COMMENT ON TABLE "CHECKIN"  IS '체크인';
--------------------------------------------------------
--  DDL for Table COUPON
--------------------------------------------------------

  CREATE TABLE "COUPON" 
   (	"M_ID" VARCHAR2(20 BYTE), 
	"C_NO" VARCHAR2(30 BYTE), 
	"C_NAME" VARCHAR2(30 CHAR), 
	"C_TYPE" VARCHAR2(4 CHAR), 
	"S_USINGDATE" DATE, 
	"E_USINGDATE" DATE, 
	"S_BOARDINGDATE" DATE, 
	"E_BOARDINGDATE" DATE, 
	"ROUTE" VARCHAR2(40 CHAR), 
	"DISCOUNT" NUMBER(6,0), 
	"SERVICE" VARCHAR2(20 CHAR), 
	"CHANNEL" VARCHAR2(100 BYTE), 
	"DETAIL" LONG
   ) SEGMENT CREATION IMMEDIATE 
  PCTFREE 10 PCTUSED 40 INITRANS 1 MAXTRANS 255 NOCOMPRESS LOGGING
  STORAGE(INITIAL 65536 NEXT 1048576 MINEXTENTS 1 MAXEXTENTS 2147483645
  PCTINCREASE 0 FREELISTS 1 FREELIST GROUPS 1 BUFFER_POOL DEFAULT FLASH_CACHE DEFAULT CELL_FLASH_CACHE DEFAULT)
  TABLESPACE "SYSTEM" ;

   COMMENT ON COLUMN "COUPON"."M_ID" IS '아이디';
   COMMENT ON COLUMN "COUPON"."C_NO" IS '쿠폰번호';
   COMMENT ON COLUMN "COUPON"."C_NAME" IS '쿠폰명';
   COMMENT ON COLUMN "COUPON"."C_TYPE" IS '구분';
   COMMENT ON COLUMN "COUPON"."S_USINGDATE" IS '사용 유효기간 시작일';
   COMMENT ON COLUMN "COUPON"."E_USINGDATE" IS '사용 유효기간 종료일';
   COMMENT ON COLUMN "COUPON"."S_BOARDINGDATE" IS '탑승 유효기간 시작일';
   COMMENT ON COLUMN "COUPON"."E_BOARDINGDATE" IS '탑승 유효기간 종료일';
   COMMENT ON COLUMN "COUPON"."ROUTE" IS '사용 가능 노선';
   COMMENT ON COLUMN "COUPON"."DISCOUNT" IS '할인금액';
   COMMENT ON COLUMN "COUPON"."SERVICE" IS '사용가능 서비스';
   COMMENT ON COLUMN "COUPON"."CHANNEL" IS '사용가능 채널';
   COMMENT ON COLUMN "COUPON"."DETAIL" IS '쿠폰 상세사항';
   COMMENT ON TABLE "COUPON"  IS '쿠폰';
--------------------------------------------------------
--  DDL for Table DISCOUNT
--------------------------------------------------------

  CREATE TABLE "DISCOUNT" 
   (	"D_NO" NUMBER, 
	"NAME" VARCHAR2(50 CHAR), 
	"RATE" NUMBER(3,2), 
	"TARGET" VARCHAR2(4000 BYTE), 
	"D_TYPE" VARCHAR2(4 CHAR)
   ) SEGMENT CREATION IMMEDIATE 
  PCTFREE 10 PCTUSED 40 INITRANS 1 MAXTRANS 255 NOCOMPRESS LOGGING
  STORAGE(INITIAL 65536 NEXT 1048576 MINEXTENTS 1 MAXEXTENTS 2147483645
  PCTINCREASE 0 FREELISTS 1 FREELIST GROUPS 1 BUFFER_POOL DEFAULT FLASH_CACHE DEFAULT CELL_FLASH_CACHE DEFAULT)
  TABLESPACE "SYSTEM" ;

   COMMENT ON COLUMN "DISCOUNT"."D_NO" IS '추가할인No';
   COMMENT ON COLUMN "DISCOUNT"."NAME" IS '할인명';
   COMMENT ON COLUMN "DISCOUNT"."RATE" IS '할인율';
   COMMENT ON COLUMN "DISCOUNT"."TARGET" IS '적용대상';
   COMMENT ON COLUMN "DISCOUNT"."D_TYPE" IS '운임종류';
   COMMENT ON TABLE "DISCOUNT"  IS '추가할인';
--------------------------------------------------------
--  DDL for Table DOMESTIC
--------------------------------------------------------

  CREATE TABLE "DOMESTIC" 
   (	"IF_NO" NUMBER, 
	"D_TYPE" VARCHAR2(10 CHAR), 
	"FARE" NUMBER(6,0), 
	"FUEL_SURCHARGE" NUMBER(5,0), 
	"AIRPORT_TAX" NUMBER(5,0), 
	"TOTAL" NUMBER(6,0), 
	"ROUTE" NUMBER(3,0)
   ) SEGMENT CREATION IMMEDIATE 
  PCTFREE 10 PCTUSED 40 INITRANS 1 MAXTRANS 255 NOCOMPRESS LOGGING
  STORAGE(INITIAL 65536 NEXT 1048576 MINEXTENTS 1 MAXEXTENTS 2147483645
  PCTINCREASE 0 FREELISTS 1 FREELIST GROUPS 1 BUFFER_POOL DEFAULT FLASH_CACHE DEFAULT CELL_FLASH_CACHE DEFAULT)
  TABLESPACE "SYSTEM" ;

   COMMENT ON COLUMN "DOMESTIC"."IF_NO" IS '국내선 운임 no';
   COMMENT ON COLUMN "DOMESTIC"."D_TYPE" IS '구분';
   COMMENT ON COLUMN "DOMESTIC"."FARE" IS '항공운임';
   COMMENT ON COLUMN "DOMESTIC"."FUEL_SURCHARGE" IS '유류할증료';
   COMMENT ON COLUMN "DOMESTIC"."AIRPORT_TAX" IS '공항이용료';
   COMMENT ON COLUMN "DOMESTIC"."TOTAL" IS '총액운임';
   COMMENT ON COLUMN "DOMESTIC"."ROUTE" IS '구간번호';
   COMMENT ON TABLE "DOMESTIC"  IS '국내선운임표';
--------------------------------------------------------
--  DDL for Table EVENT
--------------------------------------------------------

  CREATE TABLE "EVENT" 
   (	"E_NO" NUMBER, 
	"E_NAME" VARCHAR2(50 CHAR), 
	"SDATE" DATE, 
	"EDATE" DATE, 
	"CONTENT" LONG, 
	"PROGRESS" VARCHAR2(20 BYTE)
   ) SEGMENT CREATION IMMEDIATE 
  PCTFREE 10 PCTUSED 40 INITRANS 1 MAXTRANS 255 NOCOMPRESS LOGGING
  STORAGE(INITIAL 65536 NEXT 1048576 MINEXTENTS 1 MAXEXTENTS 2147483645
  PCTINCREASE 0 FREELISTS 1 FREELIST GROUPS 1 BUFFER_POOL DEFAULT FLASH_CACHE DEFAULT CELL_FLASH_CACHE DEFAULT)
  TABLESPACE "SYSTEM" ;

   COMMENT ON COLUMN "EVENT"."E_NO" IS '이벤트 No';
   COMMENT ON COLUMN "EVENT"."E_NAME" IS '이벤트명';
   COMMENT ON COLUMN "EVENT"."SDATE" IS '시작일';
   COMMENT ON COLUMN "EVENT"."EDATE" IS '종료일';
   COMMENT ON COLUMN "EVENT"."CONTENT" IS '내용';
   COMMENT ON COLUMN "EVENT"."PROGRESS" IS '진행여부';
   COMMENT ON TABLE "EVENT"  IS '이벤트';
--------------------------------------------------------
--  DDL for Table FAQ
--------------------------------------------------------

  CREATE TABLE "FAQ" 
   (	"F_NO" NUMBER, 
	"F_GROUP" VARCHAR2(15 CHAR), 
	"F_GROUP2" VARCHAR2(30 CHAR), 
	"TITLE" VARCHAR2(100 CHAR), 
	"CONTENT" LONG
   ) SEGMENT CREATION IMMEDIATE 
  PCTFREE 10 PCTUSED 40 INITRANS 1 MAXTRANS 255 NOCOMPRESS LOGGING
  STORAGE(INITIAL 65536 NEXT 1048576 MINEXTENTS 1 MAXEXTENTS 2147483645
  PCTINCREASE 0 FREELISTS 1 FREELIST GROUPS 1 BUFFER_POOL DEFAULT FLASH_CACHE DEFAULT CELL_FLASH_CACHE DEFAULT)
  TABLESPACE "SYSTEM" ;

   COMMENT ON COLUMN "FAQ"."F_NO" IS 'FAQ no';
   COMMENT ON COLUMN "FAQ"."F_GROUP" IS '분류';
   COMMENT ON COLUMN "FAQ"."F_GROUP2" IS '상세분류';
   COMMENT ON COLUMN "FAQ"."TITLE" IS '제목';
   COMMENT ON COLUMN "FAQ"."CONTENT" IS '내용';
   COMMENT ON TABLE "FAQ"  IS 'FAQ';
--------------------------------------------------------
--  DDL for Table FOOD
--------------------------------------------------------

  CREATE TABLE "FOOD" 
   (	"F_NO" NUMBER(2,0), 
	"KIND" VARCHAR2(30 CHAR), 
	"PRICE" NUMBER(5,0)
   ) SEGMENT CREATION IMMEDIATE 
  PCTFREE 10 PCTUSED 40 INITRANS 1 MAXTRANS 255 NOCOMPRESS LOGGING
  STORAGE(INITIAL 65536 NEXT 1048576 MINEXTENTS 1 MAXEXTENTS 2147483645
  PCTINCREASE 0 FREELISTS 1 FREELIST GROUPS 1 BUFFER_POOL DEFAULT FLASH_CACHE DEFAULT CELL_FLASH_CACHE DEFAULT)
  TABLESPACE "SYSTEM" ;

   COMMENT ON COLUMN "FOOD"."F_NO" IS '기내식No';
   COMMENT ON COLUMN "FOOD"."KIND" IS '종류';
   COMMENT ON COLUMN "FOOD"."PRICE" IS '금액';
   COMMENT ON TABLE "FOOD"  IS '기내식';
--------------------------------------------------------
--  DDL for Table INTERNATIONAL
--------------------------------------------------------

  CREATE TABLE "INTERNATIONAL" 
   (	"OF_NO" NUMBER, 
	"I_TYPE" VARCHAR2(4 CHAR), 
	"BOOKING_GRADE" CHAR(2 BYTE), 
	"FARE" NUMBER(7,0), 
	"FUEL_SURCHARGE" NUMBER(6,0), 
	"TAX" NUMBER(5,0), 
	"TOTAL" NUMBER(7,0), 
	"ROUTE" NUMBER(3,0)
   ) SEGMENT CREATION IMMEDIATE 
  PCTFREE 10 PCTUSED 40 INITRANS 1 MAXTRANS 255 NOCOMPRESS LOGGING
  STORAGE(INITIAL 65536 NEXT 1048576 MINEXTENTS 1 MAXEXTENTS 2147483645
  PCTINCREASE 0 FREELISTS 1 FREELIST GROUPS 1 BUFFER_POOL DEFAULT FLASH_CACHE DEFAULT CELL_FLASH_CACHE DEFAULT)
  TABLESPACE "SYSTEM" ;

   COMMENT ON COLUMN "INTERNATIONAL"."OF_NO" IS '국제선 운임 no';
   COMMENT ON COLUMN "INTERNATIONAL"."I_TYPE" IS '운임종류';
   COMMENT ON COLUMN "INTERNATIONAL"."BOOKING_GRADE" IS '예약등급';
   COMMENT ON COLUMN "INTERNATIONAL"."FARE" IS '항공운임';
   COMMENT ON COLUMN "INTERNATIONAL"."FUEL_SURCHARGE" IS '유류할증료';
   COMMENT ON COLUMN "INTERNATIONAL"."TAX" IS '세금';
   COMMENT ON COLUMN "INTERNATIONAL"."TOTAL" IS '총액운임';
   COMMENT ON COLUMN "INTERNATIONAL"."ROUTE" IS '구간번호';
   COMMENT ON TABLE "INTERNATIONAL"  IS '국제선운임표';
--------------------------------------------------------
--  DDL for Table LOST_MANAGEMENT
--------------------------------------------------------

  CREATE TABLE "LOST_MANAGEMENT" 
   (	"LM_NO" VARCHAR2(10 BYTE), 
	"FLIGHT_NO" VARCHAR2(6 BYTE), 
	"AIRPORT" VARCHAR2(20 CHAR), 
	"ITEM" VARCHAR2(7 CHAR), 
	"IMAGE" VARCHAR2(4000 BYTE), 
	"S_DATE" DATE
   ) SEGMENT CREATION IMMEDIATE 
  PCTFREE 10 PCTUSED 40 INITRANS 1 MAXTRANS 255 NOCOMPRESS LOGGING
  STORAGE(INITIAL 65536 NEXT 1048576 MINEXTENTS 1 MAXEXTENTS 2147483645
  PCTINCREASE 0 FREELISTS 1 FREELIST GROUPS 1 BUFFER_POOL DEFAULT FLASH_CACHE DEFAULT CELL_FLASH_CACHE DEFAULT)
  TABLESPACE "SYSTEM" ;

   COMMENT ON COLUMN "LOST_MANAGEMENT"."LM_NO" IS '관리No';
   COMMENT ON COLUMN "LOST_MANAGEMENT"."FLIGHT_NO" IS '항공편명';
   COMMENT ON COLUMN "LOST_MANAGEMENT"."AIRPORT" IS '도착지 공항';
   COMMENT ON COLUMN "LOST_MANAGEMENT"."ITEM" IS '물품유형';
   COMMENT ON COLUMN "LOST_MANAGEMENT"."IMAGE" IS '이미지';
   COMMENT ON COLUMN "LOST_MANAGEMENT"."S_DATE" IS '출발일자';
   COMMENT ON TABLE "LOST_MANAGEMENT"  IS '유실물 관리';
--------------------------------------------------------
--  DDL for Table LOST_RECIPIENT
--------------------------------------------------------

  CREATE TABLE "LOST_RECIPIENT" 
   (	"LR_NO" NUMBER, 
	"B_NO" VARCHAR2(10 BYTE), 
	"S_NO" NUMBER, 
	"RECEIVE" VARCHAR2(10 CHAR), 
	"CONTENT" LONG, 
	"IDCARD_IMAGE" VARCHAR2(4000 BYTE), 
	"LM_NO" VARCHAR2(10 BYTE), 
	"M_ID" VARCHAR2(20 BYTE)
   ) SEGMENT CREATION IMMEDIATE 
  PCTFREE 10 PCTUSED 40 INITRANS 1 MAXTRANS 255 NOCOMPRESS LOGGING
  STORAGE(INITIAL 65536 NEXT 1048576 MINEXTENTS 1 MAXEXTENTS 2147483645
  PCTINCREASE 0 FREELISTS 1 FREELIST GROUPS 1 BUFFER_POOL DEFAULT FLASH_CACHE DEFAULT CELL_FLASH_CACHE DEFAULT)
  TABLESPACE "SYSTEM" ;

   COMMENT ON COLUMN "LOST_RECIPIENT"."LR_NO" IS '수령No';
   COMMENT ON COLUMN "LOST_RECIPIENT"."B_NO" IS '예약번호';
   COMMENT ON COLUMN "LOST_RECIPIENT"."S_NO" IS '좌석 번호';
   COMMENT ON COLUMN "LOST_RECIPIENT"."RECEIVE" IS '수령 방법';
   COMMENT ON COLUMN "LOST_RECIPIENT"."CONTENT" IS '내용';
   COMMENT ON COLUMN "LOST_RECIPIENT"."IDCARD_IMAGE" IS '신분증 사진';
   COMMENT ON COLUMN "LOST_RECIPIENT"."LM_NO" IS '관리No';
   COMMENT ON COLUMN "LOST_RECIPIENT"."M_ID" IS '아이디';
   COMMENT ON TABLE "LOST_RECIPIENT"  IS '유실물 수령인';
--------------------------------------------------------
--  DDL for Table MEMBER
--------------------------------------------------------

  CREATE TABLE "MEMBER" 
   (	"M_ID" VARCHAR2(20 BYTE), 
	"M_NAME" VARCHAR2(100 CHAR), 
	"E_NAME" VARCHAR2(100 CHAR), 
	"PWD" VARCHAR2(20 BYTE), 
	"TEL" VARCHAR2(30 BYTE), 
	"BIRTH" DATE, 
	"EMAIL" VARCHAR2(100 CHAR), 
	"SEX" CHAR(1 BYTE), 
	"NATIONALITY" VARCHAR2(30 CHAR), 
	"COUNTRY" VARCHAR2(30 CHAR), 
	"ADDR" VARCHAR2(200 CHAR), 
	"JOINDATE" DATE DEFAULT SYSDATE, 
	"POINT" NUMBER(5,0) DEFAULT 0, 
	"SNS" CHAR(1 BYTE) DEFAULT 'F', 
	"SMSPUSH" CHAR(1 BYTE) DEFAULT 'F', 
	"EMAILPUSH" CHAR(1 BYTE) DEFAULT 'F'
   ) SEGMENT CREATION IMMEDIATE 
  PCTFREE 10 PCTUSED 40 INITRANS 1 MAXTRANS 255 NOCOMPRESS LOGGING
  STORAGE(INITIAL 65536 NEXT 1048576 MINEXTENTS 1 MAXEXTENTS 2147483645
  PCTINCREASE 0 FREELISTS 1 FREELIST GROUPS 1 BUFFER_POOL DEFAULT FLASH_CACHE DEFAULT CELL_FLASH_CACHE DEFAULT)
  TABLESPACE "SYSTEM" ;

   COMMENT ON COLUMN "MEMBER"."M_ID" IS '아이디';
   COMMENT ON COLUMN "MEMBER"."M_NAME" IS '이름';
   COMMENT ON COLUMN "MEMBER"."E_NAME" IS '영문 이름';
   COMMENT ON COLUMN "MEMBER"."PWD" IS '비밀번호';
   COMMENT ON COLUMN "MEMBER"."TEL" IS '연락처';
   COMMENT ON COLUMN "MEMBER"."BIRTH" IS '생년월일';
   COMMENT ON COLUMN "MEMBER"."EMAIL" IS '이메일';
   COMMENT ON COLUMN "MEMBER"."SEX" IS '성별';
   COMMENT ON COLUMN "MEMBER"."NATIONALITY" IS '국적';
   COMMENT ON COLUMN "MEMBER"."COUNTRY" IS '거주국가';
   COMMENT ON COLUMN "MEMBER"."ADDR" IS '주소';
   COMMENT ON COLUMN "MEMBER"."JOINDATE" IS '가입날짜';
   COMMENT ON COLUMN "MEMBER"."POINT" IS '포인트';
   COMMENT ON COLUMN "MEMBER"."SNS" IS 'sns계정 연동 여부';
   COMMENT ON COLUMN "MEMBER"."SMSPUSH" IS 'sms/앱푸시 동의';
   COMMENT ON COLUMN "MEMBER"."EMAILPUSH" IS '이메일 수신 동의';
   COMMENT ON TABLE "MEMBER"  IS '회원';
--------------------------------------------------------
--  DDL for Table NM_BOOK
--------------------------------------------------------

  CREATE TABLE "NM_BOOK" 
   (	"NM_NO" VARCHAR2(20 BYTE), 
	"NAME" VARCHAR2(100 CHAR), 
	"BIRTH" DATE, 
	"SEX" CHAR(1 BYTE), 
	"NATIONALITY" VARCHAR2(30 CHAR), 
	"B_NO" VARCHAR2(20 BYTE)
   ) SEGMENT CREATION IMMEDIATE 
  PCTFREE 10 PCTUSED 40 INITRANS 1 MAXTRANS 255 NOCOMPRESS LOGGING
  STORAGE(INITIAL 65536 NEXT 1048576 MINEXTENTS 1 MAXEXTENTS 2147483645
  PCTINCREASE 0 FREELISTS 1 FREELIST GROUPS 1 BUFFER_POOL DEFAULT FLASH_CACHE DEFAULT CELL_FLASH_CACHE DEFAULT)
  TABLESPACE "SYSTEM" ;

   COMMENT ON COLUMN "NM_BOOK"."NM_NO" IS '비회원예약정보No';
   COMMENT ON COLUMN "NM_BOOK"."NAME" IS '탑승객이름';
   COMMENT ON COLUMN "NM_BOOK"."BIRTH" IS '탑승객 생년월일';
   COMMENT ON COLUMN "NM_BOOK"."SEX" IS '탑승객 성별';
   COMMENT ON COLUMN "NM_BOOK"."NATIONALITY" IS '탑승객 국적';
   COMMENT ON COLUMN "NM_BOOK"."B_NO" IS '탑승객No';
   COMMENT ON TABLE "NM_BOOK"  IS '비회원 예약 정보';
--------------------------------------------------------
--  DDL for Table NOTICE
--------------------------------------------------------

  CREATE TABLE "NOTICE" 
   (	"N_NO" NUMBER, 
	"TITLE" VARCHAR2(100 BYTE), 
	"N_DATE" DATE, 
	"CONTENT" LONG
   ) SEGMENT CREATION IMMEDIATE 
  PCTFREE 10 PCTUSED 40 INITRANS 1 MAXTRANS 255 NOCOMPRESS LOGGING
  STORAGE(INITIAL 65536 NEXT 1048576 MINEXTENTS 1 MAXEXTENTS 2147483645
  PCTINCREASE 0 FREELISTS 1 FREELIST GROUPS 1 BUFFER_POOL DEFAULT FLASH_CACHE DEFAULT CELL_FLASH_CACHE DEFAULT)
  TABLESPACE "SYSTEM" ;

   COMMENT ON COLUMN "NOTICE"."N_NO" IS '공지No';
   COMMENT ON COLUMN "NOTICE"."TITLE" IS '제목';
   COMMENT ON COLUMN "NOTICE"."N_DATE" IS '등록일';
   COMMENT ON COLUMN "NOTICE"."CONTENT" IS '내용';
   COMMENT ON TABLE "NOTICE"  IS '공지사항';
--------------------------------------------------------
--  DDL for Table PAYMENT
--------------------------------------------------------

  CREATE TABLE "PAYMENT" 
   (	"P_NO" NUMBER, 
	"B_NO" VARCHAR2(10 BYTE), 
	"USING_COUPON" VARCHAR2(50 BYTE), 
	"P_DATE" DATE, 
	"TOTAL" NUMBER(8,0), 
	"METHOD" VARCHAR2(10 CHAR)
   ) SEGMENT CREATION IMMEDIATE 
  PCTFREE 10 PCTUSED 40 INITRANS 1 MAXTRANS 255 NOCOMPRESS LOGGING
  STORAGE(INITIAL 65536 NEXT 1048576 MINEXTENTS 1 MAXEXTENTS 2147483645
  PCTINCREASE 0 FREELISTS 1 FREELIST GROUPS 1 BUFFER_POOL DEFAULT FLASH_CACHE DEFAULT CELL_FLASH_CACHE DEFAULT)
  TABLESPACE "SYSTEM" ;

   COMMENT ON COLUMN "PAYMENT"."P_NO" IS '승인번호';
   COMMENT ON COLUMN "PAYMENT"."B_NO" IS '예약No';
   COMMENT ON COLUMN "PAYMENT"."USING_COUPON" IS '사용쿠폰';
   COMMENT ON COLUMN "PAYMENT"."P_DATE" IS '결제일';
   COMMENT ON COLUMN "PAYMENT"."TOTAL" IS '총 가격';
   COMMENT ON COLUMN "PAYMENT"."METHOD" IS '결제수단';
   COMMENT ON TABLE "PAYMENT"  IS '결제';
--------------------------------------------------------
--  DDL for Table PENALTY
--------------------------------------------------------

  CREATE TABLE "PENALTY" 
   (	"P_NO" NUMBER, 
	"COUNTRY" VARCHAR2(50 CHAR), 
	"PERIOD" NUMBER(2,0), 
	"PRICE" NUMBER(6,0), 
	"P_TYPE" VARCHAR2(10 CHAR), 
	"SORT" VARCHAR2(10 CHAR)
   ) SEGMENT CREATION IMMEDIATE 
  PCTFREE 10 PCTUSED 40 INITRANS 1 MAXTRANS 255 NOCOMPRESS LOGGING
  STORAGE(INITIAL 65536 NEXT 1048576 MINEXTENTS 1 MAXEXTENTS 2147483645
  PCTINCREASE 0 FREELISTS 1 FREELIST GROUPS 1 BUFFER_POOL DEFAULT FLASH_CACHE DEFAULT CELL_FLASH_CACHE DEFAULT)
  TABLESPACE "SYSTEM" ;

   COMMENT ON COLUMN "PENALTY"."P_NO" IS '위약금/수수료No';
   COMMENT ON COLUMN "PENALTY"."COUNTRY" IS '지역';
   COMMENT ON COLUMN "PENALTY"."PERIOD" IS '기간';
   COMMENT ON COLUMN "PENALTY"."PRICE" IS '금액';
   COMMENT ON COLUMN "PENALTY"."P_TYPE" IS '운임종류';
   COMMENT ON COLUMN "PENALTY"."SORT" IS '구분(변경/환불)';
   COMMENT ON TABLE "PENALTY"  IS '위약금/취소수수료';
--------------------------------------------------------
--  DDL for Table PET
--------------------------------------------------------

  CREATE TABLE "PET" 
   (	"P_NO" NUMBER, 
	"B_NO" VARCHAR2(20 BYTE)
   ) SEGMENT CREATION IMMEDIATE 
  PCTFREE 10 PCTUSED 40 INITRANS 1 MAXTRANS 255 NOCOMPRESS LOGGING
  STORAGE(INITIAL 65536 NEXT 1048576 MINEXTENTS 1 MAXEXTENTS 2147483645
  PCTINCREASE 0 FREELISTS 1 FREELIST GROUPS 1 BUFFER_POOL DEFAULT FLASH_CACHE DEFAULT CELL_FLASH_CACHE DEFAULT)
  TABLESPACE "SYSTEM" ;

   COMMENT ON COLUMN "PET"."P_NO" IS '반려동물No';
   COMMENT ON COLUMN "PET"."B_NO" IS '탑승객No';
   COMMENT ON TABLE "PET"  IS '반려동물';
--------------------------------------------------------
--  DDL for Table POINT
--------------------------------------------------------

  CREATE TABLE "POINT" 
   (	"P_NO" NUMBER, 
	"M_ID" VARCHAR2(20 BYTE), 
	"P_TYPE" VARCHAR2(4 CHAR), 
	"P_DATE" DATE, 
	"DETAIL" VARCHAR2(40 CHAR), 
	"SP_NO" NUMBER, 
	"UP_NO" NUMBER
   ) SEGMENT CREATION IMMEDIATE 
  PCTFREE 10 PCTUSED 40 INITRANS 1 MAXTRANS 255 NOCOMPRESS LOGGING
  STORAGE(INITIAL 65536 NEXT 1048576 MINEXTENTS 1 MAXEXTENTS 2147483645
  PCTINCREASE 0 FREELISTS 1 FREELIST GROUPS 1 BUFFER_POOL DEFAULT FLASH_CACHE DEFAULT CELL_FLASH_CACHE DEFAULT)
  TABLESPACE "SYSTEM" ;

   COMMENT ON COLUMN "POINT"."P_NO" IS '포인트no';
   COMMENT ON COLUMN "POINT"."M_ID" IS '아이디';
   COMMENT ON COLUMN "POINT"."P_TYPE" IS '구분';
   COMMENT ON COLUMN "POINT"."P_DATE" IS '일자';
   COMMENT ON COLUMN "POINT"."DETAIL" IS '내역';
   COMMENT ON COLUMN "POINT"."SP_NO" IS '적립No';
   COMMENT ON COLUMN "POINT"."UP_NO" IS '포인트 사용no';
   COMMENT ON TABLE "POINT"  IS '포인트 전체목록';
--------------------------------------------------------
--  DDL for Table POINT_LIST
--------------------------------------------------------

  CREATE TABLE "POINT_LIST" 
   (	"PL_NO" NUMBER, 
	"COUNTRY" VARCHAR2(20 CHAR), 
	"ROUTE" NUMBER(3,0), 
	"PL_POINT" NUMBER(3,0)
   ) SEGMENT CREATION IMMEDIATE 
  PCTFREE 10 PCTUSED 40 INITRANS 1 MAXTRANS 255 NOCOMPRESS LOGGING
  STORAGE(INITIAL 65536 NEXT 1048576 MINEXTENTS 1 MAXEXTENTS 2147483645
  PCTINCREASE 0 FREELISTS 1 FREELIST GROUPS 1 BUFFER_POOL DEFAULT FLASH_CACHE DEFAULT CELL_FLASH_CACHE DEFAULT)
  TABLESPACE "SYSTEM" ;

   COMMENT ON COLUMN "POINT_LIST"."PL_NO" IS '적립포인트 no';
   COMMENT ON COLUMN "POINT_LIST"."COUNTRY" IS '지역';
   COMMENT ON COLUMN "POINT_LIST"."ROUTE" IS '구간번호';
   COMMENT ON COLUMN "POINT_LIST"."PL_POINT" IS '적립포인트';
   COMMENT ON TABLE "POINT_LIST"  IS '적립 포인트';
--------------------------------------------------------
--  DDL for Table PRIZE_EVENT
--------------------------------------------------------

  CREATE TABLE "PRIZE_EVENT" 
   (	"PE_NO" NUMBER, 
	"IDS" VARCHAR2(4000 BYTE), 
	"GIFT" VARCHAR2(4000 BYTE), 
	"E_NO" NUMBER
   ) SEGMENT CREATION IMMEDIATE 
  PCTFREE 10 PCTUSED 40 INITRANS 1 MAXTRANS 255 NOCOMPRESS LOGGING
  STORAGE(INITIAL 65536 NEXT 1048576 MINEXTENTS 1 MAXEXTENTS 2147483645
  PCTINCREASE 0 FREELISTS 1 FREELIST GROUPS 1 BUFFER_POOL DEFAULT FLASH_CACHE DEFAULT CELL_FLASH_CACHE DEFAULT)
  TABLESPACE "SYSTEM" ;

   COMMENT ON COLUMN "PRIZE_EVENT"."PE_NO" IS '당첨No';
   COMMENT ON COLUMN "PRIZE_EVENT"."IDS" IS '당첨자 id';
   COMMENT ON COLUMN "PRIZE_EVENT"."GIFT" IS '경품';
   COMMENT ON COLUMN "PRIZE_EVENT"."E_NO" IS '이벤트 No';
   COMMENT ON TABLE "PRIZE_EVENT"  IS '이벤트 당첨';
--------------------------------------------------------
--  DDL for Table QNA
--------------------------------------------------------

  CREATE TABLE "QNA" 
   (	"Q_NO" NUMBER, 
	"B_NO" VARCHAR2(10 BYTE), 
	"S_DAY" DATE, 
	"DEPARTURE" VARCHAR2(20 CHAR), 
	"ARRIVAL" VARCHAR2(20 CHAR), 
	"Q_TYPE" VARCHAR2(5 CHAR), 
	"CLASSIFICATION" VARCHAR2(20 CHAR), 
	"TITLE" VARCHAR2(50 CHAR), 
	"ANSWER" CHAR(1 BYTE), 
	"Q_FILE" VARCHAR2(4000 BYTE), 
	"DESCRIPTION" LONG, 
	"R_DATE" DATE, 
	"REPLYDATE" DATE, 
	"M_ID" VARCHAR2(20 BYTE)
   ) SEGMENT CREATION IMMEDIATE 
  PCTFREE 10 PCTUSED 40 INITRANS 1 MAXTRANS 255 NOCOMPRESS LOGGING
  STORAGE(INITIAL 65536 NEXT 1048576 MINEXTENTS 1 MAXEXTENTS 2147483645
  PCTINCREASE 0 FREELISTS 1 FREELIST GROUPS 1 BUFFER_POOL DEFAULT FLASH_CACHE DEFAULT CELL_FLASH_CACHE DEFAULT)
  TABLESPACE "SYSTEM" ;

   COMMENT ON COLUMN "QNA"."Q_NO" IS 'QnA no';
   COMMENT ON COLUMN "QNA"."B_NO" IS '예약No';
   COMMENT ON COLUMN "QNA"."S_DAY" IS '출발일';
   COMMENT ON COLUMN "QNA"."DEPARTURE" IS '출발지';
   COMMENT ON COLUMN "QNA"."ARRIVAL" IS '도착지';
   COMMENT ON COLUMN "QNA"."Q_TYPE" IS '질문유형';
   COMMENT ON COLUMN "QNA"."CLASSIFICATION" IS '질문구분';
   COMMENT ON COLUMN "QNA"."TITLE" IS '제목';
   COMMENT ON COLUMN "QNA"."ANSWER" IS '답변여부';
   COMMENT ON COLUMN "QNA"."Q_FILE" IS '파일첨부';
   COMMENT ON COLUMN "QNA"."DESCRIPTION" IS '내용';
   COMMENT ON COLUMN "QNA"."R_DATE" IS '등록일';
   COMMENT ON COLUMN "QNA"."REPLYDATE" IS '답변일';
   COMMENT ON COLUMN "QNA"."M_ID" IS '아이디';
   COMMENT ON TABLE "QNA"  IS 'QnA';
--------------------------------------------------------
--  DDL for Table RESERVED_SEAT
--------------------------------------------------------

  CREATE TABLE "RESERVED_SEAT" 
   (	"RS_NO" NUMBER, 
	"S_NO" NUMBER, 
	"B_NO" VARCHAR2(20 BYTE), 
	"S_NO2" NUMBER(5,0)
   ) SEGMENT CREATION IMMEDIATE 
  PCTFREE 10 PCTUSED 40 INITRANS 1 MAXTRANS 255 NOCOMPRESS LOGGING
  STORAGE(INITIAL 65536 NEXT 1048576 MINEXTENTS 1 MAXEXTENTS 2147483645
  PCTINCREASE 0 FREELISTS 1 FREELIST GROUPS 1 BUFFER_POOL DEFAULT FLASH_CACHE DEFAULT CELL_FLASH_CACHE DEFAULT)
  TABLESPACE "SYSTEM" ;

   COMMENT ON COLUMN "RESERVED_SEAT"."RS_NO" IS '예약좌석No';
   COMMENT ON COLUMN "RESERVED_SEAT"."S_NO" IS '좌석고유NO';
   COMMENT ON COLUMN "RESERVED_SEAT"."B_NO" IS '탑승객No';
   COMMENT ON COLUMN "RESERVED_SEAT"."S_NO2" IS '운항정보no';
   COMMENT ON TABLE "RESERVED_SEAT"  IS '예약좌석';
--------------------------------------------------------
--  DDL for Table ROUTE
--------------------------------------------------------

  CREATE TABLE "ROUTE" 
   (	"ROUTE" NUMBER(3,0), 
	"RNAME" VARCHAR2(30 CHAR)
   ) SEGMENT CREATION IMMEDIATE 
  PCTFREE 10 PCTUSED 40 INITRANS 1 MAXTRANS 255 NOCOMPRESS LOGGING
  STORAGE(INITIAL 65536 NEXT 1048576 MINEXTENTS 1 MAXEXTENTS 2147483645
  PCTINCREASE 0 FREELISTS 1 FREELIST GROUPS 1 BUFFER_POOL DEFAULT FLASH_CACHE DEFAULT CELL_FLASH_CACHE DEFAULT)
  TABLESPACE "SYSTEM" ;

   COMMENT ON COLUMN "ROUTE"."ROUTE" IS '구간번호';
   COMMENT ON COLUMN "ROUTE"."RNAME" IS '구간명';
   COMMENT ON TABLE "ROUTE"  IS '구간리스트';
--------------------------------------------------------
--  DDL for Table SAVING_POINT
--------------------------------------------------------

  CREATE TABLE "SAVING_POINT" 
   (	"SP_NO" NUMBER, 
	"PL_NO" NUMBER, 
	"VALIDITY" DATE, 
	"C_NO" NUMBER
   ) SEGMENT CREATION IMMEDIATE 
  PCTFREE 10 PCTUSED 40 INITRANS 1 MAXTRANS 255 NOCOMPRESS LOGGING
  STORAGE(INITIAL 65536 NEXT 1048576 MINEXTENTS 1 MAXEXTENTS 2147483645
  PCTINCREASE 0 FREELISTS 1 FREELIST GROUPS 1 BUFFER_POOL DEFAULT FLASH_CACHE DEFAULT CELL_FLASH_CACHE DEFAULT)
  TABLESPACE "SYSTEM" ;

   COMMENT ON COLUMN "SAVING_POINT"."SP_NO" IS '적립No';
   COMMENT ON COLUMN "SAVING_POINT"."PL_NO" IS '적립포인트 no';
   COMMENT ON COLUMN "SAVING_POINT"."VALIDITY" IS '유효기간';
   COMMENT ON COLUMN "SAVING_POINT"."C_NO" IS '체크인No';
   COMMENT ON TABLE "SAVING_POINT"  IS '포인트 적립';
--------------------------------------------------------
--  DDL for Table SCHEDULE
--------------------------------------------------------

  CREATE TABLE "SCHEDULE" 
   (	"S_NO" NUMBER(5,0), 
	"STIME" DATE, 
	"ETIME" NUMBER(3,0), 
	"FLIGHT_NO" VARCHAR2(6 BYTE)
   ) SEGMENT CREATION IMMEDIATE 
  PCTFREE 10 PCTUSED 40 INITRANS 1 MAXTRANS 255 NOCOMPRESS LOGGING
  STORAGE(INITIAL 65536 NEXT 1048576 MINEXTENTS 1 MAXEXTENTS 2147483645
  PCTINCREASE 0 FREELISTS 1 FREELIST GROUPS 1 BUFFER_POOL DEFAULT FLASH_CACHE DEFAULT CELL_FLASH_CACHE DEFAULT)
  TABLESPACE "SYSTEM" ;

   COMMENT ON COLUMN "SCHEDULE"."S_NO" IS '운항정보no';
   COMMENT ON COLUMN "SCHEDULE"."STIME" IS '출발시간';
   COMMENT ON COLUMN "SCHEDULE"."ETIME" IS '비행시간';
   COMMENT ON COLUMN "SCHEDULE"."FLIGHT_NO" IS '비행편명';
   COMMENT ON TABLE "SCHEDULE"  IS '운항정보';
--------------------------------------------------------
--  DDL for Table SEAT
--------------------------------------------------------

  CREATE TABLE "SEAT" 
   (	"S_NO" NUMBER, 
	"MODEL" VARCHAR2(10 CHAR), 
	"S_COLUMN" CHAR(1 BYTE), 
	"S_ROW" NUMBER(3,0), 
	"GRADE" VARCHAR2(12 CHAR)
   ) SEGMENT CREATION IMMEDIATE 
  PCTFREE 10 PCTUSED 40 INITRANS 1 MAXTRANS 255 NOCOMPRESS LOGGING
  STORAGE(INITIAL 65536 NEXT 1048576 MINEXTENTS 1 MAXEXTENTS 2147483645
  PCTINCREASE 0 FREELISTS 1 FREELIST GROUPS 1 BUFFER_POOL DEFAULT FLASH_CACHE DEFAULT CELL_FLASH_CACHE DEFAULT)
  TABLESPACE "SYSTEM" ;

   COMMENT ON COLUMN "SEAT"."S_NO" IS '좌석고유NO';
   COMMENT ON COLUMN "SEAT"."MODEL" IS '비행기모델';
   COMMENT ON COLUMN "SEAT"."S_COLUMN" IS '행';
   COMMENT ON COLUMN "SEAT"."S_ROW" IS '열';
   COMMENT ON COLUMN "SEAT"."GRADE" IS '좌석등급';
   COMMENT ON TABLE "SEAT"  IS '좌석';
--------------------------------------------------------
--  DDL for Table SEAT_TABLE
--------------------------------------------------------

  CREATE TABLE "SEAT_TABLE" 
   (	"ST_NO" NUMBER(2,0), 
	"NAME" VARCHAR2(30 CHAR), 
	"PRICE" NUMBER(6,0), 
	"CHANNEL" VARCHAR2(20 CHAR), 
	"COUNTRY" VARCHAR2(20 CHAR)
   ) SEGMENT CREATION IMMEDIATE 
  PCTFREE 10 PCTUSED 40 INITRANS 1 MAXTRANS 255 NOCOMPRESS LOGGING
  STORAGE(INITIAL 65536 NEXT 1048576 MINEXTENTS 1 MAXEXTENTS 2147483645
  PCTINCREASE 0 FREELISTS 1 FREELIST GROUPS 1 BUFFER_POOL DEFAULT FLASH_CACHE DEFAULT CELL_FLASH_CACHE DEFAULT)
  TABLESPACE "SYSTEM" ;

   COMMENT ON COLUMN "SEAT_TABLE"."ST_NO" IS '사전좌석지정No';
   COMMENT ON COLUMN "SEAT_TABLE"."NAME" IS '좌석명';
   COMMENT ON COLUMN "SEAT_TABLE"."PRICE" IS '금액';
   COMMENT ON COLUMN "SEAT_TABLE"."CHANNEL" IS '채널';
   COMMENT ON COLUMN "SEAT_TABLE"."COUNTRY" IS '지역';
   COMMENT ON TABLE "SEAT_TABLE"  IS '사전좌석지정';
--------------------------------------------------------
--  DDL for Table SECTION
--------------------------------------------------------

  CREATE TABLE "SECTION" 
   (	"FLIGHT_NO" VARCHAR2(6 BYTE), 
	"DEPARTURE" VARCHAR2(20 CHAR), 
	"ARRIVAL" VARCHAR2(20 CHAR), 
	"ROUTE" NUMBER(3,0), 
	"MODEL" VARCHAR2(10 CHAR)
   ) SEGMENT CREATION IMMEDIATE 
  PCTFREE 10 PCTUSED 40 INITRANS 1 MAXTRANS 255 NOCOMPRESS LOGGING
  STORAGE(INITIAL 65536 NEXT 1048576 MINEXTENTS 1 MAXEXTENTS 2147483645
  PCTINCREASE 0 FREELISTS 1 FREELIST GROUPS 1 BUFFER_POOL DEFAULT FLASH_CACHE DEFAULT CELL_FLASH_CACHE DEFAULT)
  TABLESPACE "SYSTEM" ;

   COMMENT ON COLUMN "SECTION"."FLIGHT_NO" IS '비행편명';
   COMMENT ON COLUMN "SECTION"."DEPARTURE" IS '출발지';
   COMMENT ON COLUMN "SECTION"."ARRIVAL" IS '도착지';
   COMMENT ON COLUMN "SECTION"."ROUTE" IS '구간번호';
   COMMENT ON COLUMN "SECTION"."MODEL" IS '비행기모델';
   COMMENT ON TABLE "SECTION"  IS '구간정보';
--------------------------------------------------------
--  DDL for Table SERVICE
--------------------------------------------------------

  CREATE TABLE "SERVICE" 
   (	"S_NO" NUMBER, 
	"B_NO" VARCHAR2(20 BYTE), 
	"ST_NO" NUMBER(2,0), 
	"EB_NO" NUMBER(2,0), 
	"WEIGHT" NUMBER(1,0), 
	"F_NO" NUMBER(2,0)
   ) SEGMENT CREATION IMMEDIATE 
  PCTFREE 10 PCTUSED 40 INITRANS 1 MAXTRANS 255 NOCOMPRESS LOGGING
  STORAGE(INITIAL 65536 NEXT 1048576 MINEXTENTS 1 MAXEXTENTS 2147483645
  PCTINCREASE 0 FREELISTS 1 FREELIST GROUPS 1 BUFFER_POOL DEFAULT FLASH_CACHE DEFAULT CELL_FLASH_CACHE DEFAULT)
  TABLESPACE "SYSTEM" ;

   COMMENT ON COLUMN "SERVICE"."S_NO" IS '부가서비스No';
   COMMENT ON COLUMN "SERVICE"."B_NO" IS '탑승객No';
   COMMENT ON COLUMN "SERVICE"."ST_NO" IS '사전좌석지정No';
   COMMENT ON COLUMN "SERVICE"."EB_NO" IS '추가수화물No';
   COMMENT ON COLUMN "SERVICE"."WEIGHT" IS '무게';
   COMMENT ON COLUMN "SERVICE"."F_NO" IS '기내식No';
   COMMENT ON TABLE "SERVICE"  IS '부가서비스';
--------------------------------------------------------
--  DDL for Table SNSLINK
--------------------------------------------------------

  CREATE TABLE "SNSLINK" 
   (	"NO" NUMBER, 
	"M_ID" VARCHAR2(20 BYTE), 
	"SNSID" VARCHAR2(50 BYTE), 
	"SNSPWD" VARCHAR2(50 BYTE), 
	"SNS" VARCHAR2(10 CHAR)
   ) SEGMENT CREATION IMMEDIATE 
  PCTFREE 10 PCTUSED 40 INITRANS 1 MAXTRANS 255 NOCOMPRESS LOGGING
  STORAGE(INITIAL 65536 NEXT 1048576 MINEXTENTS 1 MAXEXTENTS 2147483645
  PCTINCREASE 0 FREELISTS 1 FREELIST GROUPS 1 BUFFER_POOL DEFAULT FLASH_CACHE DEFAULT CELL_FLASH_CACHE DEFAULT)
  TABLESPACE "SYSTEM" ;

   COMMENT ON COLUMN "SNSLINK"."NO" IS '연동여부no';
   COMMENT ON COLUMN "SNSLINK"."M_ID" IS '아이디';
   COMMENT ON COLUMN "SNSLINK"."SNSID" IS 'sns/제휴 id';
   COMMENT ON COLUMN "SNSLINK"."SNSPWD" IS '비밀번호';
   COMMENT ON COLUMN "SNSLINK"."SNS" IS 'sns/제휴 종류';
   COMMENT ON TABLE "SNSLINK"  IS '연동여부';
--------------------------------------------------------
--  DDL for Table USING_POINT
--------------------------------------------------------

  CREATE TABLE "USING_POINT" 
   (	"UP_NO" NUMBER, 
	"UP_POINT" NUMBER(3,0), 
	"USINGDATE" DATE, 
	"BP_NO" NUMBER
   ) SEGMENT CREATION IMMEDIATE 
  PCTFREE 10 PCTUSED 40 INITRANS 1 MAXTRANS 255 NOCOMPRESS LOGGING
  STORAGE(INITIAL 65536 NEXT 1048576 MINEXTENTS 1 MAXEXTENTS 2147483645
  PCTINCREASE 0 FREELISTS 1 FREELIST GROUPS 1 BUFFER_POOL DEFAULT FLASH_CACHE DEFAULT CELL_FLASH_CACHE DEFAULT)
  TABLESPACE "SYSTEM" ;

   COMMENT ON COLUMN "USING_POINT"."UP_NO" IS '포인트 사용no';
   COMMENT ON COLUMN "USING_POINT"."UP_POINT" IS '차감포인트';
   COMMENT ON COLUMN "USING_POINT"."USINGDATE" IS '발권일';
   COMMENT ON COLUMN "USING_POINT"."BP_NO" IS '포인트 기준No';
   COMMENT ON TABLE "USING_POINT"  IS '포인트 사용';
--------------------------------------------------------
--  DDL for Table WHEELCHAIR
--------------------------------------------------------

  CREATE TABLE "WHEELCHAIR" 
   (	"W_NO" NUMBER, 
	"B_NO" VARCHAR2(20 BYTE)
   ) SEGMENT CREATION IMMEDIATE 
  PCTFREE 10 PCTUSED 40 INITRANS 1 MAXTRANS 255 NOCOMPRESS LOGGING
  STORAGE(INITIAL 65536 NEXT 1048576 MINEXTENTS 1 MAXEXTENTS 2147483645
  PCTINCREASE 0 FREELISTS 1 FREELIST GROUPS 1 BUFFER_POOL DEFAULT FLASH_CACHE DEFAULT CELL_FLASH_CACHE DEFAULT)
  TABLESPACE "SYSTEM" ;

   COMMENT ON COLUMN "WHEELCHAIR"."W_NO" IS '휠체어No';
   COMMENT ON COLUMN "WHEELCHAIR"."B_NO" IS '탑승객No';
   COMMENT ON TABLE "WHEELCHAIR"  IS '휠체어';
REM INSERTING into ADMIN
SET DEFINE OFF;
Insert into ADMIN (A_ID,PWD,A_NAME) values ('LEE','1234','이학준');
Insert into ADMIN (A_ID,PWD,A_NAME) values ('JO','1234','조영빈');
Insert into ADMIN (A_ID,PWD,A_NAME) values ('KIM','1234','김도희');
Insert into ADMIN (A_ID,PWD,A_NAME) values ('KWON','1234','권재희');
Insert into ADMIN (A_ID,PWD,A_NAME) values ('YUN','1234','윤진한');
Insert into ADMIN (A_ID,PWD,A_NAME) values ('YANG','1234','양시영');
Insert into ADMIN (A_ID,PWD,A_NAME) values ('JUNG','1234','정수민');
Insert into ADMIN (A_ID,PWD,A_NAME) values ('admin','1234','관리자');
REM INSERTING into BAGGAGE
SET DEFINE OFF;
Insert into BAGGAGE (EB_NO,TYPE,COUNTRY,BASE,DETAIL,PRICE) values (1,'초과 수하물 요금','국내선','1 KG ',null,2000);
Insert into BAGGAGE (EB_NO,TYPE,COUNTRY,BASE,DETAIL,PRICE) values (2,'초과 수하물 요금','일본/중국본토','1 KG ',null,10000);
Insert into BAGGAGE (EB_NO,TYPE,COUNTRY,BASE,DETAIL,PRICE) values (3,'초과 수하물 요금','홍콩/마카오/대만 ','1 KG ',null,14000);
Insert into BAGGAGE (EB_NO,TYPE,COUNTRY,BASE,DETAIL,PRICE) values (4,'초과 수하물 요금','동남아','1 KG ',null,15000);
Insert into BAGGAGE (EB_NO,TYPE,COUNTRY,BASE,DETAIL,PRICE) values (5,'초과 수하물 요금','대양주','1 PC ','개수초과',50000);
Insert into BAGGAGE (EB_NO,TYPE,COUNTRY,BASE,DETAIL,PRICE) values (6,'초과 수하물 요금','대양주','1 PC ','무게초과',50000);
Insert into BAGGAGE (EB_NO,TYPE,COUNTRY,BASE,DETAIL,PRICE) values (7,'초과 수하물 요금','호주','1 PC ','개수초과',100000);
Insert into BAGGAGE (EB_NO,TYPE,COUNTRY,BASE,DETAIL,PRICE) values (8,'초과 수하물 요금','호주','1 PC ','무게초과',75000);
Insert into BAGGAGE (EB_NO,TYPE,COUNTRY,BASE,DETAIL,PRICE) values (9,'초과 수하물 요금','미주','1 PC ','개수초과',150000);
Insert into BAGGAGE (EB_NO,TYPE,COUNTRY,BASE,DETAIL,PRICE) values (10,'초과 수하물 요금','미주','1 PC ','무게초과',75000);
Insert into BAGGAGE (EB_NO,TYPE,COUNTRY,BASE,DETAIL,PRICE) values (11,'연결 구간 초과 수하물 요금 (공항)','일본 ↔ 중국본토/홍콩/마카오/대만 ','1 KG ',null,15000);
Insert into BAGGAGE (EB_NO,TYPE,COUNTRY,BASE,DETAIL,PRICE) values (12,'연결 구간 초과 수하물 요금 (공항)','일본 ↔ 동남아','1 KG ',null,20000);
Insert into BAGGAGE (EB_NO,TYPE,COUNTRY,BASE,DETAIL,PRICE) values (13,'연결 구간 초과 수하물 요금 (공항)','일본/중국본토/홍콩/마카오/대만/동남아 ↔ 대양주 ','1 PC ','개수초과',50000);
Insert into BAGGAGE (EB_NO,TYPE,COUNTRY,BASE,DETAIL,PRICE) values (14,'연결 구간 초과 수하물 요금 (공항)','일본/중국본토/홍콩/마카오/대만/동남아 ↔ 대양주 ','1 PC ','무게초과',50000);
Insert into BAGGAGE (EB_NO,TYPE,COUNTRY,BASE,DETAIL,PRICE) values (15,'연결 구간 초과 수하물 요금 (공항)','일본/중국본토/홍콩/마카오/대만/동남아 ↔ 호주 ','1 PC ','개수초과',100000);
Insert into BAGGAGE (EB_NO,TYPE,COUNTRY,BASE,DETAIL,PRICE) values (16,'연결 구간 초과 수하물 요금 (공항)','일본/중국본토/홍콩/마카오/대만/동남아 ↔ 호주 ','1 PC ','무게초과',75000);
Insert into BAGGAGE (EB_NO,TYPE,COUNTRY,BASE,DETAIL,PRICE) values (17,'연결 구간 초과 수하물 요금 (공항)','일본/중국본토/홍콩/마카오/대만/동남아 ↔ 미주 ','1 PC ','개수초과',150000);
Insert into BAGGAGE (EB_NO,TYPE,COUNTRY,BASE,DETAIL,PRICE) values (18,'연결 구간 초과 수하물 요금 (공항)','일본/중국본토/홍콩/마카오/대만/동남아 ↔ 미주 ','1 PC ','무게초과',75000);
Insert into BAGGAGE (EB_NO,TYPE,COUNTRY,BASE,DETAIL,PRICE) values (19,'사전 구매 수하물 할인 요금(온라인/고객서비스센터)','국내선','5 KG ',null,8000);
Insert into BAGGAGE (EB_NO,TYPE,COUNTRY,BASE,DETAIL,PRICE) values (20,'사전 구매 수하물 할인 요금(온라인/고객서비스센터)','일본/중국본토 ','5 KG ',null,35000);
Insert into BAGGAGE (EB_NO,TYPE,COUNTRY,BASE,DETAIL,PRICE) values (21,'사전 구매 수하물 할인 요금(온라인/고객서비스센터)','홍콩/마카오/대만 ','5 KG ',null,45000);
Insert into BAGGAGE (EB_NO,TYPE,COUNTRY,BASE,DETAIL,PRICE) values (22,'사전 구매 수하물 할인 요금(온라인/고객서비스센터)','동남아','5 KG ',null,50000);
Insert into BAGGAGE (EB_NO,TYPE,COUNTRY,BASE,DETAIL,PRICE) values (23,'사전 구매 수하물 할인 요금(온라인/고객서비스센터)','대양주 ','1 PC',null,40000);
Insert into BAGGAGE (EB_NO,TYPE,COUNTRY,BASE,DETAIL,PRICE) values (24,'사전 구매 수하물 할인 요금(온라인/고객서비스센터)','호주 ','1 PC',null,80000);
Insert into BAGGAGE (EB_NO,TYPE,COUNTRY,BASE,DETAIL,PRICE) values (25,'사전 구매 수하물 할인 요금(온라인/고객서비스센터)','미주 ','1 PC',null,120000);
Insert into BAGGAGE (EB_NO,TYPE,COUNTRY,BASE,DETAIL,PRICE) values (26,'연결 구간 사전 구매 수하물 요금(온라인/고객서비스센터)','일본 ↔ 중국본토/홍콩/마카오/대만 ','5 KG ',null,50000);
Insert into BAGGAGE (EB_NO,TYPE,COUNTRY,BASE,DETAIL,PRICE) values (27,'연결 구간 사전 구매 수하물 요금(온라인/고객서비스센터)','일본 ↔ 동남아 ','5 KG ',null,60000);
Insert into BAGGAGE (EB_NO,TYPE,COUNTRY,BASE,DETAIL,PRICE) values (28,'연결 구간 사전 구매 수하물 요금(온라인/고객서비스센터)','일본/중국본토/홍콩/마카오/대만 ↔ 대양주 ','1 PC',null,40000);
Insert into BAGGAGE (EB_NO,TYPE,COUNTRY,BASE,DETAIL,PRICE) values (29,'연결 구간 사전 구매 수하물 요금(온라인/고객서비스센터)','일본/중국본토/홍콩/마카오/대만 ↔ 호주 ','1 PC',null,80000);
Insert into BAGGAGE (EB_NO,TYPE,COUNTRY,BASE,DETAIL,PRICE) values (30,'연결 구간 사전 구매 수하물 요금(온라인/고객서비스센터)','일본/중국본토/홍콩/마카오/대만 ↔ 미주 ','1 PC',null,120000);
REM INSERTING into BASE_POINT
SET DEFINE OFF;
Insert into BASE_POINT (BP_NO,ROUTE,BP_TYPE,S_DAY,USE_POINT) values (1,43,'편도','월화수목',100);
Insert into BASE_POINT (BP_NO,ROUTE,BP_TYPE,S_DAY,USE_POINT) values (2,43,'왕복','월화수목',200);
Insert into BASE_POINT (BP_NO,ROUTE,BP_TYPE,S_DAY,USE_POINT) values (3,43,'편도','금토일',150);
Insert into BASE_POINT (BP_NO,ROUTE,BP_TYPE,S_DAY,USE_POINT) values (4,43,'왕복','금토일',300);
REM INSERTING into BOARDER
SET DEFINE OFF;
Insert into BOARDER (B_NO2,B_NO,M_ID,PRICE,D_NO) values ('A12BY1-1','1','lettuce765',45000,null);
Insert into BOARDER (B_NO2,B_NO,M_ID,PRICE,D_NO) values ('A12BY1-1','2',null,44400,null);
Insert into BOARDER (B_NO2,B_NO,M_ID,PRICE,D_NO) values ('A12BY2-1','3','celery8668',90900,null);
Insert into BOARDER (B_NO2,B_NO,M_ID,PRICE,D_NO) values ('A12BY2-1','4',null,90900,null);
Insert into BOARDER (B_NO2,B_NO,M_ID,PRICE,D_NO) values ('A12BY2-1','5',null,90000,null);
Insert into BOARDER (B_NO2,B_NO,M_ID,PRICE,D_NO) values ('A12BY2-2','6','garlic231',48900,null);
Insert into BOARDER (B_NO2,B_NO,M_ID,PRICE,D_NO) values ('A12BY2-2','7',null,48900,null);
Insert into BOARDER (B_NO2,B_NO,M_ID,PRICE,D_NO) values ('A12BY2-2','8',null,48900,null);
Insert into BOARDER (B_NO2,B_NO,M_ID,PRICE,D_NO) values ('A12BY3-1','9','lettuce43',39500,null);
Insert into BOARDER (B_NO2,B_NO,M_ID,PRICE,D_NO) values ('A12BY4-1','10','burdock435',98700,null);
Insert into BOARDER (B_NO2,B_NO,M_ID,PRICE,D_NO) values ('A12BY4-1','11',null,98700,null);
Insert into BOARDER (B_NO2,B_NO,M_ID,PRICE,D_NO) values ('A12BY4-1','12',null,98000,null);
Insert into BOARDER (B_NO2,B_NO,M_ID,PRICE,D_NO) values ('A12BY4-1','13',null,98000,null);
Insert into BOARDER (B_NO2,B_NO,M_ID,PRICE,D_NO) values ('C34DX1-1','14','sesame975',84600,null);
Insert into BOARDER (B_NO2,B_NO,M_ID,PRICE,D_NO) values ('C34DX2-1','15','peanut543',18800,null);
Insert into BOARDER (B_NO2,B_NO,M_ID,PRICE,D_NO) values ('C34DX2-1','16',null,18000,null);
Insert into BOARDER (B_NO2,B_NO,M_ID,PRICE,D_NO) values ('C34DX2-2','17','mulberry343',94700,null);
Insert into BOARDER (B_NO2,B_NO,M_ID,PRICE,D_NO) values ('C34DX2-2','18',null,94000,null);
Insert into BOARDER (B_NO2,B_NO,M_ID,PRICE,D_NO) values ('C34DX3-1','19','papaya87',35500,null);
Insert into BOARDER (B_NO2,B_NO,M_ID,PRICE,D_NO) values ('C34DX3-1','20',null,35000,null);
Insert into BOARDER (B_NO2,B_NO,M_ID,PRICE,D_NO) values ('C34DX3-1','21',null,35000,null);
Insert into BOARDER (B_NO2,B_NO,M_ID,PRICE,D_NO) values ('E56FH1-1','22','mustard',94700,null);
Insert into BOARDER (B_NO2,B_NO,M_ID,PRICE,D_NO) values ('E56FH1-1','23',null,94000,null);
Insert into BOARDER (B_NO2,B_NO,M_ID,PRICE,D_NO) values ('E56FH1-2','24','lemon32',27400,null);
Insert into BOARDER (B_NO2,B_NO,M_ID,PRICE,D_NO) values ('E56FH1-2','25',null,27400,null);
Insert into BOARDER (B_NO2,B_NO,M_ID,PRICE,D_NO) values ('E56FH2-1','26','tomato5644',96100,null);
Insert into BOARDER (B_NO2,B_NO,M_ID,PRICE,D_NO) values ('E56FH2-1','27',null,96100,null);
Insert into BOARDER (B_NO2,B_NO,M_ID,PRICE,D_NO) values ('E56FH2-1','28',null,95000,null);
Insert into BOARDER (B_NO2,B_NO,M_ID,PRICE,D_NO) values ('E56FH2-1','29',null,95000,null);
Insert into BOARDER (B_NO2,B_NO,M_ID,PRICE,D_NO) values ('E56FH3-1','30','onion98',122600,null);
REM INSERTING into BONUS_TICKET
SET DEFINE OFF;
Insert into BONUS_TICKET (M_ID,B_NO,S_DAY,S_USINGDATE,E_USINGDATE,S_BOARDINGDATE,E_BOARDINGDATE,ROUTE,UP_NO) values ('apple12','B123ASD845','월,화,수,목,금,토,일',to_date('21/12/11','RR/MM/DD'),to_date('22/01/19','RR/MM/DD'),to_date('21/12/11','RR/MM/DD'),to_date('22/01/19','RR/MM/DD'),'평일 편도',null);
Insert into BONUS_TICKET (M_ID,B_NO,S_DAY,S_USINGDATE,E_USINGDATE,S_BOARDINGDATE,E_BOARDINGDATE,ROUTE,UP_NO) values ('berry34','B123ASD846','월,화,수,목,금,토,일',to_date('21/12/11','RR/MM/DD'),to_date('22/01/19','RR/MM/DD'),to_date('21/12/11','RR/MM/DD'),to_date('22/01/19','RR/MM/DD'),'평일 편도',null);
Insert into BONUS_TICKET (M_ID,B_NO,S_DAY,S_USINGDATE,E_USINGDATE,S_BOARDINGDATE,E_BOARDINGDATE,ROUTE,UP_NO) values ('strawberry56','B123ASD847','월,화,수,목,금,토,일',to_date('21/12/11','RR/MM/DD'),to_date('22/01/19','RR/MM/DD'),to_date('21/12/11','RR/MM/DD'),to_date('22/01/19','RR/MM/DD'),'평일 편도',null);
Insert into BONUS_TICKET (M_ID,B_NO,S_DAY,S_USINGDATE,E_USINGDATE,S_BOARDINGDATE,E_BOARDINGDATE,ROUTE,UP_NO) values ('grape78','B123ASD848','월,화,수,목,금,토,일',to_date('21/12/11','RR/MM/DD'),to_date('22/01/19','RR/MM/DD'),to_date('21/12/11','RR/MM/DD'),to_date('22/01/19','RR/MM/DD'),'평일 편도',null);
Insert into BONUS_TICKET (M_ID,B_NO,S_DAY,S_USINGDATE,E_USINGDATE,S_BOARDINGDATE,E_BOARDINGDATE,ROUTE,UP_NO) values ('raisin90','B123ASD849','월,화,수,목,금,토,일',to_date('21/12/11','RR/MM/DD'),to_date('22/01/19','RR/MM/DD'),to_date('21/12/11','RR/MM/DD'),to_date('22/01/19','RR/MM/DD'),'평일 편도',null);
Insert into BONUS_TICKET (M_ID,B_NO,S_DAY,S_USINGDATE,E_USINGDATE,S_BOARDINGDATE,E_BOARDINGDATE,ROUTE,UP_NO) values ('grapefruit88','B123ASD850','월,화,수,목,금,토,일',to_date('21/12/11','RR/MM/DD'),to_date('22/01/19','RR/MM/DD'),to_date('21/12/11','RR/MM/DD'),to_date('22/01/19','RR/MM/DD'),'평일 편도',null);
Insert into BONUS_TICKET (M_ID,B_NO,S_DAY,S_USINGDATE,E_USINGDATE,S_BOARDINGDATE,E_BOARDINGDATE,ROUTE,UP_NO) values ('cherry1234','B123ASD851','월,화,수,목,금,토,일',to_date('21/12/11','RR/MM/DD'),to_date('22/01/19','RR/MM/DD'),to_date('21/12/11','RR/MM/DD'),to_date('22/01/19','RR/MM/DD'),'평일 편도',null);
Insert into BONUS_TICKET (M_ID,B_NO,S_DAY,S_USINGDATE,E_USINGDATE,S_BOARDINGDATE,E_BOARDINGDATE,ROUTE,UP_NO) values ('peach54','B123ASD852','월,화,수,목,금,토,일',to_date('21/12/11','RR/MM/DD'),to_date('22/01/19','RR/MM/DD'),to_date('21/12/11','RR/MM/DD'),to_date('22/01/19','RR/MM/DD'),'평일 편도',null);
Insert into BONUS_TICKET (M_ID,B_NO,S_DAY,S_USINGDATE,E_USINGDATE,S_BOARDINGDATE,E_BOARDINGDATE,ROUTE,UP_NO) values ('papaya87','B123ASD853','월,화,수,목,금,토,일',to_date('21/12/11','RR/MM/DD'),to_date('22/01/19','RR/MM/DD'),to_date('21/12/11','RR/MM/DD'),to_date('22/01/19','RR/MM/DD'),'평일 편도',null);
Insert into BONUS_TICKET (M_ID,B_NO,S_DAY,S_USINGDATE,E_USINGDATE,S_BOARDINGDATE,E_BOARDINGDATE,ROUTE,UP_NO) values ('tomato5644','B123ASD854','월,화,수,목,금,토,일',to_date('21/12/11','RR/MM/DD'),to_date('22/01/19','RR/MM/DD'),to_date('21/12/11','RR/MM/DD'),to_date('22/01/19','RR/MM/DD'),'평일 편도',null);
Insert into BONUS_TICKET (M_ID,B_NO,S_DAY,S_USINGDATE,E_USINGDATE,S_BOARDINGDATE,E_BOARDINGDATE,ROUTE,UP_NO) values ('lime4543','B123ASD855','월,화,수,목,금,토,일',to_date('21/12/11','RR/MM/DD'),to_date('22/01/19','RR/MM/DD'),to_date('21/12/11','RR/MM/DD'),to_date('22/01/19','RR/MM/DD'),'평일 편도',null);
Insert into BONUS_TICKET (M_ID,B_NO,S_DAY,S_USINGDATE,E_USINGDATE,S_BOARDINGDATE,E_BOARDINGDATE,ROUTE,UP_NO) values ('lemon32','B123ASD856','월,화,수,목,금,토,일',to_date('21/12/11','RR/MM/DD'),to_date('22/01/19','RR/MM/DD'),to_date('21/12/11','RR/MM/DD'),to_date('22/01/19','RR/MM/DD'),'평일 편도',null);
Insert into BONUS_TICKET (M_ID,B_NO,S_DAY,S_USINGDATE,E_USINGDATE,S_BOARDINGDATE,E_BOARDINGDATE,ROUTE,UP_NO) values ('lettuce765','B123ASD857','월,화,수,목,금,토,일',to_date('21/12/11','RR/MM/DD'),to_date('22/01/19','RR/MM/DD'),to_date('21/12/11','RR/MM/DD'),to_date('22/01/19','RR/MM/DD'),'평일 편도',null);
Insert into BONUS_TICKET (M_ID,B_NO,S_DAY,S_USINGDATE,E_USINGDATE,S_BOARDINGDATE,E_BOARDINGDATE,ROUTE,UP_NO) values ('celery8668','B123ASD858','월,화,수,목,금,토,일',to_date('21/12/11','RR/MM/DD'),to_date('22/01/19','RR/MM/DD'),to_date('21/12/11','RR/MM/DD'),to_date('22/01/19','RR/MM/DD'),'평일 편도',null);
Insert into BONUS_TICKET (M_ID,B_NO,S_DAY,S_USINGDATE,E_USINGDATE,S_BOARDINGDATE,E_BOARDINGDATE,ROUTE,UP_NO) values ('radish3432','B123ASD859','월,화,수,목,금,토,일',to_date('21/12/11','RR/MM/DD'),to_date('22/01/19','RR/MM/DD'),to_date('21/12/11','RR/MM/DD'),to_date('22/01/19','RR/MM/DD'),'평일 편도',null);
Insert into BONUS_TICKET (M_ID,B_NO,S_DAY,S_USINGDATE,E_USINGDATE,S_BOARDINGDATE,E_BOARDINGDATE,ROUTE,UP_NO) values ('onion98','B123ASD860','월,화,수,목,금,토,일',to_date('21/12/11','RR/MM/DD'),to_date('22/01/19','RR/MM/DD'),to_date('21/12/11','RR/MM/DD'),to_date('22/01/19','RR/MM/DD'),'평일 편도',null);
Insert into BONUS_TICKET (M_ID,B_NO,S_DAY,S_USINGDATE,E_USINGDATE,S_BOARDINGDATE,E_BOARDINGDATE,ROUTE,UP_NO) values ('garlic231','B123ASD861','월,화,수,목,금,토,일',to_date('21/12/11','RR/MM/DD'),to_date('22/01/19','RR/MM/DD'),to_date('21/12/11','RR/MM/DD'),to_date('22/01/19','RR/MM/DD'),'평일 편도',null);
Insert into BONUS_TICKET (M_ID,B_NO,S_DAY,S_USINGDATE,E_USINGDATE,S_BOARDINGDATE,E_BOARDINGDATE,ROUTE,UP_NO) values ('mustard','B123ASD862','월,화,수,목,금,토,일',to_date('21/12/11','RR/MM/DD'),to_date('22/01/19','RR/MM/DD'),to_date('21/12/11','RR/MM/DD'),to_date('22/01/19','RR/MM/DD'),'평일 편도',null);
Insert into BONUS_TICKET (M_ID,B_NO,S_DAY,S_USINGDATE,E_USINGDATE,S_BOARDINGDATE,E_BOARDINGDATE,ROUTE,UP_NO) values ('wheat131','B123ASD863','월,화,수,목,금,토,일',to_date('21/12/11','RR/MM/DD'),to_date('22/01/19','RR/MM/DD'),to_date('21/12/11','RR/MM/DD'),to_date('22/01/19','RR/MM/DD'),'평일 편도',null);
Insert into BONUS_TICKET (M_ID,B_NO,S_DAY,S_USINGDATE,E_USINGDATE,S_BOARDINGDATE,E_BOARDINGDATE,ROUTE,UP_NO) values ('lettuce43','B123ASD864','월,화,수,목,금,토,일',to_date('21/12/11','RR/MM/DD'),to_date('22/01/19','RR/MM/DD'),to_date('21/12/11','RR/MM/DD'),to_date('22/01/19','RR/MM/DD'),'평일 편도',null);
Insert into BONUS_TICKET (M_ID,B_NO,S_DAY,S_USINGDATE,E_USINGDATE,S_BOARDINGDATE,E_BOARDINGDATE,ROUTE,UP_NO) values ('burdock435','B123ASD865','월,화,수,목,금,토,일',to_date('21/12/11','RR/MM/DD'),to_date('22/01/19','RR/MM/DD'),to_date('21/12/11','RR/MM/DD'),to_date('22/01/19','RR/MM/DD'),'평일 편도',null);
Insert into BONUS_TICKET (M_ID,B_NO,S_DAY,S_USINGDATE,E_USINGDATE,S_BOARDINGDATE,E_BOARDINGDATE,ROUTE,UP_NO) values ('ginseng077','B123ASD866','월,화,수,목,금,토,일',to_date('21/12/11','RR/MM/DD'),to_date('22/01/19','RR/MM/DD'),to_date('21/12/11','RR/MM/DD'),to_date('22/01/19','RR/MM/DD'),'평일 편도',null);
Insert into BONUS_TICKET (M_ID,B_NO,S_DAY,S_USINGDATE,E_USINGDATE,S_BOARDINGDATE,E_BOARDINGDATE,ROUTE,UP_NO) values ('sesame975','B123ASD867','월,화,수,목,금,토,일',to_date('21/12/11','RR/MM/DD'),to_date('22/01/19','RR/MM/DD'),to_date('21/12/11','RR/MM/DD'),to_date('22/01/19','RR/MM/DD'),'평일 편도',null);
Insert into BONUS_TICKET (M_ID,B_NO,S_DAY,S_USINGDATE,E_USINGDATE,S_BOARDINGDATE,E_BOARDINGDATE,ROUTE,UP_NO) values ('peanut543','B123ASD868','월,화,수,목,금,토,일',to_date('21/12/11','RR/MM/DD'),to_date('22/01/19','RR/MM/DD'),to_date('21/12/11','RR/MM/DD'),to_date('22/01/19','RR/MM/DD'),'평일 편도',null);
Insert into BONUS_TICKET (M_ID,B_NO,S_DAY,S_USINGDATE,E_USINGDATE,S_BOARDINGDATE,E_BOARDINGDATE,ROUTE,UP_NO) values ('paprika11','B123ASD869','월,화,수,목,금,토,일',to_date('21/12/11','RR/MM/DD'),to_date('22/01/19','RR/MM/DD'),to_date('21/12/11','RR/MM/DD'),to_date('22/01/19','RR/MM/DD'),'평일 편도',null);
Insert into BONUS_TICKET (M_ID,B_NO,S_DAY,S_USINGDATE,E_USINGDATE,S_BOARDINGDATE,E_BOARDINGDATE,ROUTE,UP_NO) values ('seaweed22','B123ASD870','월,화,수,목,금,토,일',to_date('21/12/11','RR/MM/DD'),to_date('22/01/19','RR/MM/DD'),to_date('21/12/11','RR/MM/DD'),to_date('22/01/19','RR/MM/DD'),'평일 편도',null);
Insert into BONUS_TICKET (M_ID,B_NO,S_DAY,S_USINGDATE,E_USINGDATE,S_BOARDINGDATE,E_BOARDINGDATE,ROUTE,UP_NO) values ('deodeok000','B123ASD871','월,화,수,목,금,토,일',to_date('21/12/11','RR/MM/DD'),to_date('22/01/19','RR/MM/DD'),to_date('21/12/11','RR/MM/DD'),to_date('22/01/19','RR/MM/DD'),'평일 편도',null);
Insert into BONUS_TICKET (M_ID,B_NO,S_DAY,S_USINGDATE,E_USINGDATE,S_BOARDINGDATE,E_BOARDINGDATE,ROUTE,UP_NO) values ('mulberry343','B123ASD872','월,화,수,목,금,토,일',to_date('21/12/11','RR/MM/DD'),to_date('22/01/19','RR/MM/DD'),to_date('21/12/11','RR/MM/DD'),to_date('22/01/19','RR/MM/DD'),'평일 편도',null);
Insert into BONUS_TICKET (M_ID,B_NO,S_DAY,S_USINGDATE,E_USINGDATE,S_BOARDINGDATE,E_BOARDINGDATE,ROUTE,UP_NO) values ('blueberry33','B123ASD873','월,화,수,목,금,토,일',to_date('21/12/11','RR/MM/DD'),to_date('22/01/19','RR/MM/DD'),to_date('21/12/11','RR/MM/DD'),to_date('22/01/19','RR/MM/DD'),'평일 편도',null);
Insert into BONUS_TICKET (M_ID,B_NO,S_DAY,S_USINGDATE,E_USINGDATE,S_BOARDINGDATE,E_BOARDINGDATE,ROUTE,UP_NO) values ('walnut75','B123ASD874','월,화,수,목,금,토,일',to_date('21/12/11','RR/MM/DD'),to_date('22/01/19','RR/MM/DD'),to_date('21/12/11','RR/MM/DD'),to_date('22/01/19','RR/MM/DD'),'평일 편도',null);
REM INSERTING into BOOKING
SET DEFINE OFF;
Insert into BOOKING (B_NO,B_DATE,STATE,S_NO,B_COUNT,PRICE,B_TYPE,EMAIL,TEL) values ('A12BY1-1',to_date('21/11/25','RR/MM/DD'),'확약',145,2,89400,'플렉스 ','whdudqls01@naver,com','(+82)01012345678');
Insert into BOOKING (B_NO,B_DATE,STATE,S_NO,B_COUNT,PRICE,B_TYPE,EMAIL,TEL) values ('A12BY2-1',to_date('21/11/24','RR/MM/DD'),'확약',117,3,271800,'지니','rnjswogml21@naver.com','(+82)01043218765');
Insert into BOOKING (B_NO,B_DATE,STATE,S_NO,B_COUNT,PRICE,B_TYPE,EMAIL,TEL) values ('A12BY2-2',to_date('21/11/24','RR/MM/DD'),'확약',2743,3,146700,'플렉스','dlgkrwns76@naver.com','(+82)01064820938');
Insert into BOOKING (B_NO,B_DATE,STATE,S_NO,B_COUNT,PRICE,B_TYPE,EMAIL,TEL) values ('A12BY3-1',to_date('21/11/22','RR/MM/DD'),'확약',1462,1,39500,'플렉스','dbswlsgks0987@gmail.com','(+82)01045453762');
Insert into BOOKING (B_NO,B_DATE,STATE,S_NO,B_COUNT,PRICE,B_TYPE,EMAIL,TEL) values ('A12BY4-1',to_date('21/11/29','RR/MM/DD'),'취소',20,4,393400,'플렉스','jybnothing123@gmail.com','(+82)01089897272');
Insert into BOOKING (B_NO,B_DATE,STATE,S_NO,B_COUNT,PRICE,B_TYPE,EMAIL,TEL) values ('C34DX1-1',to_date('21/11/30','RR/MM/DD'),'확약',886,1,84600,'지니','spdlqj0892@naver.com','(+82)01022312950');
Insert into BOOKING (B_NO,B_DATE,STATE,S_NO,B_COUNT,PRICE,B_TYPE,EMAIL,TEL) values ('C34DX2-1',to_date('21/12/02','RR/MM/DD'),'확약',288,2,36800,'슈퍼로우 ','disken4772@naver.com','(+82)01061778990');
Insert into BOOKING (B_NO,B_DATE,STATE,S_NO,B_COUNT,PRICE,B_TYPE,EMAIL,TEL) values ('C34DX2-2',to_date('21/12/02','RR/MM/DD'),'확약',252,2,188700,'플렉스','gksapdlf1229@hanmail.net','(+82)01097218392');
Insert into BOOKING (B_NO,B_DATE,STATE,S_NO,B_COUNT,PRICE,B_TYPE,EMAIL,TEL) values ('C34DX3-1',to_date('21/12/01','RR/MM/DD'),'확약',377,3,105500,'슈퍼로우 ','wnlapdlf2021@nate.com','(+82)01072190475');
Insert into BOOKING (B_NO,B_DATE,STATE,S_NO,B_COUNT,PRICE,B_TYPE,EMAIL,TEL) values ('E56FH1-1',to_date('21/12/03','RR/MM/DD'),'확약',9,2,167200,'지니','qwe123@naver.com','(+82)01094387602');
Insert into BOOKING (B_NO,B_DATE,STATE,S_NO,B_COUNT,PRICE,B_TYPE,EMAIL,TEL) values ('E56FH1-2',to_date('21/12/03','RR/MM/DD'),'확약',909,2,54800,'슈퍼로우 ','poi098@gmail.com','(+82)01023490879');
Insert into BOOKING (B_NO,B_DATE,STATE,S_NO,B_COUNT,PRICE,B_TYPE,EMAIL,TEL) values ('E56FH2-1',to_date('21/12/20','RR/MM/DD'),'취소',1686,4,382200,'플렉스','hilde2020@naver.com','(+82)01049308593');
Insert into BOOKING (B_NO,B_DATE,STATE,S_NO,B_COUNT,PRICE,B_TYPE,EMAIL,TEL) values ('E56FH3-1',to_date('21/12/09','RR/MM/DD'),'확약',1700,1,122600,'지니','tlfldi2022@hanmail.net','(+82)01066473823');
REM INSERTING into CANCEL
SET DEFINE OFF;
Insert into CANCEL (C_NO,C_DATE,P_NO,P_NO2) values (1,to_date('21/12/03','RR/MM/DD'),4,5);
Insert into CANCEL (C_NO,C_DATE,P_NO,P_NO2) values (2,to_date('21/12/27','RR/MM/DD'),4,12);
REM INSERTING into CHECKIN
SET DEFINE OFF;
Insert into CHECKIN (C_NO,B_NO,B_STATUS) values (1,'1','T');
Insert into CHECKIN (C_NO,B_NO,B_STATUS) values (2,'2','T');
Insert into CHECKIN (C_NO,B_NO,B_STATUS) values (3,'3','T');
Insert into CHECKIN (C_NO,B_NO,B_STATUS) values (4,'4','T');
Insert into CHECKIN (C_NO,B_NO,B_STATUS) values (5,'5','T');
Insert into CHECKIN (C_NO,B_NO,B_STATUS) values (6,'6','T');
Insert into CHECKIN (C_NO,B_NO,B_STATUS) values (7,'7','T');
Insert into CHECKIN (C_NO,B_NO,B_STATUS) values (8,'8','T');
Insert into CHECKIN (C_NO,B_NO,B_STATUS) values (9,'9','T');
Insert into CHECKIN (C_NO,B_NO,B_STATUS) values (10,'10','F');
Insert into CHECKIN (C_NO,B_NO,B_STATUS) values (11,'11','F');
Insert into CHECKIN (C_NO,B_NO,B_STATUS) values (12,'12','F');
Insert into CHECKIN (C_NO,B_NO,B_STATUS) values (13,'13','F');
Insert into CHECKIN (C_NO,B_NO,B_STATUS) values (14,'14','T');
Insert into CHECKIN (C_NO,B_NO,B_STATUS) values (15,'15','T');
Insert into CHECKIN (C_NO,B_NO,B_STATUS) values (16,'16','T');
Insert into CHECKIN (C_NO,B_NO,B_STATUS) values (17,'17','T');
Insert into CHECKIN (C_NO,B_NO,B_STATUS) values (18,'18','T');
Insert into CHECKIN (C_NO,B_NO,B_STATUS) values (19,'19','T');
Insert into CHECKIN (C_NO,B_NO,B_STATUS) values (20,'20','T');
Insert into CHECKIN (C_NO,B_NO,B_STATUS) values (21,'21','T');
Insert into CHECKIN (C_NO,B_NO,B_STATUS) values (22,'22','T');
Insert into CHECKIN (C_NO,B_NO,B_STATUS) values (23,'23','T');
Insert into CHECKIN (C_NO,B_NO,B_STATUS) values (24,'24','T');
Insert into CHECKIN (C_NO,B_NO,B_STATUS) values (25,'25','F');
Insert into CHECKIN (C_NO,B_NO,B_STATUS) values (26,'26','F');
Insert into CHECKIN (C_NO,B_NO,B_STATUS) values (27,'27','F');
Insert into CHECKIN (C_NO,B_NO,B_STATUS) values (28,'28','F');
Insert into CHECKIN (C_NO,B_NO,B_STATUS) values (29,'29','T');
Insert into CHECKIN (C_NO,B_NO,B_STATUS) values (30,'30','T');
REM INSERTING into COUPON
SET DEFINE OFF;
Insert into COUPON (M_ID,C_NO,C_NAME,C_TYPE,S_USINGDATE,E_USINGDATE,S_BOARDINGDATE,E_BOARDINGDATE,ROUTE,DISCOUNT,SERVICE,CHANNEL,DETAIL) values ('cherry1234','C123GDE64A','신규회원 5000원 할인권','사용가능',to_date('21/12/20','RR/MM/DD'),to_date('22/01/19','RR/MM/DD'),to_date('21/12/20','RR/MM/DD'),to_date('22/02/18','RR/MM/DD'),'국내선 전체',5000,'사전좌석지정','전체','1)쿠폰 사용 조건 : 항공운임 국내선 5만원 이상 구매 시 5000원 할인
2)쿠폰 사용 유효 기간 : 발급일 +30일 이내
3)쿠폰 탑승 유효 기간 : 발급일 +60일 이내(기간 내 리턴여정 포함)
4)탑승 제외 기간 : 12/31일');
Insert into COUPON (M_ID,C_NO,C_NAME,C_TYPE,S_USINGDATE,E_USINGDATE,S_BOARDINGDATE,E_BOARDINGDATE,ROUTE,DISCOUNT,SERVICE,CHANNEL,DETAIL) values ('peach54','C123GDE65A','신규회원 10000원 할인권','사용가능',to_date('21/12/20','RR/MM/DD'),to_date('22/01/19','RR/MM/DD'),to_date('21/12/20','RR/MM/DD'),to_date('22/02/18','RR/MM/DD'),'국내선 전체',10000,'사전좌석지정','전체','1)쿠폰 사용 조건 : 항공운임 국내선 10만원 이상 구매 시 10000원 할인
2)쿠폰 사용 유효 기간 : 발급일 +30일 이내
3)쿠폰 탑승 유효 기간 : 발급일 +60일 이내(기간 내 리턴여정 포함)
4)탑승 제외 기간 : 12/31일');
Insert into COUPON (M_ID,C_NO,C_NAME,C_TYPE,S_USINGDATE,E_USINGDATE,S_BOARDINGDATE,E_BOARDINGDATE,ROUTE,DISCOUNT,SERVICE,CHANNEL,DETAIL) values ('papaya87','C123GDE66A','신규회원 10000원 할인권','사용가능',to_date('21/12/20','RR/MM/DD'),to_date('22/01/19','RR/MM/DD'),to_date('21/12/20','RR/MM/DD'),to_date('22/02/18','RR/MM/DD'),'국내선 전체',10000,'사전좌석지정','전체','1)쿠폰 사용 조건 : 항공운임 국내선 10만원 이상 구매 시 10000원 할인
2)쿠폰 사용 유효 기간 : 발급일 +30일 이내
3)쿠폰 탑승 유효 기간 : 발급일 +60일 이내(기간 내 리턴여정 포함)
4)탑승 제외 기간 : 12/31일');
Insert into COUPON (M_ID,C_NO,C_NAME,C_TYPE,S_USINGDATE,E_USINGDATE,S_BOARDINGDATE,E_BOARDINGDATE,ROUTE,DISCOUNT,SERVICE,CHANNEL,DETAIL) values ('tomato5644','C123GDE67A','신규회원 10000원 할인권','사용가능',to_date('21/12/20','RR/MM/DD'),to_date('22/01/19','RR/MM/DD'),to_date('21/12/20','RR/MM/DD'),to_date('22/02/18','RR/MM/DD'),'국내선 전체',10000,'사전좌석지정','전체','1)쿠폰 사용 조건 : 항공운임 국내선 10만원 이상 구매 시 10000원 할인
2)쿠폰 사용 유효 기간 : 발급일 +30일 이내
3)쿠폰 탑승 유효 기간 : 발급일 +60일 이내(기간 내 리턴여정 포함)
4)탑승 제외 기간 : 12/31일');
Insert into COUPON (M_ID,C_NO,C_NAME,C_TYPE,S_USINGDATE,E_USINGDATE,S_BOARDINGDATE,E_BOARDINGDATE,ROUTE,DISCOUNT,SERVICE,CHANNEL,DETAIL) values ('lime4543','C123GDE68A','신규회원 10000원 할인권','사용가능',to_date('21/12/20','RR/MM/DD'),to_date('22/01/19','RR/MM/DD'),to_date('21/12/20','RR/MM/DD'),to_date('22/02/18','RR/MM/DD'),'국내선 전체',10000,'사전좌석지정','전체','1)쿠폰 사용 조건 : 항공운임 국내선 10만원 이상 구매 시 10000원 할인
2)쿠폰 사용 유효 기간 : 발급일 +30일 이내
3)쿠폰 탑승 유효 기간 : 발급일 +60일 이내(기간 내 리턴여정 포함)
4)탑승 제외 기간 : 12/31일');
Insert into COUPON (M_ID,C_NO,C_NAME,C_TYPE,S_USINGDATE,E_USINGDATE,S_BOARDINGDATE,E_BOARDINGDATE,ROUTE,DISCOUNT,SERVICE,CHANNEL,DETAIL) values ('lemon32','C123GDE69A','신규회원 10000원 할인권','사용가능',to_date('21/12/20','RR/MM/DD'),to_date('22/01/19','RR/MM/DD'),to_date('21/12/20','RR/MM/DD'),to_date('22/02/18','RR/MM/DD'),'국내선 전체',10000,'사전좌석지정','전체','1)쿠폰 사용 조건 : 항공운임 국내선 10만원 이상 구매 시 10000원 할인
2)쿠폰 사용 유효 기간 : 발급일 +30일 이내
3)쿠폰 탑승 유효 기간 : 발급일 +60일 이내(기간 내 리턴여정 포함)
4)탑승 제외 기간 : 12/31일');
Insert into COUPON (M_ID,C_NO,C_NAME,C_TYPE,S_USINGDATE,E_USINGDATE,S_BOARDINGDATE,E_BOARDINGDATE,ROUTE,DISCOUNT,SERVICE,CHANNEL,DETAIL) values ('lettuce765','C123GDE70A','신규회원 10000원 할인권','사용가능',to_date('21/12/20','RR/MM/DD'),to_date('22/01/19','RR/MM/DD'),to_date('21/12/20','RR/MM/DD'),to_date('22/02/18','RR/MM/DD'),'국내선 전체',10000,'사전좌석지정','전체','1)쿠폰 사용 조건 : 항공운임 국내선 10만원 이상 구매 시 10000원 할인
2)쿠폰 사용 유효 기간 : 발급일 +30일 이내
3)쿠폰 탑승 유효 기간 : 발급일 +60일 이내(기간 내 리턴여정 포함)
4)탑승 제외 기간 : 12/31일');
Insert into COUPON (M_ID,C_NO,C_NAME,C_TYPE,S_USINGDATE,E_USINGDATE,S_BOARDINGDATE,E_BOARDINGDATE,ROUTE,DISCOUNT,SERVICE,CHANNEL,DETAIL) values ('celery8668','C123GDE71A','신규회원 10000원 할인권','사용가능',to_date('21/12/20','RR/MM/DD'),to_date('22/01/19','RR/MM/DD'),to_date('21/12/20','RR/MM/DD'),to_date('22/02/18','RR/MM/DD'),'국내선 전체',10000,'사전좌석지정','전체','1)쿠폰 사용 조건 : 항공운임 국내선 10만원 이상 구매 시 10000원 할인
2)쿠폰 사용 유효 기간 : 발급일 +30일 이내
3)쿠폰 탑승 유효 기간 : 발급일 +60일 이내(기간 내 리턴여정 포함)
4)탑승 제외 기간 : 12/31일');
Insert into COUPON (M_ID,C_NO,C_NAME,C_TYPE,S_USINGDATE,E_USINGDATE,S_BOARDINGDATE,E_BOARDINGDATE,ROUTE,DISCOUNT,SERVICE,CHANNEL,DETAIL) values ('radish3432','C123GDE72A','신규회원 2000원 사전좌석할인권(1매)','사용가능',to_date('21/12/20','RR/MM/DD'),to_date('22/01/19','RR/MM/DD'),to_date('21/12/20','RR/MM/DD'),to_date('22/02/18','RR/MM/DD'),'국내선 전체',2000,'사전좌석지정','전체','1)쿠폰 사용 조건 : 국제선/국내선 지니스탠다드A이상 구매시
2)쿠폰 사용 유효 기간 : 발급일 +30일 이내
3)쿠폰 탑승 유효 기간 : 발급일 +60일 이내(기간 내 리턴여정 포함)
4)탑승 제외 기간 : 없음');
Insert into COUPON (M_ID,C_NO,C_NAME,C_TYPE,S_USINGDATE,E_USINGDATE,S_BOARDINGDATE,E_BOARDINGDATE,ROUTE,DISCOUNT,SERVICE,CHANNEL,DETAIL) values ('onion98','C123GDE73A','신규회원 2000원 사전좌석할인권(1매)','사용가능',to_date('21/12/20','RR/MM/DD'),to_date('22/01/19','RR/MM/DD'),to_date('21/12/20','RR/MM/DD'),to_date('22/02/18','RR/MM/DD'),'국내선 전체',2000,'사전좌석지정','전체','1)쿠폰 사용 조건 : 국제선/국내선 지니스탠다드A이상 구매시
2)쿠폰 사용 유효 기간 : 발급일 +30일 이내
3)쿠폰 탑승 유효 기간 : 발급일 +60일 이내(기간 내 리턴여정 포함)
4)탑승 제외 기간 : 없음');
Insert into COUPON (M_ID,C_NO,C_NAME,C_TYPE,S_USINGDATE,E_USINGDATE,S_BOARDINGDATE,E_BOARDINGDATE,ROUTE,DISCOUNT,SERVICE,CHANNEL,DETAIL) values ('garlic231','C123GDE74A','신규회원 2000원 사전좌석할인권(1매)','사용가능',to_date('21/12/20','RR/MM/DD'),to_date('22/01/19','RR/MM/DD'),to_date('21/12/20','RR/MM/DD'),to_date('22/02/18','RR/MM/DD'),'국내선 전체',2000,'사전좌석지정','전체','1)쿠폰 사용 조건 : 국제선/국내선 지니스탠다드A이상 구매시
2)쿠폰 사용 유효 기간 : 발급일 +30일 이내
3)쿠폰 탑승 유효 기간 : 발급일 +60일 이내(기간 내 리턴여정 포함)
4)탑승 제외 기간 : 없음');
Insert into COUPON (M_ID,C_NO,C_NAME,C_TYPE,S_USINGDATE,E_USINGDATE,S_BOARDINGDATE,E_BOARDINGDATE,ROUTE,DISCOUNT,SERVICE,CHANNEL,DETAIL) values ('apple12','C123GDE58A','신규회원 5000원 할인권','사용가능',to_date('21/12/20','RR/MM/DD'),to_date('22/01/19','RR/MM/DD'),to_date('21/12/20','RR/MM/DD'),to_date('22/02/18','RR/MM/DD'),'국내선 전체',5000,'사전좌석지정','전체','1)쿠폰 사용 조건 : 항공운임 국내선 5만원 이상 구매 시 5000원 할인
2)쿠폰 사용 유효 기간 : 발급일 +30일 이내
3)쿠폰 탑승 유효 기간 : 발급일 +60일 이내(기간 내 리턴여정 포함)
4)탑승 제외 기간 : 12/31일');
Insert into COUPON (M_ID,C_NO,C_NAME,C_TYPE,S_USINGDATE,E_USINGDATE,S_BOARDINGDATE,E_BOARDINGDATE,ROUTE,DISCOUNT,SERVICE,CHANNEL,DETAIL) values ('berry34','C123GDE59A','신규회원 5000원 할인권','사용가능',to_date('21/12/20','RR/MM/DD'),to_date('22/01/19','RR/MM/DD'),to_date('21/12/20','RR/MM/DD'),to_date('22/02/18','RR/MM/DD'),'국내선 전체',5000,'사전좌석지정','전체','1)쿠폰 사용 조건 : 항공운임 국내선 5만원 이상 구매 시 5000원 할인
2)쿠폰 사용 유효 기간 : 발급일 +30일 이내
3)쿠폰 탑승 유효 기간 : 발급일 +60일 이내(기간 내 리턴여정 포함)
4)탑승 제외 기간 : 12/31일');
Insert into COUPON (M_ID,C_NO,C_NAME,C_TYPE,S_USINGDATE,E_USINGDATE,S_BOARDINGDATE,E_BOARDINGDATE,ROUTE,DISCOUNT,SERVICE,CHANNEL,DETAIL) values ('strawberry56','C123GDE60A','신규회원 5000원 할인권','사용가능',to_date('21/12/20','RR/MM/DD'),to_date('22/01/19','RR/MM/DD'),to_date('21/12/20','RR/MM/DD'),to_date('22/02/18','RR/MM/DD'),'국내선 전체',5000,'사전좌석지정','전체','1)쿠폰 사용 조건 : 항공운임 국내선 5만원 이상 구매 시 5000원 할인
2)쿠폰 사용 유효 기간 : 발급일 +30일 이내
3)쿠폰 탑승 유효 기간 : 발급일 +60일 이내(기간 내 리턴여정 포함)
4)탑승 제외 기간 : 12/31일');
Insert into COUPON (M_ID,C_NO,C_NAME,C_TYPE,S_USINGDATE,E_USINGDATE,S_BOARDINGDATE,E_BOARDINGDATE,ROUTE,DISCOUNT,SERVICE,CHANNEL,DETAIL) values ('grape78','C123GDE61A','신규회원 5000원 할인권','사용가능',to_date('21/12/20','RR/MM/DD'),to_date('22/01/19','RR/MM/DD'),to_date('21/12/20','RR/MM/DD'),to_date('22/02/18','RR/MM/DD'),'국내선 전체',5000,'사전좌석지정','전체','1)쿠폰 사용 조건 : 항공운임 국내선 5만원 이상 구매 시 5000원 할인
2)쿠폰 사용 유효 기간 : 발급일 +30일 이내
3)쿠폰 탑승 유효 기간 : 발급일 +60일 이내(기간 내 리턴여정 포함)
4)탑승 제외 기간 : 12/31일');
Insert into COUPON (M_ID,C_NO,C_NAME,C_TYPE,S_USINGDATE,E_USINGDATE,S_BOARDINGDATE,E_BOARDINGDATE,ROUTE,DISCOUNT,SERVICE,CHANNEL,DETAIL) values ('raisin90','C123GDE62A','신규회원 5000원 할인권','사용가능',to_date('21/12/20','RR/MM/DD'),to_date('22/01/19','RR/MM/DD'),to_date('21/12/20','RR/MM/DD'),to_date('22/02/18','RR/MM/DD'),'국내선 전체',5000,'사전좌석지정','전체','1)쿠폰 사용 조건 : 항공운임 국내선 5만원 이상 구매 시 5000원 할인
2)쿠폰 사용 유효 기간 : 발급일 +30일 이내
3)쿠폰 탑승 유효 기간 : 발급일 +60일 이내(기간 내 리턴여정 포함)
4)탑승 제외 기간 : 12/31일');
Insert into COUPON (M_ID,C_NO,C_NAME,C_TYPE,S_USINGDATE,E_USINGDATE,S_BOARDINGDATE,E_BOARDINGDATE,ROUTE,DISCOUNT,SERVICE,CHANNEL,DETAIL) values ('grapefruit88','C123GDE63A','신규회원 5000원 할인권','사용가능',to_date('21/12/20','RR/MM/DD'),to_date('22/01/19','RR/MM/DD'),to_date('21/12/20','RR/MM/DD'),to_date('22/02/18','RR/MM/DD'),'국내선 전체',5000,'사전좌석지정','전체','1)쿠폰 사용 조건 : 항공운임 국내선 5만원 이상 구매 시 5000원 할인
2)쿠폰 사용 유효 기간 : 발급일 +30일 이내
3)쿠폰 탑승 유효 기간 : 발급일 +60일 이내(기간 내 리턴여정 포함)
4)탑승 제외 기간 : 12/31일');
Insert into COUPON (M_ID,C_NO,C_NAME,C_TYPE,S_USINGDATE,E_USINGDATE,S_BOARDINGDATE,E_BOARDINGDATE,ROUTE,DISCOUNT,SERVICE,CHANNEL,DETAIL) values ('mustard','C123GDE75A','신규회원 2000원 사전좌석할인권(1매)','사용가능',to_date('21/12/20','RR/MM/DD'),to_date('22/01/19','RR/MM/DD'),to_date('21/12/20','RR/MM/DD'),to_date('22/02/18','RR/MM/DD'),'국내선 전체',2000,'사전좌석지정','전체','1)쿠폰 사용 조건 : 국제선/국내선 지니스탠다드A이상 구매시
2)쿠폰 사용 유효 기간 : 발급일 +30일 이내
3)쿠폰 탑승 유효 기간 : 발급일 +60일 이내(기간 내 리턴여정 포함)
4)탑승 제외 기간 : 없음');
Insert into COUPON (M_ID,C_NO,C_NAME,C_TYPE,S_USINGDATE,E_USINGDATE,S_BOARDINGDATE,E_BOARDINGDATE,ROUTE,DISCOUNT,SERVICE,CHANNEL,DETAIL) values ('wheat131','C123GDE76A','신규회원 2000원 사전좌석할인권(1매)','사용가능',to_date('21/12/20','RR/MM/DD'),to_date('22/01/19','RR/MM/DD'),to_date('21/12/20','RR/MM/DD'),to_date('22/02/18','RR/MM/DD'),'국내선 전체',2000,'사전좌석지정','전체','1)쿠폰 사용 조건 : 국제선/국내선 지니스탠다드A이상 구매시
2)쿠폰 사용 유효 기간 : 발급일 +30일 이내
3)쿠폰 탑승 유효 기간 : 발급일 +60일 이내(기간 내 리턴여정 포함)
4)탑승 제외 기간 : 없음');
Insert into COUPON (M_ID,C_NO,C_NAME,C_TYPE,S_USINGDATE,E_USINGDATE,S_BOARDINGDATE,E_BOARDINGDATE,ROUTE,DISCOUNT,SERVICE,CHANNEL,DETAIL) values ('lettuce43','C123GDE77A','신규회원 2000원 사전좌석할인권(1매)','사용가능',to_date('21/12/20','RR/MM/DD'),to_date('22/01/19','RR/MM/DD'),to_date('21/12/20','RR/MM/DD'),to_date('22/02/18','RR/MM/DD'),'국내선 전체',2000,'사전좌석지정','전체','1)쿠폰 사용 조건 : 국제선/국내선 지니스탠다드A이상 구매시
2)쿠폰 사용 유효 기간 : 발급일 +30일 이내
3)쿠폰 탑승 유효 기간 : 발급일 +60일 이내(기간 내 리턴여정 포함)
4)탑승 제외 기간 : 없음');
Insert into COUPON (M_ID,C_NO,C_NAME,C_TYPE,S_USINGDATE,E_USINGDATE,S_BOARDINGDATE,E_BOARDINGDATE,ROUTE,DISCOUNT,SERVICE,CHANNEL,DETAIL) values ('burdock435','C123GDE78A','신규회원 2000원 사전좌석할인권(1매)','사용가능',to_date('21/12/20','RR/MM/DD'),to_date('22/01/19','RR/MM/DD'),to_date('21/12/20','RR/MM/DD'),to_date('22/02/18','RR/MM/DD'),'국내선 전체',2000,'사전좌석지정','전체','1)쿠폰 사용 조건 : 국제선/국내선 지니스탠다드A이상 구매시
2)쿠폰 사용 유효 기간 : 발급일 +30일 이내
3)쿠폰 탑승 유효 기간 : 발급일 +60일 이내(기간 내 리턴여정 포함)
4)탑승 제외 기간 : 없음');
Insert into COUPON (M_ID,C_NO,C_NAME,C_TYPE,S_USINGDATE,E_USINGDATE,S_BOARDINGDATE,E_BOARDINGDATE,ROUTE,DISCOUNT,SERVICE,CHANNEL,DETAIL) values ('ginseng077','C123GDE79A','신규회원 2000원 사전좌석할인권(2매)','사용가능',to_date('21/12/20','RR/MM/DD'),to_date('22/01/19','RR/MM/DD'),to_date('21/12/20','RR/MM/DD'),to_date('22/02/18','RR/MM/DD'),'국내선 전체',2000,'사전좌석지정','전체','1)쿠폰 사용 조건 : 국제선/국내선 지니스탠다드A이상 구매시
2)쿠폰 사용 유효 기간 : 발급일 +30일 이내
3)쿠폰 탑승 유효 기간 : 발급일 +60일 이내(기간 내 리턴여정 포함)
4)탑승 제외 기간 : 없음');
Insert into COUPON (M_ID,C_NO,C_NAME,C_TYPE,S_USINGDATE,E_USINGDATE,S_BOARDINGDATE,E_BOARDINGDATE,ROUTE,DISCOUNT,SERVICE,CHANNEL,DETAIL) values ('sesame975','C123GDE80A','신규회원 2000원 사전좌석할인권(2매)','사용가능',to_date('21/12/20','RR/MM/DD'),to_date('22/01/19','RR/MM/DD'),to_date('21/12/20','RR/MM/DD'),to_date('22/02/18','RR/MM/DD'),'국내선 전체',2000,'사전좌석지정','전체','1)쿠폰 사용 조건 : 국제선/국내선 지니스탠다드A이상 구매시
2)쿠폰 사용 유효 기간 : 발급일 +30일 이내
3)쿠폰 탑승 유효 기간 : 발급일 +60일 이내(기간 내 리턴여정 포함)
4)탑승 제외 기간 : 없음');
Insert into COUPON (M_ID,C_NO,C_NAME,C_TYPE,S_USINGDATE,E_USINGDATE,S_BOARDINGDATE,E_BOARDINGDATE,ROUTE,DISCOUNT,SERVICE,CHANNEL,DETAIL) values ('peanut543','C123GDE81A','신규회원 2000원 사전좌석할인권(2매)','사용가능',to_date('21/12/20','RR/MM/DD'),to_date('22/01/19','RR/MM/DD'),to_date('21/12/20','RR/MM/DD'),to_date('22/02/18','RR/MM/DD'),'국내선 전체',2000,'사전좌석지정','전체','1)쿠폰 사용 조건 : 국제선/국내선 지니스탠다드A이상 구매시
2)쿠폰 사용 유효 기간 : 발급일 +30일 이내
3)쿠폰 탑승 유효 기간 : 발급일 +60일 이내(기간 내 리턴여정 포함)
4)탑승 제외 기간 : 없음');
Insert into COUPON (M_ID,C_NO,C_NAME,C_TYPE,S_USINGDATE,E_USINGDATE,S_BOARDINGDATE,E_BOARDINGDATE,ROUTE,DISCOUNT,SERVICE,CHANNEL,DETAIL) values ('paprika11','C123GDE82A','신규회원 2000원 사전좌석할인권(2매)','사용가능',to_date('21/12/20','RR/MM/DD'),to_date('22/01/19','RR/MM/DD'),to_date('21/12/20','RR/MM/DD'),to_date('22/02/18','RR/MM/DD'),'국내선 전체',2000,'사전좌석지정','전체','1)쿠폰 사용 조건 : 국제선/국내선 지니스탠다드A이상 구매시
2)쿠폰 사용 유효 기간 : 발급일 +30일 이내
3)쿠폰 탑승 유효 기간 : 발급일 +60일 이내(기간 내 리턴여정 포함)
4)탑승 제외 기간 : 없음');
Insert into COUPON (M_ID,C_NO,C_NAME,C_TYPE,S_USINGDATE,E_USINGDATE,S_BOARDINGDATE,E_BOARDINGDATE,ROUTE,DISCOUNT,SERVICE,CHANNEL,DETAIL) values ('seaweed22','C123GDE83A','신규회원 2000원 사전좌석할인권(2매)','사용가능',to_date('21/12/20','RR/MM/DD'),to_date('22/01/19','RR/MM/DD'),to_date('21/12/20','RR/MM/DD'),to_date('22/02/18','RR/MM/DD'),'국내선 전체',2000,'사전좌석지정','전체','1)쿠폰 사용 조건 : 국제선/국내선 지니스탠다드A이상 구매시
2)쿠폰 사용 유효 기간 : 발급일 +30일 이내
3)쿠폰 탑승 유효 기간 : 발급일 +60일 이내(기간 내 리턴여정 포함)
4)탑승 제외 기간 : 없음');
Insert into COUPON (M_ID,C_NO,C_NAME,C_TYPE,S_USINGDATE,E_USINGDATE,S_BOARDINGDATE,E_BOARDINGDATE,ROUTE,DISCOUNT,SERVICE,CHANNEL,DETAIL) values ('deodeok000','C123GDE84A','신규회원 2000원 사전좌석할인권(2매)','사용가능',to_date('21/12/20','RR/MM/DD'),to_date('22/01/19','RR/MM/DD'),to_date('21/12/20','RR/MM/DD'),to_date('22/02/18','RR/MM/DD'),'국내선 전체',2000,'사전좌석지정','전체','1)쿠폰 사용 조건 : 국제선/국내선 지니스탠다드A이상 구매시
2)쿠폰 사용 유효 기간 : 발급일 +30일 이내
3)쿠폰 탑승 유효 기간 : 발급일 +60일 이내(기간 내 리턴여정 포함)
4)탑승 제외 기간 : 없음');
Insert into COUPON (M_ID,C_NO,C_NAME,C_TYPE,S_USINGDATE,E_USINGDATE,S_BOARDINGDATE,E_BOARDINGDATE,ROUTE,DISCOUNT,SERVICE,CHANNEL,DETAIL) values ('mulberry343','C123GDE85A','신규회원 2000원 사전좌석할인권(2매)','사용가능',to_date('21/12/20','RR/MM/DD'),to_date('22/01/19','RR/MM/DD'),to_date('21/12/20','RR/MM/DD'),to_date('22/02/18','RR/MM/DD'),'국내선 전체',2000,'사전좌석지정','전체','1)쿠폰 사용 조건 : 국제선/국내선 지니스탠다드A이상 구매시
2)쿠폰 사용 유효 기간 : 발급일 +30일 이내
3)쿠폰 탑승 유효 기간 : 발급일 +60일 이내(기간 내 리턴여정 포함)
4)탑승 제외 기간 : 없음');
Insert into COUPON (M_ID,C_NO,C_NAME,C_TYPE,S_USINGDATE,E_USINGDATE,S_BOARDINGDATE,E_BOARDINGDATE,ROUTE,DISCOUNT,SERVICE,CHANNEL,DETAIL) values ('blueberry33','C123GDE86A','신규회원 2000원 사전좌석할인권(2매)','사용가능',to_date('21/12/20','RR/MM/DD'),to_date('22/01/19','RR/MM/DD'),to_date('21/12/20','RR/MM/DD'),to_date('22/02/18','RR/MM/DD'),'국내선 전체',2000,'사전좌석지정','전체','1)쿠폰 사용 조건 : 국제선/국내선 지니스탠다드A이상 구매시
2)쿠폰 사용 유효 기간 : 발급일 +30일 이내
3)쿠폰 탑승 유효 기간 : 발급일 +60일 이내(기간 내 리턴여정 포함)
4)탑승 제외 기간 : 없음');
Insert into COUPON (M_ID,C_NO,C_NAME,C_TYPE,S_USINGDATE,E_USINGDATE,S_BOARDINGDATE,E_BOARDINGDATE,ROUTE,DISCOUNT,SERVICE,CHANNEL,DETAIL) values ('walnut75','C123GDE87A','신규회원 2000원 사전좌석할인권(2매)','사용가능',to_date('21/12/20','RR/MM/DD'),to_date('22/01/19','RR/MM/DD'),to_date('21/12/20','RR/MM/DD'),to_date('22/02/18','RR/MM/DD'),'국내선 전체',2000,'사전좌석지정','전체','1)쿠폰 사용 조건 : 국제선/국내선 지니스탠다드A이상 구매시
2)쿠폰 사용 유효 기간 : 발급일 +30일 이내
3)쿠폰 탑승 유효 기간 : 발급일 +60일 이내(기간 내 리턴여정 포함)
4)탑승 제외 기간 : 없음');
REM INSERTING into DISCOUNT
SET DEFINE OFF;
Insert into DISCOUNT (D_NO,NAME,RATE,TARGET,D_TYPE) values (1,'1~4급 장애인 본인 또는 중증 장애인 본인',0.5,'공항세','슈퍼로우');
Insert into DISCOUNT (D_NO,NAME,RATE,TARGET,D_TYPE) values (2,'5~6급 장애인 본인 또는 경증 장애인 본인',0.5,'공항세','슈퍼로우');
Insert into DISCOUNT (D_NO,NAME,RATE,TARGET,D_TYPE) values (3,'1~3급 장애인 동반보호자 1명 또는 중증 장애인의 동반보호자 1명',0.5,'공항세','슈퍼로우');
Insert into DISCOUNT (D_NO,NAME,RATE,TARGET,D_TYPE) values (4,'고엽제 피해자',0.5,'공항세','슈퍼로우');
Insert into DISCOUNT (D_NO,NAME,RATE,TARGET,D_TYPE) values (5,'우수 숙련기술자',0.5,'공항세','슈퍼로우');
Insert into DISCOUNT (D_NO,NAME,RATE,TARGET,D_TYPE) values (6,'숙련기술자',0.5,'공항세','슈퍼로우');
Insert into DISCOUNT (D_NO,NAME,RATE,TARGET,D_TYPE) values (7,'대한민국명장',0.5,'공항세','슈퍼로우');
Insert into DISCOUNT (D_NO,NAME,RATE,TARGET,D_TYPE) values (8,'전국기능경기대회입상자',0.5,'공항세','슈퍼로우');
Insert into DISCOUNT (D_NO,NAME,RATE,TARGET,D_TYPE) values (9,'국제기능올림픽입상자',0.5,'공항세','슈퍼로우');
Insert into DISCOUNT (D_NO,NAME,RATE,TARGET,D_TYPE) values (10,'기초생활수급대상자',0.5,'공항세','슈퍼로우');
Insert into DISCOUNT (D_NO,NAME,RATE,TARGET,D_TYPE) values (11,'1~3급 국가유공상이자의 동반보호자 1명',0.5,'공항세','슈퍼로우');
Insert into DISCOUNT (D_NO,NAME,RATE,TARGET,D_TYPE) values (12,'국가유공상이자 본인',0.5,'공항세','슈퍼로우');
Insert into DISCOUNT (D_NO,NAME,RATE,TARGET,D_TYPE) values (13,'5/18 민주유공부상자 본인',0.5,'공항세','슈퍼로우');
Insert into DISCOUNT (D_NO,NAME,RATE,TARGET,D_TYPE) values (14,'1~4급 장애인 본인 또는 중증 장애인 본인',0.4,'운임','지니');
Insert into DISCOUNT (D_NO,NAME,RATE,TARGET,D_TYPE) values (15,'1~3급 장애인 동반보호자 1명 또는 중증 장애인의 동반보호자 1명',0.4,'운임','지니');
Insert into DISCOUNT (D_NO,NAME,RATE,TARGET,D_TYPE) values (16,'1~3급 국가유공상이자의 동반보호자 1명',0.4,'운임','지니');
Insert into DISCOUNT (D_NO,NAME,RATE,TARGET,D_TYPE) values (17,'국가유공상이자 본인',0.4,'운임','지니');
Insert into DISCOUNT (D_NO,NAME,RATE,TARGET,D_TYPE) values (18,'5/18 민주유공부상자 본인',0.4,'운임','지니');
Insert into DISCOUNT (D_NO,NAME,RATE,TARGET,D_TYPE) values (19,'국가유공자(고엽제)',0.4,'운임','지니');
Insert into DISCOUNT (D_NO,NAME,RATE,TARGET,D_TYPE) values (20,'국가유공자 본인 및 유족',0.4,'운임','지니');
Insert into DISCOUNT (D_NO,NAME,RATE,TARGET,D_TYPE) values (21,'4급 국가유공상이자의 동반보호자 1명                   ',0.4,'운임','지니');
Insert into DISCOUNT (D_NO,NAME,RATE,TARGET,D_TYPE) values (22,'국립유공자 본인',0.4,'운임','지니');
Insert into DISCOUNT (D_NO,NAME,RATE,TARGET,D_TYPE) values (23,'국립유공자 유족',0.4,'운임','지니');
Insert into DISCOUNT (D_NO,NAME,RATE,TARGET,D_TYPE) values (24,'독립유공자 동반보호자 1명',0.4,'운임','지니');
Insert into DISCOUNT (D_NO,NAME,RATE,TARGET,D_TYPE) values (25,'5/18 민주유공자 본인',0.4,'운임','지니');
Insert into DISCOUNT (D_NO,NAME,RATE,TARGET,D_TYPE) values (26,'5/18 민주유공자 유족',0.4,'운임','지니');
Insert into DISCOUNT (D_NO,NAME,RATE,TARGET,D_TYPE) values (27,'제주도민',0.1,'운임','지니');
Insert into DISCOUNT (D_NO,NAME,RATE,TARGET,D_TYPE) values (28,'재외 제주도민',0.1,'운임','지니');
Insert into DISCOUNT (D_NO,NAME,RATE,TARGET,D_TYPE) values (29,'명예 제주도민 및 배우자',0.1,'운임','지니');
Insert into DISCOUNT (D_NO,NAME,RATE,TARGET,D_TYPE) values (30,'국방부 소속 군장병',0.1,'운임','지니');
Insert into DISCOUNT (D_NO,NAME,RATE,TARGET,D_TYPE) values (31,'군인 공무원',0.1,'운임','지니');
Insert into DISCOUNT (D_NO,NAME,RATE,TARGET,D_TYPE) values (32,'군무원',0.1,'운임','지니');
REM INSERTING into DOMESTIC
SET DEFINE OFF;
Insert into DOMESTIC (IF_NO,D_TYPE,FARE,FUEL_SURCHARGE,AIRPORT_TAX,TOTAL,ROUTE) values (1,'주중선호',70000,8800,4000,82800,1);
Insert into DOMESTIC (IF_NO,D_TYPE,FARE,FUEL_SURCHARGE,AIRPORT_TAX,TOTAL,ROUTE) values (2,'주중일반',65600,8800,4000,78400,1);
Insert into DOMESTIC (IF_NO,D_TYPE,FARE,FUEL_SURCHARGE,AIRPORT_TAX,TOTAL,ROUTE) values (3,'주말선호',85000,8800,4000,97800,1);
Insert into DOMESTIC (IF_NO,D_TYPE,FARE,FUEL_SURCHARGE,AIRPORT_TAX,TOTAL,ROUTE) values (4,'주말일반',80000,8800,4000,92800,1);
Insert into DOMESTIC (IF_NO,D_TYPE,FARE,FUEL_SURCHARGE,AIRPORT_TAX,TOTAL,ROUTE) values (5,'성수기/탄력할증운임',107000,8800,4000,119800,1);
Insert into DOMESTIC (IF_NO,D_TYPE,FARE,FUEL_SURCHARGE,AIRPORT_TAX,TOTAL,ROUTE) values (6,'주중선호',60000,8800,4000,72800,2);
Insert into DOMESTIC (IF_NO,D_TYPE,FARE,FUEL_SURCHARGE,AIRPORT_TAX,TOTAL,ROUTE) values (7,'주중일반',56000,8800,4000,68800,2);
Insert into DOMESTIC (IF_NO,D_TYPE,FARE,FUEL_SURCHARGE,AIRPORT_TAX,TOTAL,ROUTE) values (8,'주말선호',73000,8800,4000,85800,2);
Insert into DOMESTIC (IF_NO,D_TYPE,FARE,FUEL_SURCHARGE,AIRPORT_TAX,TOTAL,ROUTE) values (9,'주말일반',69300,8800,4000,82100,2);
Insert into DOMESTIC (IF_NO,D_TYPE,FARE,FUEL_SURCHARGE,AIRPORT_TAX,TOTAL,ROUTE) values (10,'성수기/탄력할증운임',83000,8800,4000,95800,2);
Insert into DOMESTIC (IF_NO,D_TYPE,FARE,FUEL_SURCHARGE,AIRPORT_TAX,TOTAL,ROUTE) values (11,'주중선호',65000,8800,4000,77800,3);
Insert into DOMESTIC (IF_NO,D_TYPE,FARE,FUEL_SURCHARGE,AIRPORT_TAX,TOTAL,ROUTE) values (12,'주중일반',60100,8800,4000,72900,3);
Insert into DOMESTIC (IF_NO,D_TYPE,FARE,FUEL_SURCHARGE,AIRPORT_TAX,TOTAL,ROUTE) values (13,'주말선호',79000,8800,4000,91800,3);
Insert into DOMESTIC (IF_NO,D_TYPE,FARE,FUEL_SURCHARGE,AIRPORT_TAX,TOTAL,ROUTE) values (14,'주말일반',73000,8800,4000,85800,3);
Insert into DOMESTIC (IF_NO,D_TYPE,FARE,FUEL_SURCHARGE,AIRPORT_TAX,TOTAL,ROUTE) values (15,'성수기/탄력할증운임',95000,8800,4000,107800,3);
Insert into DOMESTIC (IF_NO,D_TYPE,FARE,FUEL_SURCHARGE,AIRPORT_TAX,TOTAL,ROUTE) values (16,'주중선호',51000,8800,4000,63800,4);
Insert into DOMESTIC (IF_NO,D_TYPE,FARE,FUEL_SURCHARGE,AIRPORT_TAX,TOTAL,ROUTE) values (17,'주중일반',48000,8800,4000,60800,4);
Insert into DOMESTIC (IF_NO,D_TYPE,FARE,FUEL_SURCHARGE,AIRPORT_TAX,TOTAL,ROUTE) values (18,'주말선호',65000,8800,4000,77800,4);
Insert into DOMESTIC (IF_NO,D_TYPE,FARE,FUEL_SURCHARGE,AIRPORT_TAX,TOTAL,ROUTE) values (19,'주말일반',60000,8800,4000,72800,4);
Insert into DOMESTIC (IF_NO,D_TYPE,FARE,FUEL_SURCHARGE,AIRPORT_TAX,TOTAL,ROUTE) values (20,'성수기/탄력할증운임',73000,8800,4000,85800,4);
Insert into DOMESTIC (IF_NO,D_TYPE,FARE,FUEL_SURCHARGE,AIRPORT_TAX,TOTAL,ROUTE) values (21,'주중',66000,8800,4000,78800,5);
Insert into DOMESTIC (IF_NO,D_TYPE,FARE,FUEL_SURCHARGE,AIRPORT_TAX,TOTAL,ROUTE) values (22,'주말',78000,8800,4000,90800,5);
Insert into DOMESTIC (IF_NO,D_TYPE,FARE,FUEL_SURCHARGE,AIRPORT_TAX,TOTAL,ROUTE) values (23,'성수기/탄력할증운임',88000,8800,4000,100800,5);
Insert into DOMESTIC (IF_NO,D_TYPE,FARE,FUEL_SURCHARGE,AIRPORT_TAX,TOTAL,ROUTE) values (24,'주중',57000,8800,4000,69800,6);
Insert into DOMESTIC (IF_NO,D_TYPE,FARE,FUEL_SURCHARGE,AIRPORT_TAX,TOTAL,ROUTE) values (25,'주말',68000,8800,4000,80800,6);
Insert into DOMESTIC (IF_NO,D_TYPE,FARE,FUEL_SURCHARGE,AIRPORT_TAX,TOTAL,ROUTE) values (26,'성수기/탄력할증운임',80000,8800,4000,92800,6);
Insert into DOMESTIC (IF_NO,D_TYPE,FARE,FUEL_SURCHARGE,AIRPORT_TAX,TOTAL,ROUTE) values (27,'주중',68000,8800,4000,80800,7);
Insert into DOMESTIC (IF_NO,D_TYPE,FARE,FUEL_SURCHARGE,AIRPORT_TAX,TOTAL,ROUTE) values (28,'주말',80000,8800,4000,92800,7);
Insert into DOMESTIC (IF_NO,D_TYPE,FARE,FUEL_SURCHARGE,AIRPORT_TAX,TOTAL,ROUTE) values (29,'성수기/탄력할증운임',90000,8800,4000,102800,7);
Insert into DOMESTIC (IF_NO,D_TYPE,FARE,FUEL_SURCHARGE,AIRPORT_TAX,TOTAL,ROUTE) values (30,'주중',73000,8800,4000,85800,8);
Insert into DOMESTIC (IF_NO,D_TYPE,FARE,FUEL_SURCHARGE,AIRPORT_TAX,TOTAL,ROUTE) values (31,'주말',86000,8800,4000,98800,8);
Insert into DOMESTIC (IF_NO,D_TYPE,FARE,FUEL_SURCHARGE,AIRPORT_TAX,TOTAL,ROUTE) values (32,'성수기/탄력할증운임',97000,8800,4000,109800,8);
Insert into DOMESTIC (IF_NO,D_TYPE,FARE,FUEL_SURCHARGE,AIRPORT_TAX,TOTAL,ROUTE) values (33,'주중',64000,8800,4000,76800,9);
Insert into DOMESTIC (IF_NO,D_TYPE,FARE,FUEL_SURCHARGE,AIRPORT_TAX,TOTAL,ROUTE) values (34,'주말',75000,8800,4000,87800,9);
Insert into DOMESTIC (IF_NO,D_TYPE,FARE,FUEL_SURCHARGE,AIRPORT_TAX,TOTAL,ROUTE) values (35,'성수기/탄력할증운임',88000,8800,4000,100800,9);
Insert into DOMESTIC (IF_NO,D_TYPE,FARE,FUEL_SURCHARGE,AIRPORT_TAX,TOTAL,ROUTE) values (36,'주중',71000,8800,4000,83800,10);
Insert into DOMESTIC (IF_NO,D_TYPE,FARE,FUEL_SURCHARGE,AIRPORT_TAX,TOTAL,ROUTE) values (37,'주말',77000,8800,4000,89800,10);
Insert into DOMESTIC (IF_NO,D_TYPE,FARE,FUEL_SURCHARGE,AIRPORT_TAX,TOTAL,ROUTE) values (38,'성수기/탄력할증운임',94000,8800,4000,106800,10);
Insert into DOMESTIC (IF_NO,D_TYPE,FARE,FUEL_SURCHARGE,AIRPORT_TAX,TOTAL,ROUTE) values (39,'주중',59000,8800,4000,71800,11);
Insert into DOMESTIC (IF_NO,D_TYPE,FARE,FUEL_SURCHARGE,AIRPORT_TAX,TOTAL,ROUTE) values (40,'주말',69000,8800,4000,81800,11);
Insert into DOMESTIC (IF_NO,D_TYPE,FARE,FUEL_SURCHARGE,AIRPORT_TAX,TOTAL,ROUTE) values (41,'성수기/탄력할증운임',81000,8800,4000,93800,11);
Insert into DOMESTIC (IF_NO,D_TYPE,FARE,FUEL_SURCHARGE,AIRPORT_TAX,TOTAL,ROUTE) values (42,'주중',73000,8800,4000,85800,12);
Insert into DOMESTIC (IF_NO,D_TYPE,FARE,FUEL_SURCHARGE,AIRPORT_TAX,TOTAL,ROUTE) values (43,'주말',86000,8800,4000,98800,12);
Insert into DOMESTIC (IF_NO,D_TYPE,FARE,FUEL_SURCHARGE,AIRPORT_TAX,TOTAL,ROUTE) values (44,'성수기/탄력할증운임',97000,8800,4000,109800,12);
Insert into DOMESTIC (IF_NO,D_TYPE,FARE,FUEL_SURCHARGE,AIRPORT_TAX,TOTAL,ROUTE) values (45,'주중',66000,8800,4000,78800,13);
Insert into DOMESTIC (IF_NO,D_TYPE,FARE,FUEL_SURCHARGE,AIRPORT_TAX,TOTAL,ROUTE) values (46,'주말',78000,8800,4000,90800,13);
Insert into DOMESTIC (IF_NO,D_TYPE,FARE,FUEL_SURCHARGE,AIRPORT_TAX,TOTAL,ROUTE) values (47,'성수기/탄력할증운임',88000,8800,4000,100800,13);
Insert into DOMESTIC (IF_NO,D_TYPE,FARE,FUEL_SURCHARGE,AIRPORT_TAX,TOTAL,ROUTE) values (48,'주중',62000,8800,4000,74800,14);
Insert into DOMESTIC (IF_NO,D_TYPE,FARE,FUEL_SURCHARGE,AIRPORT_TAX,TOTAL,ROUTE) values (49,'주말',72000,8800,4000,84800,14);
Insert into DOMESTIC (IF_NO,D_TYPE,FARE,FUEL_SURCHARGE,AIRPORT_TAX,TOTAL,ROUTE) values (50,'성수기/탄력할증운임',83000,8800,4000,95800,14);
Insert into DOMESTIC (IF_NO,D_TYPE,FARE,FUEL_SURCHARGE,AIRPORT_TAX,TOTAL,ROUTE) values (51,'주중',75000,8800,4000,87800,15);
Insert into DOMESTIC (IF_NO,D_TYPE,FARE,FUEL_SURCHARGE,AIRPORT_TAX,TOTAL,ROUTE) values (52,'주말',92000,8800,4000,104800,15);
Insert into DOMESTIC (IF_NO,D_TYPE,FARE,FUEL_SURCHARGE,AIRPORT_TAX,TOTAL,ROUTE) values (53,'성수기/탄력할증운임',110000,8800,4000,122800,15);
REM INSERTING into EVENT
SET DEFINE OFF;
Insert into EVENT (E_NO,E_NAME,SDATE,EDATE,CONTENT,PROGRESS) values (1,'진에어X하나카드 크로스데이 혜택',to_date('21/12/31','RR/MM/DD'),to_date('22/12/31','RR/MM/DD'),'https://www.jinair.com/images/promotion/211224_crossday/img_event_01.jpg','진행중');
Insert into EVENT (E_NO,E_NAME,SDATE,EDATE,CONTENT,PROGRESS) values (2,'제주면세점 진에어 회원혜택
',to_date('21/12/22','RR/MM/DD'),to_date('22/01/31','RR/MM/DD'),'https://www.jinair.com/images/promotion/211221_jeju/img_event_01.jpg','진행중');
Insert into EVENT (E_NO,E_NAME,SDATE,EDATE,CONTENT,PROGRESS) values (3,'2022년이 스마일해 진에어
',to_date('21/12/27','RR/MM/DD'),to_date('22/01/10','RR/MM/DD'),'https://www.jinair.com/images/promotion/211220_paytime/img_event_01.gif','진행중');
Insert into EVENT (E_NO,E_NAME,SDATE,EDATE,CONTENT,PROGRESS) values (4,'비즈니스 클래스 런칭기념 스페셜 혜택!
',to_date('21/12/22','RR/MM/DD'),to_date('22/01/31','RR/MM/DD'),'https://www.jinair.com/images/promotion/211217_jinibiz/img_event_01.jpg','진행중');
Insert into EVENT (E_NO,E_NAME,SDATE,EDATE,CONTENT,PROGRESS) values (5,'우리카드 한밤 중 쏟아지는 심야 혜택
',to_date('21/12/03','RR/MM/DD'),to_date('22/11/27','RR/MM/DD'),'https://www.jinair.com/images/promotion/211129_wooricard/img_event_01.gif','진행중');
Insert into EVENT (E_NO,E_NAME,SDATE,EDATE,CONTENT,PROGRESS) values (6,'매월 3번째 수요일부터 삼성카드 WEEK💙',to_date('21/11/17','RR/MM/DD'),to_date('22/01/25','RR/MM/DD'),'https://www.jinair.com/images/promotion/211112_samsung_card/img_event_01.jpg','진행중');
Insert into EVENT (E_NO,E_NAME,SDATE,EDATE,CONTENT,PROGRESS) values (7,'하나은행 환전지갑 서비스로 최대 90% 환율 우대 받자 !',to_date('21/07/01','RR/MM/DD'),to_date('22/12/31','RR/MM/DD'),'https://www.jinair.com/images/promotion/211222_exchange_wallet/img_event01.jpg','진행중');
Insert into EVENT (E_NO,E_NAME,SDATE,EDATE,CONTENT,PROGRESS) values (8,'무료 수하물/기내식과 함께 더 편해! 진에어',to_date('20/03/31','RR/MM/DD'),to_date('22/03/30','RR/MM/DD'),'https://www.jinair.com/images/promotion/200327_baggage/img_event_01.jpg','진행중');
Insert into EVENT (E_NO,E_NAME,SDATE,EDATE,CONTENT,PROGRESS) values (9,'Santa in Thailand',to_date('21/12/16','RR/MM/DD'),to_date('21/12/25','RR/MM/DD'),'https://www.jinair.com/images/promotion/211209_santa_thailand/img_event_01.jpg','종료');
Insert into EVENT (E_NO,E_NAME,SDATE,EDATE,CONTENT,PROGRESS) values (10,'작심삼일 3일쿠폰',to_date('21/12/13','RR/MM/DD'),to_date('21/12/31','RR/MM/DD'),'https://www.jinair.com/images/promotion/211203_coupon/img_event_01.jpg','종료');
Insert into EVENT (E_NO,E_NAME,SDATE,EDATE,CONTENT,PROGRESS) values (11,'나비포인트 이메일 클릭 프로모션',to_date('21/11/30','RR/MM/DD'),to_date('21/12/10','RR/MM/DD'),'https://www.jinair.com/images/promotion/211124_paulbassett/img_event_01.jpg','종료');
Insert into EVENT (E_NO,E_NAME,SDATE,EDATE,CONTENT,PROGRESS) values (12,'신규회원 할인쿠폰팩!',to_date('21/12/01','RR/MM/DD'),to_date('21/12/31','RR/MM/DD'),'https://www.jinair.com/images/promotion/211125_newmember/img_event_01.jpg','종료');
Insert into EVENT (E_NO,E_NAME,SDATE,EDATE,CONTENT,PROGRESS) values (13,'부산항공권 최대 90% 할인!',to_date('21/11/22','RR/MM/DD'),to_date('21/11/28','RR/MM/DD'),'https://www.jinair.com/images/promotion/211116_delight/img_event_01.jpg','종료');
Insert into EVENT (E_NO,E_NAME,SDATE,EDATE,CONTENT,PROGRESS) values (14,'티머니페이 전용 에어택 환승 쿠폰팩',to_date('21/11/17','RR/MM/DD'),to_date('21/11/30','RR/MM/DD'),'https://www.jinair.com/images/promotion/211111_tmoney/img_event_01.jpg','종료');
Insert into EVENT (E_NO,E_NAME,SDATE,EDATE,CONTENT,PROGRESS) values (15,'연말 쇼핑지원금 받고 제주로!',to_date('21/11/18','RR/MM/DD'),to_date('21/12/13','RR/MM/DD'),'https://www.jinair.com/images/promotion/211112_jeju/img_event_01.gif','종료');
Insert into EVENT (E_NO,E_NAME,SDATE,EDATE,CONTENT,PROGRESS) values (16,'괌 여행 이거 하나로 OK!',to_date('21/11/03','RR/MM/DD'),to_date('21/11/30','RR/MM/DD'),'https://www.jinair.com/images/promotion/211101_guam/img_event_01.jpg','종료');
Insert into EVENT (E_NO,E_NAME,SDATE,EDATE,CONTENT,PROGRESS) values (17,'진에어 FLIGHT PLAYLIST 이벤트',to_date('21/11/01','RR/MM/DD'),to_date('21/11/14','RR/MM/DD'),'https://www.jinair.com/images/promotion/211026_playlist/img_event_01.jpg','종료');
Insert into EVENT (E_NO,E_NAME,SDATE,EDATE,CONTENT,PROGRESS) values (18,'[진에어X카카오페이] 연말에도 함께 떠나볼까요? 🎄',to_date('21/10/21','RR/MM/DD'),to_date('21/10/30','RR/MM/DD'),'https://www.jinair.com/images/promotion/211018_kakao_promotion/img_event_01.jpg','종료');
Insert into EVENT (E_NO,E_NAME,SDATE,EDATE,CONTENT,PROGRESS) values (19,'진에어 딜라이트 팝업스토어 1st',to_date('21/10/18','RR/MM/DD'),to_date('21/10/27','RR/MM/DD'),'https://www.jinair.com/images/promotion/deal_light_promotion/img_event_01.jpg','종료');
Insert into EVENT (E_NO,E_NAME,SDATE,EDATE,CONTENT,PROGRESS) values (20,'딜라이트 팝업스토어 COMING SOON',to_date('21/10/13','RR/MM/DD'),to_date('21/10/18','RR/MM/DD'),'https://www.jinair.com/images/promotion/211007_deallight_promotion/img_event_01.jpg','종료');
Insert into EVENT (E_NO,E_NAME,SDATE,EDATE,CONTENT,PROGRESS) values (21,'[진에어X카카오페이] 카카오페이와 가볍게 떠나는 가을여행!',to_date('21/09/27','RR/MM/DD'),to_date('21/10/06','RR/MM/DD'),'https://www.jinair.com/images/promotion/210915_kakao_promotion/img_event_01.jpg','종료');
Insert into EVENT (E_NO,E_NAME,SDATE,EDATE,CONTENT,PROGRESS) values (22,'100% 당첨! 행운의 지니쿠폰',to_date('21/09/29','RR/MM/DD'),to_date('21/10/15','RR/MM/DD'),'https://www.jinair.com/images/promotion/210917_jini_draw/img_event_01.jpg','종료');
Insert into EVENT (E_NO,E_NAME,SDATE,EDATE,CONTENT,PROGRESS) values (23,'울산/포항 해돋이 여행 All in ONE 바우처',to_date('21/10/18','RR/MM/DD'),to_date('21/11/01','RR/MM/DD'),'https://www.jinair.com/images/promotion/210907_ulsan_pohang_promotion/img_event_01.gif','종료');
Insert into EVENT (E_NO,E_NAME,SDATE,EDATE,CONTENT,PROGRESS) values (24,'울산/포항 예매하면 호텔 숙박권 당첨의 기회가!',to_date('21/09/27','RR/MM/DD'),to_date('21/10/10','RR/MM/DD'),'https://www.jinair.com/images/promotion/220916_ulsan_pohang_promotion_2nd/img_event_01.jpg','종료');
Insert into EVENT (E_NO,E_NAME,SDATE,EDATE,CONTENT,PROGRESS) values (25,'지금이 제주로 떠날 타이밍!',to_date('21/09/14','RR/MM/DD'),to_date('21/10/10','RR/MM/DD'),'https://www.jinair.com/images/promotion/210913_jeju_promotion/img_event_01.gif','종료');
Insert into EVENT (E_NO,E_NAME,SDATE,EDATE,CONTENT,PROGRESS) values (26,'엔제리너스가 진에어에 뜬다! Angel in JINAIR',to_date('21/08/31','RR/MM/DD'),to_date('21/09/30','RR/MM/DD'),'https://www.jinair.com/images/promotion/210826_jinair_angel/img_event_01.jpg','종료');
Insert into EVENT (E_NO,E_NAME,SDATE,EDATE,CONTENT,PROGRESS) values (27,'[인천-괌] 오전출발 + 부가서비스 할인 혜택',to_date('21/08/17','RR/MM/DD'),to_date('21/10/30','RR/MM/DD'),'https://www.jinair.com/images/promotion/210813_guam/img_event_01.jpg','종료');
Insert into EVENT (E_NO,E_NAME,SDATE,EDATE,CONTENT,PROGRESS) values (28,'최대 3만원 할인! 늦캉스 혜택모음.zip',to_date('21/08/18','RR/MM/DD'),to_date('21/08/31','RR/MM/DD'),'https://www.jinair.com/images/promotion/210812_jinair_promotion/img_event_01.jpg','종료');
Insert into EVENT (E_NO,E_NAME,SDATE,EDATE,CONTENT,PROGRESS) values (29,'[진에어X카카오페이] 더 크게 돌아온 할인혜택 3탄',to_date('21/08/09','RR/MM/DD'),to_date('21/08/31','RR/MM/DD'),'https://www.jinair.com/images/promotion/210819_kakao_promotion/img_event_01.jpg','종료');
Insert into EVENT (E_NO,E_NAME,SDATE,EDATE,CONTENT,PROGRESS) values (30,'2021 진에어 음원 공모전',to_date('21/08/02','RR/MM/DD'),to_date('21/08/31','RR/MM/DD'),'https://www.jinair.com/images/promotion/210726_jinair_promotion/img_event_01.jpg','종료');
Insert into EVENT (E_NO,E_NAME,SDATE,EDATE,CONTENT,PROGRESS) values (31,'진에어 인스타 방탈출 이벤트',to_date('21/08/05','RR/MM/DD'),to_date('21/08/15','RR/MM/DD'),'https://www.jinair.com/images/promotion/210723_jinair_instagram/img_event_01.jpg','종료');
REM INSERTING into FAQ
SET DEFINE OFF;
Insert into FAQ (F_NO,F_GROUP,F_GROUP2,TITLE,CONTENT) values (1,'항공권 예매','예약,결제','e-티켓 이란 무엇인가요?','e-티켓은 전자항공권을써, 종전의 종이 항공권과는 달리, 지점을 방문하실 필요 없이, 서비스 센터로 전화하시거나 진에어 홈페이지에 접속핫어 손쉽게 예매하실 수 있습니다. ');
Insert into FAQ (F_NO,F_GROUP,F_GROUP2,TITLE,CONTENT) values (2,'항공권 예매','예약,결제','이중으로 결제가 되었는데 어떻게 해야 하나요? ','이중으로 결제가 된 경우에는 Q&A를 이용하셔서 다음과 같은 사항을 알려주시면 조치해 드리겠습니다.');
Insert into FAQ (F_NO,F_GROUP,F_GROUP2,TITLE,CONTENT) values (3,'항공권 예매','변경,환불','국내선 항공권 환불규정에 대해 알려주세요.','국내선 항공권은 환불하시는 시점에 따라 환불 수수료가 공제됩니다.. ');
Insert into FAQ (F_NO,F_GROUP,F_GROUP2,TITLE,CONTENT) values (4,'항공권 예매','변경,환불','국제선 항공권을 구입후 편도만 사용하였습니다. 환불금이 어느정도 될까요? ','구매하신 항공권이 운임규정상 부분환불 가능한 항공권일 경우 환불금은 사용 구간의 편도 판매가 및 환불 수수료를 공제한 잔여 금액으로 산정됩니다. ');
Insert into FAQ (F_NO,F_GROUP,F_GROUP2,TITLE,CONTENT) values (5,'항공권 예매','사전좌석지정','사전좌석지정이 가능한가요?','신청방법 -홈페이지/모바일 구매 시 부가서비스 신청 ');
Insert into FAQ (F_NO,F_GROUP,F_GROUP2,TITLE,CONTENT) values (6,'항공권 예매','사전좌석지정','비상구 좌석 예약하고 싶은데, 조건이 있나요?','홈페이지 혹은 고객센터를 통해 좌석 예약으 가능합니다. ( 출발 24시간 전까지 구매가능 )');
Insert into FAQ (F_NO,F_GROUP,F_GROUP2,TITLE,CONTENT) values (7,'항공권 예매','지니플러스 좌석','지니플러스(JINI PLUS) 좌석은 어떻게 신청하나요? ','지니 플러스 좌석은 일반석 대비, 15cm 더 넓은 좌석으로 우선 하기 수하물 서비스가 제공되고 있습니다. ');
Insert into FAQ (F_NO,F_GROUP,F_GROUP2,TITLE,CONTENT) values (8,'항공권 예매','지니플러스 좌석','여행 당일날 공항에서 지니플러스 좌석으로 변경이 가능한가요?','네, 공항 현장에서 지니플러스 좌석이 구매 가능합니다. ');
Insert into FAQ (F_NO,F_GROUP,F_GROUP2,TITLE,CONTENT) values (9,'항공권 예매','번들 서비스','번들 서비스는 국내선 예약시에 예약할 수 없나요? ','국내선은 번들 상품 미운영입니다.');
Insert into FAQ (F_NO,F_GROUP,F_GROUP2,TITLE,CONTENT) values (10,'항공권 예매','번들 서비스','부가서비스 취소 시 수수료 발생하나요? ','각 부가서비스의 사전 판매 마감 시점까지는 취소 패널티 없이 환불 가능합니다. ');
Insert into FAQ (F_NO,F_GROUP,F_GROUP2,TITLE,CONTENT) values (11,'항공권 예매','기타(영수증 발급 등)','공항이용료는 어떻게 지불하나요?','공항이용료는 항공요금과 별도로 항공권 구매시 포함되거나 현지 공항에서 지불됩니다.');
Insert into FAQ (F_NO,F_GROUP,F_GROUP2,TITLE,CONTENT) values (12,'항공권 예매','기타(영수증 발급 등)','해외 현지 공항세 환율은 어떻게 정해지나요?','항공권의 환율은 국제항공운송협회 규정에 따라 매일 한국시간 0시 기준 적용 됩니다. ');
Insert into FAQ (F_NO,F_GROUP,F_GROUP2,TITLE,CONTENT) values (13,'할인제도','가족운임 할인제도','가족 운임이 무엇인가요?','가족운임은 가족 여행 문화 활성화르 위해 진에어에서 국내 최초로 신설한 운이입니다.');
Insert into FAQ (F_NO,F_GROUP,F_GROUP2,TITLE,CONTENT) values (14,'할인제도','제주,제외,명예도민 할인제도','제주/재외도민 그리고 명예도민 할인 되나요?','제주도민 또는 제주도에 본적이나 원적을 두고 있으면서 제주가 아닌 다른 지역에 거주하는 재외도민 또는 .....');
Insert into FAQ (F_NO,F_GROUP,F_GROUP2,TITLE,CONTENT) values (15,'할인제도','기타 제휴 할인 ','제휴 렌터카 업체가 있나요?','스마트한 진에어 고객에게 드리는 스마트한 드라이빙 혜택으로 홈페이지에서 확인하실 수 있습니다.');
Insert into FAQ (F_NO,F_GROUP,F_GROUP2,TITLE,CONTENT) values (16,'할인제도','기타 제휴 할인 ','제휴나 무이자 할부 카드는 어떤게 있나요?','홈페이지에서 제휴 카드, 환율 우대, 무이자 할부 등 각종 카드 혜택을 확인하실 수 있습니다.');
Insert into FAQ (F_NO,F_GROUP,F_GROUP2,TITLE,CONTENT) values (17,'할인제도','기타 제휴 할인 ','지니 보딩패스는 무엇인가요? ','진에어 지니 보딩패스는 진에어 홈페이지에 소개되어 있는 제휴사에 탑승권을 제시 하시면 통신, 쇼핑, 레져 등 각종 혜택을 드리는 진에어의 고객 서비스 프로그램입니다.');
Insert into FAQ (F_NO,F_GROUP,F_GROUP2,TITLE,CONTENT) values (18,'프로모션','슬림한 진','진MARKET과 슬림한진 프로모션의 차이점은 무엇인가요?','진MARKET은 연 2회, 10일동안 최저가운임을 판매하는 온라인 정기 바겐 세일이며, 슬림한 진은 진MARKET 다음으로 최저가 운임의 얼리버드 항공권 판매 프로모션을 의미합니다.');
Insert into FAQ (F_NO,F_GROUP,F_GROUP2,TITLE,CONTENT) values (19,'프로모션','진MARKET','진MARKET은 1년에 몇 번 운영 하나요?','1년에 두번, 10일동안 오픈되는 초특가 항공권 세일 이벤트로 매년 상/하반기에 진행됩니다.');
Insert into FAQ (F_NO,F_GROUP,F_GROUP2,TITLE,CONTENT) values (20,'프로모션','진MARKET','진MARKET 예약할 때 본인 이외 탑승자도 예약 가능한가요?','진MARKET 운임은 회원 본인 외 타인의 항공권 구매도 가능합니다. ');
Insert into FAQ (F_NO,F_GROUP,F_GROUP2,TITLE,CONTENT) values (21,'체크인(수속)','공항 체크인','서울역 도심공항에서 수속이 가능한가요?','네, 이용 가능합니다. 자세한 사항은 홈페이지를 참고하여 주십시오.');
Insert into FAQ (F_NO,F_GROUP,F_GROUP2,TITLE,CONTENT) values (22,'체크인(수속)','공항 체크인','여행 당일 수속은 언제부터 가능한가요?','탑승 수속 카운터는 통상 항공기 출발 2시간 30분전부터 운영합니다.');
Insert into FAQ (F_NO,F_GROUP,F_GROUP2,TITLE,CONTENT) values (23,'체크인(수속)','웹,모바일 체크인','웹/모바일 체크인이 안돼요.','해외에서 출발하는 편은 나리타, 오사카, 후쿠오카 등 일부 구간만 가능하오니 홈페이지 참고 바랍니다. ');
Insert into FAQ (F_NO,F_GROUP,F_GROUP2,TITLE,CONTENT) values (24,'체크인(수속)','웹,모바일 체크인','웹/모바일 체크인(온라인 체크인) 가능한가요?','네, 홈페이지나 모바일 APP을 통해 하실 수 있으며 항공기 출발시간 24시간 전부터 가능합니다.');
Insert into FAQ (F_NO,F_GROUP,F_GROUP2,TITLE,CONTENT) values (25,'체크인(수속)','셀프 체크인','공항에서 셀프체크인이 가능한가요?','네, 카우터 앞쪽에 위치되어 있는 KIOSK 셀프체크이 기기를 사용하시면 체크인이 가능합니다.');
Insert into FAQ (F_NO,F_GROUP,F_GROUP2,TITLE,CONTENT) values (26,'체크인(수속)','셀프 체크인','공항에서 셀프체크인은 출발 몇시간 전부터 가능한가요?','KIOSK는 당일 출발 비행기에 한하여 00시 01분부터 OPEN이 되어있습니다.');
Insert into FAQ (F_NO,F_GROUP,F_GROUP2,TITLE,CONTENT) values (27,'체크인(수속)','여행서류','입국이 거절된 승객은 어떻게 되나요?','우리나라 출입국 관리법 제 76조 2항에 의하면 외국에서 입국하는 승객이 한국에서 입국을 거절 당할 경우, 그 승객을 모시고 온 항공사가 원래 출발지로 ...');
Insert into FAQ (F_NO,F_GROUP,F_GROUP2,TITLE,CONTENT) values (28,'체크인(수속)','여행서류','국내선 이용 시 유효 신분증에 대해 알려주세요.','1.대한민국 관공서/공공기관/초중등교육법 및... ');
Insert into FAQ (F_NO,F_GROUP,F_GROUP2,TITLE,CONTENT) values (29,'수하물','휴대 수하물','기내 반입이 안 되는 물품이 있나요?','관계법령에 의거, 항공 안전에 위해가 될 수 있는 품목은 기내반입이 제한됩니다.');
Insert into FAQ (F_NO,F_GROUP,F_GROUP2,TITLE,CONTENT) values (30,'수하물','휴대 수하물','리튬배터리를 기내에 가지고 갈 수 있나요?','리튬배터리는 160W이하/ 리튬 함유량 8g이하일 경우, 사용 용도와 개수 등에 따라 제한적으로 수하물로 운반이 가능합니다.');
Insert into FAQ (F_NO,F_GROUP,F_GROUP2,TITLE,CONTENT) values (31,'수하물','위탁 수하물','수하물이 무료인가요?','모든 항공권에 무료 수하물이 제공되며 아래 상세 규정을 참고해주시기 바랍니다.');
Insert into FAQ (F_NO,F_GROUP,F_GROUP2,TITLE,CONTENT) values (32,'수하물','위탁 수하물','수하물 몇 키로까지 부칠 수 있나요?','무료 위탁 수하물 규정은 아래와 같습니다. ');
Insert into FAQ (F_NO,F_GROUP,F_GROUP2,TITLE,CONTENT) values (33,'수하물','기내 유실물','기내에 물건을 놓고 내렸는데 어떻게 해야하나요?','홈페이지 ''기내 유실물 찾기''메뉴에서 유실물 습득 여부 확인이 가능합니다.');
Insert into FAQ (F_NO,F_GROUP,F_GROUP2,TITLE,CONTENT) values (34,'수하물','수하물 배상','수하물이 파손됐는데, 보상 절차가 어떻게 되나요?','고객님께서 진에어에 위탁하신 수하물이 당사의 고의 또는 과실로 분실 또는 파손된 경우, 진에어 수하물 배상 규정에 따라서 배상 받으실 수 있습니다. ');
Insert into FAQ (F_NO,F_GROUP,F_GROUP2,TITLE,CONTENT) values (35,'수하물','수하물 배상','수하물을 분실했는데 배상을 받을 수 있나요?','고객님께서 진에어에 위탁하신 수하물이 당사의 고의 또는 과실로 분실 또는 파손된 경우, 진에어 수하물 배상 규정에 따라서 배상 받으실 수 있습니다. ');
Insert into FAQ (F_NO,F_GROUP,F_GROUP2,TITLE,CONTENT) values (36,'도움이 필요하신 고객 ','유아동반,임산부 고객','어린이 혼자 비행기를 탈 수 있나요?','진에어는 현재 성인 비동반 소아 서비스를 실시하고 있지 않습니다.');
Insert into FAQ (F_NO,F_GROUP,F_GROUP2,TITLE,CONTENT) values (37,'도움이 필요하신 고객 ','유아동반,임산부 고객','임신중인데 비행기를 탈 수 있나요?','임시부의 경우 임신 기간 및 임신 형태에 따라 여행 가능 여부가 달라질 수 있습니다. ');
Insert into FAQ (F_NO,F_GROUP,F_GROUP2,TITLE,CONTENT) values (38,'도움이 필요하신 고객 ','반려동물과 여행하는 고객 ','반려동물 케이지를 공항에서 구매할 수 있나요?','국내선에 한하여, 공항 수속카운터에서 기내반입용 케이스 구매가 가능합니다.');
Insert into FAQ (F_NO,F_GROUP,F_GROUP2,TITLE,CONTENT) values (39,'도움이 필요하신 고객 ','반려동물과 여행하는 고객 ','반려동물도 같이 탑승할 수 있나요?','진에어는 개, 고양이, 새에 한하여 운송이 가능합니다.');
Insert into FAQ (F_NO,F_GROUP,F_GROUP2,TITLE,CONTENT) values (40,'도움이 필요하신 고객 ','몸이 불편하신 고객','해외 공항 도착 시 휠체어 대여 가능한가요?','네 , 가능합니다. 도착 공항에서 휠체어가 필요하신 경우 마이페이지 또는 고객센터를 통해 ...');
Insert into FAQ (F_NO,F_GROUP,F_GROUP2,TITLE,CONTENT) values (41,'도움이 필요하신 고객 ','몸이 불편하신 고객','개인 휠체어를 이용할 예정인데 제한사항이있나요?','본인의 휠체어를 가지고 여행하시는 경우, 항공기 탑승구까지 휠체어를 사용하여 이동하시거나 .. ');
Insert into FAQ (F_NO,F_GROUP,F_GROUP2,TITLE,CONTENT) values (42,'도움이 필요하신 고객 ','보조호흡장치 사용 고객','보조호흡장비를 사용해야하는데 사전에 예약해야 되나요? ','승객 소유 보조호흡장비 사용 안내');
Insert into FAQ (F_NO,F_GROUP,F_GROUP2,TITLE,CONTENT) values (43,'기내서비스','기내식','기내식 무료인가요?','그럼요 진에어에서는 국내 LCC 중 유일하게 노선별로 지정된 다양한 메뉴의 무료기내식을 제공하고 있습니다.');
Insert into FAQ (F_NO,F_GROUP,F_GROUP2,TITLE,CONTENT) values (44,'기내서비스','기내식','국내선도 기내식이 제공되나요?','아쉽게도 기내식은 국제선에서만 제공되고 있습니다.');
Insert into FAQ (F_NO,F_GROUP,F_GROUP2,TITLE,CONTENT) values (45,'기내서비스','기내유상판매','지니 스토어가 뭔가요? 어떻게 이용하죠?','지니 스토어란 진에어에서 제공하는 기내 유상 판매 서비스의 또 다른 이름입니다.');
Insert into FAQ (F_NO,F_GROUP,F_GROUP2,TITLE,CONTENT) values (46,'기내서비스','기내유상판매','기내에서 판매하는 음식 메뉴를 확인할 수 있나요?','홈페이지 서비스>기내서비스>기내유상판매 에서 상세 Menu를 확인 하실 수 있습니다.');
Insert into FAQ (F_NO,F_GROUP,F_GROUP2,TITLE,CONTENT) values (47,'기내서비스','기내 면세품','기내 면세품 구매 한도가 있나요?','신용카드 결제시 미화 1,500불 또는 그에 상당하는 원화 금액 한도내에서 구입 가능하며...');
Insert into FAQ (F_NO,F_GROUP,F_GROUP2,TITLE,CONTENT) values (48,'기내서비스','기내 면세품','기내 면세품 수령 후 교환/환불 가능한가요?','기내 면세품의 교환 및 환불은 상품 하자로 인한 경우로 제한되며, 해당 상품 구입일 기준 20일 이내에 가능합니다.');
Insert into FAQ (F_NO,F_GROUP,F_GROUP2,TITLE,CONTENT) values (49,'기내서비스','기타 서비스','기내에서 생수가 무료로 제공되나요?','물론입니다 전 노선 시원한 생수가 준비되어 있습니다.');
Insert into FAQ (F_NO,F_GROUP,F_GROUP2,TITLE,CONTENT) values (50,'기내서비스','기타 서비스','이착륙 시에 전자기기를 어디에 보관해야 하나요?','태블릿 PC, E-READER, 스마트폰 ,MP3 플레이어 등 작고 가벼운 휴대용 전자기기는 항공기 지상 이동 및 이, 착륙 시 손에 쥐고 사용하시거나 좌석 앞 주머니에 보관하실 수 있습니다.');
Insert into FAQ (F_NO,F_GROUP,F_GROUP2,TITLE,CONTENT) values (51,'홈페이지','회원가입,변경','아이디/비밀번호를 잊어버렸어요. 어떻게 찾죠?','아이디나 비밀번호를 분실하신 경우에는 다음과 같은 절차로 고객님께서 직접 찾으실 수 있습니다. ');
Insert into FAQ (F_NO,F_GROUP,F_GROUP2,TITLE,CONTENT) values (52,'홈페이지','회원가입,변경','아이디를 변경하고 싶어요. 방법을 알려 주세요','죄송합니다만, 고객님께서 이미 등록하신 아이디는 다른 아이디로 변경하실 수 없습니다. ');
Insert into FAQ (F_NO,F_GROUP,F_GROUP2,TITLE,CONTENT) values (53,'홈페이지','비회원','비회원은 예약조회를 어떻게 할 수 있나요?','홈페이지 좌측 상단의 ‘나의 예약’ 메뉴를 클릭하신 뒤, [예약번호, 탑승자명, 출발일자]를 입력한 후에 ‘확인’ 버튼을 클릭하시면 예약 조회가 가능합니다. ');
Insert into FAQ (F_NO,F_GROUP,F_GROUP2,TITLE,CONTENT) values (54,'홈페이지','비회원','비회원 구매 후 회원 가입했는데, 로그인 후 비회원 구매 내역 조회가 되나요?','비회원 구매 후 회원 가입을 하신 경우, 아래의 방법으로 별도 예약 조회가 가능합니다');
Insert into FAQ (F_NO,F_GROUP,F_GROUP2,TITLE,CONTENT) values (55,'홈페이지','탈퇴','탈퇴 후 재가입 가능한가요?','회원 탈퇴 후에는 탈퇴일로부터 14일이 경과하여야 JINAIR 회원으로 재가입하실 수 있습니다. ');
Insert into FAQ (F_NO,F_GROUP,F_GROUP2,TITLE,CONTENT) values (56,'홈페이지','탈퇴','회원 탈퇴는 어떻게 하나요?','1. 회원 탈퇴 절차는 어떻게 되나요? 
고객님이 원하신다면 로그인 후, 마이페이지의 회원정보 변경 메뉴에서 회원 탈퇴를 하실 수 있습니다.');
Insert into FAQ (F_NO,F_GROUP,F_GROUP2,TITLE,CONTENT) values (57,'홈페이지','기타','휴면 아이디 해지 방법이 궁금합니다','본인인증을 통해 해제하거나, 고객서비스센터(1600-6200, 02-6099-1200)를 통해 휴면계정 해제 신청하실 수 있습니다. ');
Insert into FAQ (F_NO,F_GROUP,F_GROUP2,TITLE,CONTENT) values (58,'홈페이지','기타','진에어는 제 3자에게 회원 정보를 제공하나요?','진에어는 법령에 근거가 있는 등의 예외적인 경우를 제외하고 이용자의 동의 없이 개인정보를 제3자에게 제공하지 않습니다.');
Insert into FAQ (F_NO,F_GROUP,F_GROUP2,TITLE,CONTENT) values (59,'공동운항','대한항공 공동운항','대한항공 공동운항편인데 웹/모바일 체크인 이용 방법을 알려주세요.','대한항공 공동운항편으로 예매하신 승객께서는 아래와 같은 방법으로 웹/모바일 체크인을 이용하실 수 있습니다.');
Insert into FAQ (F_NO,F_GROUP,F_GROUP2,TITLE,CONTENT) values (60,'공동운항','대한항공 공동운항','대한항공 공동운항편으로 예매했는데 기내식 사전 주문이 가능할까요?','공동운항편으로 예매하신 항공권은 유상 기내식 사전 주문이 가능하지 않습니다.');
Insert into FAQ (F_NO,F_GROUP,F_GROUP2,TITLE,CONTENT) values (61,'나비포인트','적립,소멸','탑승하고 나면 나비포인트가 자동으로 적립되나요?','진에어 홈페이지 회원으로 로그인한 상태로 (홈페이지ID 보유) 본인의 항공권을 구입한 경우, 탑승 후 익일에 나비포인트가 자동으로 적립됩니다.');
Insert into FAQ (F_NO,F_GROUP,F_GROUP2,TITLE,CONTENT) values (62,'나비포인트','적립,소멸','자동적립을 못했고, 예약번호도 모르는데 나비포인트를 어떻게 적립해야 하나요?','항공기 탑승 완료 후 30일 이내에, 고객서비스센터(1600-6200) 또는 홈페이지 고객의 말씀(Q&A)을 통해 성명, 일자, 탑승구간의 정확한 개인정보를 제공하는 경우에 한하여 나비포인트 적립 절차 및 필요사항을 안내해드립니다. ');
Insert into FAQ (F_NO,F_GROUP,F_GROUP2,TITLE,CONTENT) values (63,'나비포인트','사용(보너스 항공권)','보너스 항공권은 본인만 쓸 수 있나요?','보너스 항공권은 나비포인트 보유자 본인만 사용 가능합니다.');
Insert into FAQ (F_NO,F_GROUP,F_GROUP2,TITLE,CONTENT) values (64,'나비포인트','사용(보너스 항공권)','보너스 항공권은 노선/시즌에 상관없이 예약할 수 있나요?','보너스 항공권은 국내선 이용만 가능하며, 설/추석 연휴, 휴가철 및 일부 공휴일 등에는 이용 불가합니다.  ');
Insert into FAQ (F_NO,F_GROUP,F_GROUP2,TITLE,CONTENT) values (65,'기타','회사안내','진에어에서 운항하는 항공기는 어떤 기종인가요?','진에어에서 운영하는 항공기 기종은B737-800과 B777-200ER 2종류 입니다. ');
Insert into FAQ (F_NO,F_GROUP,F_GROUP2,TITLE,CONTENT) values (66,'기타','회사안내','	
비행기 기종이 궁금합니다.','진에어에서 운영하는 항공기 기종은B737-800과 B777-200ER 2종류 입니다. ');
Insert into FAQ (F_NO,F_GROUP,F_GROUP2,TITLE,CONTENT) values (67,'기타','고객센터','Q&A 답변 언제되나요?','고객님께서 남겨주신 문의는 접수 순서에 따라 최대한 신속히 안내해 드리고 있습니다만,    
주말, 공휴일에 접수된 문의나 관계기관 등의 확인이 필요한 문의는 회신이 다소 지체될 수 있는 점 양해 부탁 드립니다.');
Insert into FAQ (F_NO,F_GROUP,F_GROUP2,TITLE,CONTENT) values (68,'기타','고객센터','고객센터(상담원) 연락이 되지 않아요.','고객서비스센터 문의 접수량이 많을 경우 연결이 어려울 수 있는 점 양해 말씀 드립니다.   ');
Insert into FAQ (F_NO,F_GROUP,F_GROUP2,TITLE,CONTENT) values (69,'기타','제휴,문의 등','	
제휴 문의는 어디로 하면 될까요?','저희 회사에 대한 귀사의 관심에 진심으로 감사 드립니다.  ');
REM INSERTING into FOOD
SET DEFINE OFF;
Insert into FOOD (F_NO,KIND,PRICE) values (1,'한 입 가득 불고기 치아바타 샌드위치',10000);
Insert into FOOD (F_NO,KIND,PRICE) values (2,'건강 가득 닭가슴살 샐러드',10000);
Insert into FOOD (F_NO,KIND,PRICE) values (3,'영양만점 삼계찜',10000);
Insert into FOOD (F_NO,KIND,PRICE) values (4,'매콤달달 쿵파오 치킨',10000);
Insert into FOOD (F_NO,KIND,PRICE) values (5,'싱싱한 토마토 모듬 해산물',10000);
Insert into FOOD (F_NO,KIND,PRICE) values (6,'파스트라미 샌드위치',10000);
Insert into FOOD (F_NO,KIND,PRICE) values (7,'오동통 쉬림프 샐러드',11000);
Insert into FOOD (F_NO,KIND,PRICE) values (8,'훈제 연어 샐러드',12000);
Insert into FOOD (F_NO,KIND,PRICE) values (9,'이탈리안 닭가슴살 샌드위치',14000);
Insert into FOOD (F_NO,KIND,PRICE) values (10,'지니 키즈밀 – 오므라이스 세트',12000);
Insert into FOOD (F_NO,KIND,PRICE) values (11,'지니 키즈밀 – 샌드위치 세트',12000);
REM INSERTING into INTERNATIONAL
SET DEFINE OFF;
Insert into INTERNATIONAL (OF_NO,I_TYPE,BOOKING_GRADE,FARE,FUEL_SURCHARGE,TAX,TOTAL,ROUTE) values (1,'지니','Y ',660000,38000,66500,764500,16);
Insert into INTERNATIONAL (OF_NO,I_TYPE,BOOKING_GRADE,FARE,FUEL_SURCHARGE,TAX,TOTAL,ROUTE) values (2,'지니','W ',560000,38000,66500,664500,16);
Insert into INTERNATIONAL (OF_NO,I_TYPE,BOOKING_GRADE,FARE,FUEL_SURCHARGE,TAX,TOTAL,ROUTE) values (3,'지니','D ',480000,38000,66500,584500,16);
Insert into INTERNATIONAL (OF_NO,I_TYPE,BOOKING_GRADE,FARE,FUEL_SURCHARGE,TAX,TOTAL,ROUTE) values (4,'플렉스','E ',390000,38000,66500,494500,16);
Insert into INTERNATIONAL (OF_NO,I_TYPE,BOOKING_GRADE,FARE,FUEL_SURCHARGE,TAX,TOTAL,ROUTE) values (5,'플렉스','H ',340000,38000,66500,444500,16);
Insert into INTERNATIONAL (OF_NO,I_TYPE,BOOKING_GRADE,FARE,FUEL_SURCHARGE,TAX,TOTAL,ROUTE) values (6,'플렉스','K ',300000,38000,66500,404500,16);
Insert into INTERNATIONAL (OF_NO,I_TYPE,BOOKING_GRADE,FARE,FUEL_SURCHARGE,TAX,TOTAL,ROUTE) values (7,'플렉스','L ',270000,38000,66500,374500,16);
Insert into INTERNATIONAL (OF_NO,I_TYPE,BOOKING_GRADE,FARE,FUEL_SURCHARGE,TAX,TOTAL,ROUTE) values (8,'플렉스','Q ',240000,38000,66500,344500,16);
Insert into INTERNATIONAL (OF_NO,I_TYPE,BOOKING_GRADE,FARE,FUEL_SURCHARGE,TAX,TOTAL,ROUTE) values (9,'플렉스','B ',200000,38000,66500,304500,16);
Insert into INTERNATIONAL (OF_NO,I_TYPE,BOOKING_GRADE,FARE,FUEL_SURCHARGE,TAX,TOTAL,ROUTE) values (10,'플렉스','N ',170000,38000,66500,274500,16);
Insert into INTERNATIONAL (OF_NO,I_TYPE,BOOKING_GRADE,FARE,FUEL_SURCHARGE,TAX,TOTAL,ROUTE) values (11,'슈퍼로우','M ',150000,38000,66500,254500,16);
Insert into INTERNATIONAL (OF_NO,I_TYPE,BOOKING_GRADE,FARE,FUEL_SURCHARGE,TAX,TOTAL,ROUTE) values (12,'슈퍼로우','X ',130000,38000,66500,234500,16);
Insert into INTERNATIONAL (OF_NO,I_TYPE,BOOKING_GRADE,FARE,FUEL_SURCHARGE,TAX,TOTAL,ROUTE) values (13,'지니','Y ',554000,28600,71100,653700,17);
Insert into INTERNATIONAL (OF_NO,I_TYPE,BOOKING_GRADE,FARE,FUEL_SURCHARGE,TAX,TOTAL,ROUTE) values (14,'지니','W ',490000,28600,71100,589700,17);
Insert into INTERNATIONAL (OF_NO,I_TYPE,BOOKING_GRADE,FARE,FUEL_SURCHARGE,TAX,TOTAL,ROUTE) values (15,'지니','D ',440000,28600,71100,539700,17);
Insert into INTERNATIONAL (OF_NO,I_TYPE,BOOKING_GRADE,FARE,FUEL_SURCHARGE,TAX,TOTAL,ROUTE) values (16,'플렉스','E ',380000,28600,71100,479700,17);
Insert into INTERNATIONAL (OF_NO,I_TYPE,BOOKING_GRADE,FARE,FUEL_SURCHARGE,TAX,TOTAL,ROUTE) values (17,'플렉스','H ',330000,28600,71100,429700,17);
Insert into INTERNATIONAL (OF_NO,I_TYPE,BOOKING_GRADE,FARE,FUEL_SURCHARGE,TAX,TOTAL,ROUTE) values (18,'플렉스','K ',280000,28600,71100,379700,17);
Insert into INTERNATIONAL (OF_NO,I_TYPE,BOOKING_GRADE,FARE,FUEL_SURCHARGE,TAX,TOTAL,ROUTE) values (19,'플렉스','L ',240000,28600,71100,339700,17);
Insert into INTERNATIONAL (OF_NO,I_TYPE,BOOKING_GRADE,FARE,FUEL_SURCHARGE,TAX,TOTAL,ROUTE) values (20,'플렉스','Q ',200000,28600,71100,299700,17);
Insert into INTERNATIONAL (OF_NO,I_TYPE,BOOKING_GRADE,FARE,FUEL_SURCHARGE,TAX,TOTAL,ROUTE) values (21,'플렉스','B ',170000,28600,71100,269700,17);
Insert into INTERNATIONAL (OF_NO,I_TYPE,BOOKING_GRADE,FARE,FUEL_SURCHARGE,TAX,TOTAL,ROUTE) values (22,'플렉스','N ',140000,28600,71100,239700,17);
Insert into INTERNATIONAL (OF_NO,I_TYPE,BOOKING_GRADE,FARE,FUEL_SURCHARGE,TAX,TOTAL,ROUTE) values (23,'슈퍼로우','M ',120000,28600,71100,219700,17);
Insert into INTERNATIONAL (OF_NO,I_TYPE,BOOKING_GRADE,FARE,FUEL_SURCHARGE,TAX,TOTAL,ROUTE) values (24,'슈퍼로우','X ',100000,28600,71100,199700,17);
Insert into INTERNATIONAL (OF_NO,I_TYPE,BOOKING_GRADE,FARE,FUEL_SURCHARGE,TAX,TOTAL,ROUTE) values (25,'지니','Y ',436000,28600,48800,513400,18);
Insert into INTERNATIONAL (OF_NO,I_TYPE,BOOKING_GRADE,FARE,FUEL_SURCHARGE,TAX,TOTAL,ROUTE) values (26,'지니','W ',400000,28600,48800,477400,18);
Insert into INTERNATIONAL (OF_NO,I_TYPE,BOOKING_GRADE,FARE,FUEL_SURCHARGE,TAX,TOTAL,ROUTE) values (27,'지니','D ',360000,28600,48800,437400,18);
Insert into INTERNATIONAL (OF_NO,I_TYPE,BOOKING_GRADE,FARE,FUEL_SURCHARGE,TAX,TOTAL,ROUTE) values (28,'플렉스','E ',320000,28600,48800,397400,18);
Insert into INTERNATIONAL (OF_NO,I_TYPE,BOOKING_GRADE,FARE,FUEL_SURCHARGE,TAX,TOTAL,ROUTE) values (29,'플렉스','H ',280000,28600,48800,357400,18);
Insert into INTERNATIONAL (OF_NO,I_TYPE,BOOKING_GRADE,FARE,FUEL_SURCHARGE,TAX,TOTAL,ROUTE) values (30,'플렉스','K ',240000,28600,48800,317400,18);
Insert into INTERNATIONAL (OF_NO,I_TYPE,BOOKING_GRADE,FARE,FUEL_SURCHARGE,TAX,TOTAL,ROUTE) values (31,'플렉스','L ',200000,28600,48800,277400,18);
Insert into INTERNATIONAL (OF_NO,I_TYPE,BOOKING_GRADE,FARE,FUEL_SURCHARGE,TAX,TOTAL,ROUTE) values (32,'플렉스','Q ',170000,28600,48800,247400,18);
Insert into INTERNATIONAL (OF_NO,I_TYPE,BOOKING_GRADE,FARE,FUEL_SURCHARGE,TAX,TOTAL,ROUTE) values (33,'플렉스','B ',140000,28600,48800,217400,18);
Insert into INTERNATIONAL (OF_NO,I_TYPE,BOOKING_GRADE,FARE,FUEL_SURCHARGE,TAX,TOTAL,ROUTE) values (34,'플렉스','N ',120000,28600,48800,197400,18);
Insert into INTERNATIONAL (OF_NO,I_TYPE,BOOKING_GRADE,FARE,FUEL_SURCHARGE,TAX,TOTAL,ROUTE) values (35,'슈퍼로우','M ',100000,28600,48800,177400,18);
Insert into INTERNATIONAL (OF_NO,I_TYPE,BOOKING_GRADE,FARE,FUEL_SURCHARGE,TAX,TOTAL,ROUTE) values (36,'슈퍼로우','X ',80000,28600,48800,157400,18);
Insert into INTERNATIONAL (OF_NO,I_TYPE,BOOKING_GRADE,FARE,FUEL_SURCHARGE,TAX,TOTAL,ROUTE) values (37,'지니','Y ',1090000,38000,39800,1167800,22);
Insert into INTERNATIONAL (OF_NO,I_TYPE,BOOKING_GRADE,FARE,FUEL_SURCHARGE,TAX,TOTAL,ROUTE) values (38,'지니','Y1',1000000,38000,39800,1077800,22);
Insert into INTERNATIONAL (OF_NO,I_TYPE,BOOKING_GRADE,FARE,FUEL_SURCHARGE,TAX,TOTAL,ROUTE) values (39,'지니','W ',920000,38000,39800,997800,22);
Insert into INTERNATIONAL (OF_NO,I_TYPE,BOOKING_GRADE,FARE,FUEL_SURCHARGE,TAX,TOTAL,ROUTE) values (40,'지니','W1',850000,38000,39800,927800,22);
Insert into INTERNATIONAL (OF_NO,I_TYPE,BOOKING_GRADE,FARE,FUEL_SURCHARGE,TAX,TOTAL,ROUTE) values (41,'지니','W2',780000,38000,39800,857800,22);
Insert into INTERNATIONAL (OF_NO,I_TYPE,BOOKING_GRADE,FARE,FUEL_SURCHARGE,TAX,TOTAL,ROUTE) values (42,'지니','D ',750000,38000,39800,827800,22);
Insert into INTERNATIONAL (OF_NO,I_TYPE,BOOKING_GRADE,FARE,FUEL_SURCHARGE,TAX,TOTAL,ROUTE) values (43,'지니','D1',680000,38000,39800,757800,22);
Insert into INTERNATIONAL (OF_NO,I_TYPE,BOOKING_GRADE,FARE,FUEL_SURCHARGE,TAX,TOTAL,ROUTE) values (44,'지니','D2',610000,38000,39800,687800,22);
Insert into INTERNATIONAL (OF_NO,I_TYPE,BOOKING_GRADE,FARE,FUEL_SURCHARGE,TAX,TOTAL,ROUTE) values (45,'플렉스','E ',580000,38000,39800,657800,22);
Insert into INTERNATIONAL (OF_NO,I_TYPE,BOOKING_GRADE,FARE,FUEL_SURCHARGE,TAX,TOTAL,ROUTE) values (46,'플렉스','E1',490000,38000,39800,567800,22);
Insert into INTERNATIONAL (OF_NO,I_TYPE,BOOKING_GRADE,FARE,FUEL_SURCHARGE,TAX,TOTAL,ROUTE) values (47,'플렉스','H ',400000,38000,39800,477800,22);
Insert into INTERNATIONAL (OF_NO,I_TYPE,BOOKING_GRADE,FARE,FUEL_SURCHARGE,TAX,TOTAL,ROUTE) values (48,'플렉스','K ',360000,38000,39800,437800,22);
Insert into INTERNATIONAL (OF_NO,I_TYPE,BOOKING_GRADE,FARE,FUEL_SURCHARGE,TAX,TOTAL,ROUTE) values (49,'플렉스','L ',320000,38000,39800,397800,22);
Insert into INTERNATIONAL (OF_NO,I_TYPE,BOOKING_GRADE,FARE,FUEL_SURCHARGE,TAX,TOTAL,ROUTE) values (50,'플렉스','Q ',280000,38000,39800,357800,22);
Insert into INTERNATIONAL (OF_NO,I_TYPE,BOOKING_GRADE,FARE,FUEL_SURCHARGE,TAX,TOTAL,ROUTE) values (51,'플렉스','B ',240000,38000,39800,317800,22);
Insert into INTERNATIONAL (OF_NO,I_TYPE,BOOKING_GRADE,FARE,FUEL_SURCHARGE,TAX,TOTAL,ROUTE) values (52,'플렉스','N ',210000,38000,39800,287800,22);
Insert into INTERNATIONAL (OF_NO,I_TYPE,BOOKING_GRADE,FARE,FUEL_SURCHARGE,TAX,TOTAL,ROUTE) values (53,'슈퍼로우','M ',180000,38000,39800,257800,22);
Insert into INTERNATIONAL (OF_NO,I_TYPE,BOOKING_GRADE,FARE,FUEL_SURCHARGE,TAX,TOTAL,ROUTE) values (54,'슈퍼로우','X ',160000,38000,39800,237800,22);
Insert into INTERNATIONAL (OF_NO,I_TYPE,BOOKING_GRADE,FARE,FUEL_SURCHARGE,TAX,TOTAL,ROUTE) values (55,'지니','Y ',920000,64200,50100,1034300,29);
Insert into INTERNATIONAL (OF_NO,I_TYPE,BOOKING_GRADE,FARE,FUEL_SURCHARGE,TAX,TOTAL,ROUTE) values (56,'지니','W ',840000,64200,50100,954300,29);
Insert into INTERNATIONAL (OF_NO,I_TYPE,BOOKING_GRADE,FARE,FUEL_SURCHARGE,TAX,TOTAL,ROUTE) values (57,'지니','D ',760000,64200,50100,874300,29);
Insert into INTERNATIONAL (OF_NO,I_TYPE,BOOKING_GRADE,FARE,FUEL_SURCHARGE,TAX,TOTAL,ROUTE) values (58,'플렉스','E ',680000,64200,50100,794300,29);
Insert into INTERNATIONAL (OF_NO,I_TYPE,BOOKING_GRADE,FARE,FUEL_SURCHARGE,TAX,TOTAL,ROUTE) values (59,'플렉스','H ',590000,64200,50100,704300,29);
Insert into INTERNATIONAL (OF_NO,I_TYPE,BOOKING_GRADE,FARE,FUEL_SURCHARGE,TAX,TOTAL,ROUTE) values (60,'플렉스','K ',500000,64200,50100,614300,29);
Insert into INTERNATIONAL (OF_NO,I_TYPE,BOOKING_GRADE,FARE,FUEL_SURCHARGE,TAX,TOTAL,ROUTE) values (61,'플렉스','L ',440000,64200,50100,554300,29);
Insert into INTERNATIONAL (OF_NO,I_TYPE,BOOKING_GRADE,FARE,FUEL_SURCHARGE,TAX,TOTAL,ROUTE) values (62,'플렉스','Q ',380000,64200,50100,494300,29);
Insert into INTERNATIONAL (OF_NO,I_TYPE,BOOKING_GRADE,FARE,FUEL_SURCHARGE,TAX,TOTAL,ROUTE) values (63,'플렉스','B ',320000,64200,50100,434300,29);
Insert into INTERNATIONAL (OF_NO,I_TYPE,BOOKING_GRADE,FARE,FUEL_SURCHARGE,TAX,TOTAL,ROUTE) values (64,'플렉스','N ',270000,64200,50100,384300,29);
Insert into INTERNATIONAL (OF_NO,I_TYPE,BOOKING_GRADE,FARE,FUEL_SURCHARGE,TAX,TOTAL,ROUTE) values (65,'슈퍼로우','M ',230000,64200,50100,344300,29);
Insert into INTERNATIONAL (OF_NO,I_TYPE,BOOKING_GRADE,FARE,FUEL_SURCHARGE,TAX,TOTAL,ROUTE) values (66,'슈퍼로우','X ',190000,64200,50100,304300,29);
Insert into INTERNATIONAL (OF_NO,I_TYPE,BOOKING_GRADE,FARE,FUEL_SURCHARGE,TAX,TOTAL,ROUTE) values (67,'지니','Y ',837800,64200,58400,960400,32);
Insert into INTERNATIONAL (OF_NO,I_TYPE,BOOKING_GRADE,FARE,FUEL_SURCHARGE,TAX,TOTAL,ROUTE) values (68,'지니','W ',770000,64200,58400,892600,32);
Insert into INTERNATIONAL (OF_NO,I_TYPE,BOOKING_GRADE,FARE,FUEL_SURCHARGE,TAX,TOTAL,ROUTE) values (69,'지니','D ',710000,64200,58400,832600,32);
Insert into INTERNATIONAL (OF_NO,I_TYPE,BOOKING_GRADE,FARE,FUEL_SURCHARGE,TAX,TOTAL,ROUTE) values (70,'플렉스','E ',650000,64200,58400,772600,32);
Insert into INTERNATIONAL (OF_NO,I_TYPE,BOOKING_GRADE,FARE,FUEL_SURCHARGE,TAX,TOTAL,ROUTE) values (71,'플렉스','H ',590000,64200,58400,712600,32);
Insert into INTERNATIONAL (OF_NO,I_TYPE,BOOKING_GRADE,FARE,FUEL_SURCHARGE,TAX,TOTAL,ROUTE) values (72,'플렉스','K ',540000,64200,58400,662600,32);
Insert into INTERNATIONAL (OF_NO,I_TYPE,BOOKING_GRADE,FARE,FUEL_SURCHARGE,TAX,TOTAL,ROUTE) values (73,'플렉스','L ',480000,64200,58400,602600,32);
Insert into INTERNATIONAL (OF_NO,I_TYPE,BOOKING_GRADE,FARE,FUEL_SURCHARGE,TAX,TOTAL,ROUTE) values (74,'플렉스','Q ',410000,64200,58400,532600,32);
Insert into INTERNATIONAL (OF_NO,I_TYPE,BOOKING_GRADE,FARE,FUEL_SURCHARGE,TAX,TOTAL,ROUTE) values (75,'플렉스','B ',360000,64200,58400,482600,32);
Insert into INTERNATIONAL (OF_NO,I_TYPE,BOOKING_GRADE,FARE,FUEL_SURCHARGE,TAX,TOTAL,ROUTE) values (76,'플렉스','N ',310000,64200,58400,432600,32);
Insert into INTERNATIONAL (OF_NO,I_TYPE,BOOKING_GRADE,FARE,FUEL_SURCHARGE,TAX,TOTAL,ROUTE) values (77,'슈퍼로우','M ',260000,64200,58400,382600,32);
Insert into INTERNATIONAL (OF_NO,I_TYPE,BOOKING_GRADE,FARE,FUEL_SURCHARGE,TAX,TOTAL,ROUTE) values (78,'슈퍼로우','X ',210000,64200,58400,332600,32);
REM INSERTING into LOST_MANAGEMENT
SET DEFINE OFF;
Insert into LOST_MANAGEMENT (LM_NO,FLIGHT_NO,AIRPORT,ITEM,IMAGE,S_DATE) values ('21CJU02247','LJ410','제주공항지점','기타 전자제품','https://files.jinair.com/prd/2021/1230/thumbnail/d0a5ee4c4c664cd79aff20026d8df9441.jpg',to_date('21/11/01','RR/MM/DD'));
Insert into LOST_MANAGEMENT (LM_NO,FLIGHT_NO,AIRPORT,ITEM,IMAGE,S_DATE) values ('21CJU02248','LJ302','제주공항지점','이어폰/휴대폰','https://files.jinair.com/prd/2021/1230/thumbnail/50c53ff48f5c4eb3968867f600603df72.jpg',to_date('21/11/02','RR/MM/DD'));
Insert into LOST_MANAGEMENT (LM_NO,FLIGHT_NO,AIRPORT,ITEM,IMAGE,S_DATE) values ('21CJU02249','LJ422','제주공항지점','기타 전자제품','https://files.jinair.com/prd/2021/1230/thumbnail/cc89fa83168546cbb1e9d251cfce05612.jpg',to_date('21/11/03','RR/MM/DD'));
Insert into LOST_MANAGEMENT (LM_NO,FLIGHT_NO,AIRPORT,ITEM,IMAGE,S_DATE) values ('21CJU02250','LJ358','제주공항지점','기타','https://files.jinair.com/prd/2021/1230/thumbnail/41b79dccb8b54761a5db6ae2041061831.jpg',to_date('21/11/04','RR/MM/DD'));
Insert into LOST_MANAGEMENT (LM_NO,FLIGHT_NO,AIRPORT,ITEM,IMAGE,S_DATE) values ('21CJU02251','LJ304','제주공항지점','기타','https://files.jinair.com/prd/2021/1230/thumbnail/d5a72a1162dd43e5a6e2f810c0dcf1621.jpeg',to_date('21/11/05','RR/MM/DD'));
Insert into LOST_MANAGEMENT (LM_NO,FLIGHT_NO,AIRPORT,ITEM,IMAGE,S_DATE) values ('21CJU02252','LJ372','제주공항지점','기타','https://files.jinair.com/prd/2021/1230/thumbnail/3fb3d60ee5d74716a8a9019698fe04171.jpeg',to_date('21/11/06','RR/MM/DD'));
Insert into LOST_MANAGEMENT (LM_NO,FLIGHT_NO,AIRPORT,ITEM,IMAGE,S_DATE) values ('21CJU02253','LJ344','제주공항지점','기타','https://files.jinair.com/prd/2021/1230/thumbnail/e3142f79bb134d218b6549d64ceda1072.jpg',to_date('21/11/07','RR/MM/DD'));
Insert into LOST_MANAGEMENT (LM_NO,FLIGHT_NO,AIRPORT,ITEM,IMAGE,S_DATE) values ('21CJU02254','LJ378','제주공항지점','시계','https://files.jinair.com/prd/2021/1230/thumbnail/86b012a733e64245bf5c6f8b9e1cf4182.jpg',to_date('21/11/08','RR/MM/DD'));
Insert into LOST_MANAGEMENT (LM_NO,FLIGHT_NO,AIRPORT,ITEM,IMAGE,S_DATE) values ('21CJU02255','LJ390','제주공항지점','시계','https://files.jinair.com/prd/2021/1230/thumbnail/b78d9b1383cf47d5b7c1cb2e927400872.jpg',to_date('21/11/09','RR/MM/DD'));
Insert into LOST_MANAGEMENT (LM_NO,FLIGHT_NO,AIRPORT,ITEM,IMAGE,S_DATE) values ('21CJU02256','LJ310','제주공항지점','이어폰/휴대폰','https://files.jinair.com/prd/2021/1230/thumbnail/476893d9a53b4e2081337f7360ea6cfc2.jpg',to_date('21/11/10','RR/MM/DD'));
Insert into LOST_MANAGEMENT (LM_NO,FLIGHT_NO,AIRPORT,ITEM,IMAGE,S_DATE) values ('21CJU02257','LJ380','제주공항지점','기타','https://files.jinair.com/prd/2021/1230/thumbnail/98ddfa15dd2d4362bb1e634498fb24d22.jpeg',to_date('21/11/11','RR/MM/DD'));
Insert into LOST_MANAGEMENT (LM_NO,FLIGHT_NO,AIRPORT,ITEM,IMAGE,S_DATE) values ('21CJU02258','LJ314','제주공항지점','기타','https://files.jinair.com/prd/2021/1230/thumbnail/f7599f6e69774441bfff7567da6096ee2.jpeg',to_date('21/11/12','RR/MM/DD'));
Insert into LOST_MANAGEMENT (LM_NO,FLIGHT_NO,AIRPORT,ITEM,IMAGE,S_DATE) values ('21CJU02259','LJ346','김포공항지점','식품','https://files.jinair.com/prd/2021/1229/thumbnail/4dfffa202e634434b084c7ebfd1e84301.jpg',to_date('21/11/13','RR/MM/DD'));
Insert into LOST_MANAGEMENT (LM_NO,FLIGHT_NO,AIRPORT,ITEM,IMAGE,S_DATE) values ('21CJU02260','LJ392','김포공항지점','이어폰/휴대폰','https://files.jinair.com/prd/2021/1229/thumbnail/dd4c86ce49af48a89717656372dd4fee1.jpg',to_date('21/11/14','RR/MM/DD'));
Insert into LOST_MANAGEMENT (LM_NO,FLIGHT_NO,AIRPORT,ITEM,IMAGE,S_DATE) values ('21CJU02261','LJ374','김포공항지점','액세서리','https://files.jinair.com/prd/2021/1229/thumbnail/731458a0ff124f78a48d4fc3015c67641.jpeg',to_date('21/11/15','RR/MM/DD'));
Insert into LOST_MANAGEMENT (LM_NO,FLIGHT_NO,AIRPORT,ITEM,IMAGE,S_DATE) values ('21CJU02262','LJ320','김포공항지점','기타','https://files.jinair.com/prd/2021/1229/thumbnail/eccb7aeef18040989fb693d2809427132.jpg',to_date('21/11/16','RR/MM/DD'));
Insert into LOST_MANAGEMENT (LM_NO,FLIGHT_NO,AIRPORT,ITEM,IMAGE,S_DATE) values ('21CJU02263','LJ354','김포공항지점','기타','https://files.jinair.com/prd/2021/1229/thumbnail/be3424ebbacc4fba9e6cdfce1ec3d42e2.jpg',to_date('21/11/17','RR/MM/DD'));
Insert into LOST_MANAGEMENT (LM_NO,FLIGHT_NO,AIRPORT,ITEM,IMAGE,S_DATE) values ('21CJU02264','LJ322','김포공항지점','기타','https://files.jinair.com/prd/2021/1229/thumbnail/3cccd643acd542f48d508274c82dedfc2.jpg',to_date('21/11/18','RR/MM/DD'));
Insert into LOST_MANAGEMENT (LM_NO,FLIGHT_NO,AIRPORT,ITEM,IMAGE,S_DATE) values ('21CJU02265','LJ382','김포공항지점','이어폰/휴대폰','https://images.jinair.com/images/ready/default.jpg',to_date('21/11/19','RR/MM/DD'));
Insert into LOST_MANAGEMENT (LM_NO,FLIGHT_NO,AIRPORT,ITEM,IMAGE,S_DATE) values ('21CJU02266','LJ396','김포공항지점','노트북/태블릿','https://files.jinair.com/prd/2021/1229/thumbnail/f7cb787a590e45bd8dedd7ced898da5e2.jpeg',to_date('21/11/20','RR/MM/DD'));
Insert into LOST_MANAGEMENT (LM_NO,FLIGHT_NO,AIRPORT,ITEM,IMAGE,S_DATE) values ('21CJU02267','LJ328','김포공항지점','화장품','https://files.jinair.com/prd/2021/1229/thumbnail/3f89f6ec3e674f8991d5d5b433bb31da1.jpeg',to_date('21/11/21','RR/MM/DD'));
Insert into LOST_MANAGEMENT (LM_NO,FLIGHT_NO,AIRPORT,ITEM,IMAGE,S_DATE) values ('21CJU02268','LJ398','김포공항지점','이어폰/휴대폰','https://files.jinair.com/prd/2021/1229/thumbnail/df646e0af43a463b848df9c767c71c412.jpg',to_date('21/11/22','RR/MM/DD'));
Insert into LOST_MANAGEMENT (LM_NO,FLIGHT_NO,AIRPORT,ITEM,IMAGE,S_DATE) values ('21CJU02269','LJ386','광주공항지점','기타','https://files.jinair.com/prd/2021/1229/thumbnail/e11cf0b107184e48bf1697744d8d22fd2.jpeg',to_date('21/11/23','RR/MM/DD'));
Insert into LOST_MANAGEMENT (LM_NO,FLIGHT_NO,AIRPORT,ITEM,IMAGE,S_DATE) values ('21CJU02270','LJ332','광주공항지점','식품','https://files.jinair.com/prd/2021/1229/thumbnail/e8a3806d1acd47d08afa4f0cfba5afed2.jpeg',to_date('21/11/24','RR/MM/DD'));
Insert into LOST_MANAGEMENT (LM_NO,FLIGHT_NO,AIRPORT,ITEM,IMAGE,S_DATE) values ('21CJU02271','LJ424','광주공항지점','모자','https://files.jinair.com/prd/2021/1228/thumbnail/4b2d109355fa4c609ac4aeab5bbdcdcc1.jpg',to_date('21/11/25','RR/MM/DD'));
Insert into LOST_MANAGEMENT (LM_NO,FLIGHT_NO,AIRPORT,ITEM,IMAGE,S_DATE) values ('21CJU02272','LJ362','광주공항지점','기타','https://files.jinair.com/prd/2021/1228/thumbnail/285d48914e8446319d6335ce812375b31.jpg',to_date('21/11/26','RR/MM/DD'));
Insert into LOST_MANAGEMENT (LM_NO,FLIGHT_NO,AIRPORT,ITEM,IMAGE,S_DATE) values ('21CJU02273','LJ376','부산공항지점','안경/선글라스','https://files.jinair.com/prd/2021/1228/thumbnail/52f44a7e16cb4b38962dec8e8f3331522.jpg',to_date('21/11/27','RR/MM/DD'));
Insert into LOST_MANAGEMENT (LM_NO,FLIGHT_NO,AIRPORT,ITEM,IMAGE,S_DATE) values ('21CJU02274','LJ408','부산공항지점','기타','https://files.jinair.com/prd/2021/1228/thumbnail/dd58628a0ac84e03b223846d74d902fe2.jpg',to_date('21/11/28','RR/MM/DD'));
Insert into LOST_MANAGEMENT (LM_NO,FLIGHT_NO,AIRPORT,ITEM,IMAGE,S_DATE) values ('21CJU02275','LJ328','부산공항지점','기타 전자제품','https://files.jinair.com/prd/2021/1228/thumbnail/e9171b3599ed47aa814234038c3e676e2.jpg',to_date('21/11/29','RR/MM/DD'));
Insert into LOST_MANAGEMENT (LM_NO,FLIGHT_NO,AIRPORT,ITEM,IMAGE,S_DATE) values ('21CJU02276','LJ424','부산공항지점','도서','https://files.jinair.com/prd/2021/1228/thumbnail/a47818dd64d842078b00e8df3d70f1a21.jpg',to_date('21/11/30','RR/MM/DD'));
REM INSERTING into LOST_RECIPIENT
SET DEFINE OFF;
Insert into LOST_RECIPIENT (LR_NO,B_NO,S_NO,RECEIVE,CONTENT,IDCARD_IMAGE,LM_NO,M_ID) values (4,'A12BY2-1',98,'방문수령','분실물과 일치하는 디자인이며, 이름이 써있음.','https://www.hanam.go.kr/site/www/images/contents/char/char_item1.jpg','21CJU02250','grape78');
Insert into LOST_RECIPIENT (LR_NO,B_NO,S_NO,RECEIVE,CONTENT,IDCARD_IMAGE,LM_NO,M_ID) values (5,'A12BY2-1',99,'방문수령','분실시각과 발견시각이 일치함.','https://encrypted-tbn0.gstatic.com/images?q=tbn:ANd9GcRR9mY0amTpj8PKbWqbu9690h75pbCvRAiaeA&usqp=CAU','21CJU02251','raisin90');
Insert into LOST_RECIPIENT (LR_NO,B_NO,S_NO,RECEIVE,CONTENT,IDCARD_IMAGE,LM_NO,M_ID) values (6,'A12BY2-2',121,'방문수령','긁힌 흔적의 위치와 제품 안의 보증서의 날짜를 정확히 앎.','https://encrypted-tbn0.gstatic.com/images?q=tbn:ANd9GcR5KanzT4xwzRPyuH9BplMZaIveq1yz8BsW5XyfHcCtD8_rfigdXO-O3hK20wkojrq9_18&usqp=CAU','21CJU02252','grapefruit88');
Insert into LOST_RECIPIENT (LR_NO,B_NO,S_NO,RECEIVE,CONTENT,IDCARD_IMAGE,LM_NO,M_ID) values (7,'A12BY2-2',122,'방문수령','분실물과 일치하는 디자인이며, 이름이 써있음.','https://encrypted-tbn0.gstatic.com/images?q=tbn:ANd9GcQp7zuXmTHbfkCZBQeztCDHiI9ohU1UaG_fGtgQWNvtxS0by8VkWxt_3DXEUzeGGAoWM9I&usqp=CAU','21CJU02253','cherry1234');
Insert into LOST_RECIPIENT (LR_NO,B_NO,S_NO,RECEIVE,CONTENT,IDCARD_IMAGE,LM_NO,M_ID) values (8,'A12BY2-2',123,'방문수령','분실시각과 발견시각이 일치함.','https://i.pinimg.com/474x/d7/30/4c/d7304cf891084af53493e7ea6c13e4c0--wallpaper-iphone-desktop-backgrounds.jpg','21CJU02254','peach54');
Insert into LOST_RECIPIENT (LR_NO,B_NO,S_NO,RECEIVE,CONTENT,IDCARD_IMAGE,LM_NO,M_ID) values (9,'A12BY3-1',2,'방문수령','긁힌 흔적의 위치와 제품 안의 보증서의 날짜를 정확히 앎.','https://i.pinimg.com/originals/6a/7d/27/6a7d271ddf33d53b2679382630466bd6.gif','21CJU02255','papaya87');
Insert into LOST_RECIPIENT (LR_NO,B_NO,S_NO,RECEIVE,CONTENT,IDCARD_IMAGE,LM_NO,M_ID) values (10,'A12BY4-1',10,'방문수령','분실물과 일치하는 디자인이며, 이름이 써있음.','https://www.plasedu.org/plas/data/cmu_free/3749955376_qL6sGWRk_1486b88ceb30c4a332df76c4ff18f6e7498b46b1.jpg','21CJU02256','tomato5644');
Insert into LOST_RECIPIENT (LR_NO,B_NO,S_NO,RECEIVE,CONTENT,IDCARD_IMAGE,LM_NO,M_ID) values (11,'A12BY4-1',11,'방문수령','분실시각과 발견시각이 일치함.','https://encrypted-tbn0.gstatic.com/images?q=tbn:ANd9GcQPS9-R5Lp84UhnF3I0UNYNzSVDM-TJF-MApUExaJj3VLiy-6quswJyDvhwXSPd-DNWNAY&usqp=CAU','21CJU02257','lime4543');
Insert into LOST_RECIPIENT (LR_NO,B_NO,S_NO,RECEIVE,CONTENT,IDCARD_IMAGE,LM_NO,M_ID) values (12,'A12BY4-1',12,'착불 택배 수령','긁힌 흔적의 위치와 제품 안의 보증서의 날짜를 정확히 앎.','https://en.pimg.jp/068/704/572/1/68704572.jpg','21CJU02258','lemon32');
Insert into LOST_RECIPIENT (LR_NO,B_NO,S_NO,RECEIVE,CONTENT,IDCARD_IMAGE,LM_NO,M_ID) values (13,'A12BY4-1',13,'착불 택배 수령','분실물과 일치하는 디자인이며, 이름이 써있음.','https://media.istockphoto.com/vectors/cute-cloud-rainy-kawaii-character-vector-id881060312?s=612x612','21CJU02259','lettuce765');
Insert into LOST_RECIPIENT (LR_NO,B_NO,S_NO,RECEIVE,CONTENT,IDCARD_IMAGE,LM_NO,M_ID) values (14,'C34DX1-1',3,'착불 택배 수령','분실시각과 발견시각이 일치함.','https://cdn.class101.net/images/5cced470-8f25-40e8-b0e1-9806cc9302ae/1200x630','21CJU02260','celery8668');
Insert into LOST_RECIPIENT (LR_NO,B_NO,S_NO,RECEIVE,CONTENT,IDCARD_IMAGE,LM_NO,M_ID) values (15,'C34DX2-1',52,'착불 택배 수령','긁힌 흔적의 위치와 제품 안의 보증서의 날짜를 정확히 앎.','https://lh3.googleusercontent.com/proxy/PPgijRO-f5jZPOiMomd1MDiKwBHXb5pHbWkp5sY3ovRBby6Mhgd21yfMMv3m_DhSo4Y17tDI9UtMR0meloj-XcrM8CBbG1gG2iTkF6g9fLEY','21CJU02261','radish3432');
Insert into LOST_RECIPIENT (LR_NO,B_NO,S_NO,RECEIVE,CONTENT,IDCARD_IMAGE,LM_NO,M_ID) values (16,'C34DX2-1',54,'착불 택배 수령','분실물과 일치하는 디자인이며, 이름이 써있음.','https://encrypted-tbn0.gstatic.com/images?q=tbn:ANd9GcSzyv66fGBDlSXHQ92znIUA9x2xIIReI61MMrshWqKAP2RSRVrF2ENKJpPFiityq3lQeSs&usqp=CAU','21CJU02262','onion98');
Insert into LOST_RECIPIENT (LR_NO,B_NO,S_NO,RECEIVE,CONTENT,IDCARD_IMAGE,LM_NO,M_ID) values (17,'C34DX2-2',61,'착불 택배 수령','분실시각과 발견시각이 일치함.','https://image.freepik.com/free-vector/cute-animal-characters-duck_235100-137.jpg','21CJU02263','garlic231');
Insert into LOST_RECIPIENT (LR_NO,B_NO,S_NO,RECEIVE,CONTENT,IDCARD_IMAGE,LM_NO,M_ID) values (18,'C34DX2-2',63,'착불 택배 수령','긁힌 흔적의 위치와 제품 안의 보증서의 날짜를 정확히 앎.','https://image.freepik.com/free-vector/cute-animal-characters-chicken_235100-132.jpg','21CJU02264','mustard');
Insert into LOST_RECIPIENT (LR_NO,B_NO,S_NO,RECEIVE,CONTENT,IDCARD_IMAGE,LM_NO,M_ID) values (19,'C34DX3-1',76,'착불 택배 수령','분실물과 일치하는 디자인이며, 이름이 써있음.','https://image.freepik.com/free-vector/cute-animal-characters-cow_235100-133.jpg','21CJU02265','wheat131');
Insert into LOST_RECIPIENT (LR_NO,B_NO,S_NO,RECEIVE,CONTENT,IDCARD_IMAGE,LM_NO,M_ID) values (20,'C34DX3-1',77,'착불 택배 수령','분실시각과 발견시각이 일치함.','http://www.gotoyland.co.kr/shopimages/nooritoys1/0700000054702.jpg','21CJU02266','lettuce43');
Insert into LOST_RECIPIENT (LR_NO,B_NO,S_NO,RECEIVE,CONTENT,IDCARD_IMAGE,LM_NO,M_ID) values (21,'C34DX3-1',78,'착불 택배 수령','긁힌 흔적의 위치와 제품 안의 보증서의 날짜를 정확히 앎.','https://contents.lotteon.com/itemimage/LO/10/29/06/31/44/_1/02/90/63/14/5/LO1029063144_1029063145_1.jpg','21CJU02267','burdock435');
Insert into LOST_RECIPIENT (LR_NO,B_NO,S_NO,RECEIVE,CONTENT,IDCARD_IMAGE,LM_NO,M_ID) values (22,'E56FH1-1',82,'착불 택배 수령','분실물과 일치하는 디자인이며, 이름이 써있음.','https://t1.daumcdn.net/cfile/tistory/24431F4558ECF30419','21CJU02268','ginseng077');
Insert into LOST_RECIPIENT (LR_NO,B_NO,S_NO,RECEIVE,CONTENT,IDCARD_IMAGE,LM_NO,M_ID) values (23,'E56FH1-1',84,'착불 택배 수령','분실시각과 발견시각이 일치함.','https://encrypted-tbn0.gstatic.com/images?q=tbn:ANd9GcQ2m7fOE7m1nhl7uVskDFNPeahinNRGGw245Q&usqp=CAU','21CJU02269','sesame975');
Insert into LOST_RECIPIENT (LR_NO,B_NO,S_NO,RECEIVE,CONTENT,IDCARD_IMAGE,LM_NO,M_ID) values (24,'E56FH1-2',154,'착불 택배 수령','긁힌 흔적의 위치와 제품 안의 보증서의 날짜를 정확히 앎.','https://data.ygosu.com/editor/attach/20141207/20141207133342_xoznzibl.jpg','21CJU02270','peanut543');
Insert into LOST_RECIPIENT (LR_NO,B_NO,S_NO,RECEIVE,CONTENT,IDCARD_IMAGE,LM_NO,M_ID) values (25,'E56FH1-2',156,'착불 택배 수령','분실물과 일치하는 디자인이며, 이름이 써있음.','https://encrypted-tbn0.gstatic.com/images?q=tbn:ANd9GcSeMI9TXE0tyCSXoHKOzxLKTDy4PzyhAZjc4A&usqp=CAU','21CJU02271','paprika11');
Insert into LOST_RECIPIENT (LR_NO,B_NO,S_NO,RECEIVE,CONTENT,IDCARD_IMAGE,LM_NO,M_ID) values (26,'E56FH2-1',163,'착불 택배 수령','분실시각과 발견시각이 일치함.','https://encrypted-tbn0.gstatic.com/images?q=tbn:ANd9GcT74jeRZTRMk7BzSQaktY00ILt6nkWDyqdD8gIljjInMS01t5wGc-GhfRwFEeixyUN9HLY&usqp=CAU','21CJU02272','seaweed22');
Insert into LOST_RECIPIENT (LR_NO,B_NO,S_NO,RECEIVE,CONTENT,IDCARD_IMAGE,LM_NO,M_ID) values (27,'E56FH2-1',164,'착불 택배 수령','긁힌 흔적의 위치와 제품 안의 보증서의 날짜를 정확히 앎.','https://encrypted-tbn0.gstatic.com/images?q=tbn:ANd9GcSGiSbgdAoEyVP1TS2Hwz1A_Z9riHCFhbrR3Q&usqp=CAU','21CJU02273','deodeok000');
Insert into LOST_RECIPIENT (LR_NO,B_NO,S_NO,RECEIVE,CONTENT,IDCARD_IMAGE,LM_NO,M_ID) values (28,'E56FH2-1',165,'착불 택배 수령','분실물과 일치하는 디자인이며, 이름이 써있음.','https://encrypted-tbn0.gstatic.com/images?q=tbn:ANd9GcQQ3ZIE21X4nWLMNvVzg0W9TsQN39ZQOsm2KQ_xlVwQFfMMXbCpHyrGSA55cLsKmrPC2p8&usqp=CAU','21CJU02274','mulberry343');
Insert into LOST_RECIPIENT (LR_NO,B_NO,S_NO,RECEIVE,CONTENT,IDCARD_IMAGE,LM_NO,M_ID) values (29,'E56FH2-1',162,'착불 택배 수령','분실시각과 발견시각이 일치함.','https://encrypted-tbn0.gstatic.com/images?q=tbn:ANd9GcTaThxZ9uKFfQkYNezUH-IAXFGNaFKLbvOwQQ&usqp=CAU','21CJU02275','blueberry33');
Insert into LOST_RECIPIENT (LR_NO,B_NO,S_NO,RECEIVE,CONTENT,IDCARD_IMAGE,LM_NO,M_ID) values (30,'E56FH3-1',189,'착불 택배 수령','긁힌 흔적의 위치와 제품 안의 보증서의 날짜를 정확히 앎.','https://encrypted-tbn0.gstatic.com/images?q=tbn:ANd9GcRNiK-FITZnQZeRDHaGvu_VV52bW59T-F3tWg&usqp=CAU','21CJU02276','walnut75');
Insert into LOST_RECIPIENT (LR_NO,B_NO,S_NO,RECEIVE,CONTENT,IDCARD_IMAGE,LM_NO,M_ID) values (1,'A12BY1-1',91,'방문수령','분실물과 일치하는 디자인이며, 이름이 써있음.','https://encrypted-tbn0.gstatic.com/images?q=tbn:ANd9GcRVLB_On5Rpcj6DBAXcZ2q2rl3IaSWVDwck7vchQT7ELEp-W6sZkn1vJhlhSRryvLtPHEc&usqp=CAU','21CJU02247','apple12');
Insert into LOST_RECIPIENT (LR_NO,B_NO,S_NO,RECEIVE,CONTENT,IDCARD_IMAGE,LM_NO,M_ID) values (2,'A12BY1-1',92,'방문수령','분실시각과 발견시각이 일치함.','https://mblogthumb-phinf.pstatic.net/MjAxODEwMTlfMTgx/MDAxNTM5OTI4MjAwNDEx.k7oG-Q0tA6bdI1smaMzsK4t08NREjRrq3OthZKoIz8Qg.BeZxWi7HekwTWipOckbNWpvnesXuHjpldNGA7QppprUg.JPEG.retspe/eb13.jpg?type=w800','21CJU02248','berry34');
Insert into LOST_RECIPIENT (LR_NO,B_NO,S_NO,RECEIVE,CONTENT,IDCARD_IMAGE,LM_NO,M_ID) values (3,'A12BY2-1',97,'방문수령','긁힌 흔적의 위치와 제품 안의 보증서의 날짜를 정확히 앎.','https://t1.daumcdn.net/cfile/blog/232AF03F5375CD2E21','21CJU02249','strawberry56');
REM INSERTING into MEMBER
SET DEFINE OFF;
Insert into MEMBER (M_ID,M_NAME,E_NAME,PWD,TEL,BIRTH,EMAIL,SEX,NATIONALITY,COUNTRY,ADDR,JOINDATE,POINT,SNS,SMSPUSH,EMAILPUSH) values ('apple12','이학준','LEE HAKJUN','hakjun123!','01012345678',to_date('95/01/01','RR/MM/DD'),'hakjun123@naver.com','M','한국 (REPUBLIC OF KOREA)','한국 (REPUBLIC OF KOREA)','서울특별시 종로구 자하문로13길 1-4(통인동)',to_date('17/02/28','RR/MM/DD'),0,'Y','Y','Y');
Insert into MEMBER (M_ID,M_NAME,E_NAME,PWD,TEL,BIRTH,EMAIL,SEX,NATIONALITY,COUNTRY,ADDR,JOINDATE,POINT,SNS,SMSPUSH,EMAILPUSH) values ('berry34','권재희','KWON JAEHEE ','jaehee123!','01012345679',to_date('95/01/02','RR/MM/DD'),'jaehee123@naver.com','F','한국 (REPUBLIC OF KOREA)','한국 (REPUBLIC OF KOREA)','서울특별시 강남구 강남대로132길 25(논현동)',to_date('17/03/01','RR/MM/DD'),20,'N','N','N');
Insert into MEMBER (M_ID,M_NAME,E_NAME,PWD,TEL,BIRTH,EMAIL,SEX,NATIONALITY,COUNTRY,ADDR,JOINDATE,POINT,SNS,SMSPUSH,EMAILPUSH) values ('strawberry56','김도희','KIM DOHEE ','dohee123!','01012345680',to_date('95/01/03','RR/MM/DD'),'dohee123@naver.com','F','한국 (REPUBLIC OF KOREA)','한국 (REPUBLIC OF KOREA)','서울특별시 강남구 가로수길 5(신사동)',to_date('17/08/02','RR/MM/DD'),0,'N','N','N');
Insert into MEMBER (M_ID,M_NAME,E_NAME,PWD,TEL,BIRTH,EMAIL,SEX,NATIONALITY,COUNTRY,ADDR,JOINDATE,POINT,SNS,SMSPUSH,EMAILPUSH) values ('grape78','양시영','YANG SIYEONG ','siyeong123!','01012345681',to_date('95/01/04','RR/MM/DD'),'siyeong123@naver.com','T','한국 (REPUBLIC OF KOREA)','한국 (REPUBLIC OF KOREA)','서울특별시 강남구 가로수길 30(신사동)',to_date('17/09/03','RR/MM/DD'),80,'N','N','N');
Insert into MEMBER (M_ID,M_NAME,E_NAME,PWD,TEL,BIRTH,EMAIL,SEX,NATIONALITY,COUNTRY,ADDR,JOINDATE,POINT,SNS,SMSPUSH,EMAILPUSH) values ('raisin90','조영빈','CHO YEONGBIN ','yeongbin123!','01012345682',to_date('95/01/05','RR/MM/DD'),'yeongbin123@naver.com','T','한국 (REPUBLIC OF KOREA)','한국 (REPUBLIC OF KOREA)','서울특별시 강남구 압구정로 431(청담동)',to_date('18/10/04','RR/MM/DD'),0,'Y','Y','Y');
Insert into MEMBER (M_ID,M_NAME,E_NAME,PWD,TEL,BIRTH,EMAIL,SEX,NATIONALITY,COUNTRY,ADDR,JOINDATE,POINT,SNS,SMSPUSH,EMAILPUSH) values ('grapefruit88','윤진한','YOON JINHAN ','jinhan123!','01012345683',to_date('95/01/06','RR/MM/DD'),'jinhan123@naver.com','T','한국 (REPUBLIC OF KOREA)','한국 (REPUBLIC OF KOREA)','서울특별시 강남구 테헤란로33길 18(역삼동)',to_date('18/11/05','RR/MM/DD'),0,'Y','Y','Y');
Insert into MEMBER (M_ID,M_NAME,E_NAME,PWD,TEL,BIRTH,EMAIL,SEX,NATIONALITY,COUNTRY,ADDR,JOINDATE,POINT,SNS,SMSPUSH,EMAILPUSH) values ('cherry1234','정수빈','JEONG SUBIN ','subin123!','01012345684',to_date('95/01/07','RR/MM/DD'),'subin123@naver.com','F','한국 (REPUBLIC OF KOREA)','한국 (REPUBLIC OF KOREA)','서울특별시 강남구 헌릉로569길 41(세곡동)',to_date('18/12/06','RR/MM/DD'),40,'Y','Y','Y');
Insert into MEMBER (M_ID,M_NAME,E_NAME,PWD,TEL,BIRTH,EMAIL,SEX,NATIONALITY,COUNTRY,ADDR,JOINDATE,POINT,SNS,SMSPUSH,EMAILPUSH) values ('peach54','이제훈','LEE JEHOON ','jehoon123!','01012345685',to_date('95/01/08','RR/MM/DD'),'jehoon123@naver.com','T','한국 (REPUBLIC OF KOREA)','한국 (REPUBLIC OF KOREA)','서울특별시 강남구 강남대로 426(역삼동)',to_date('18/12/07','RR/MM/DD'),0,'Y','Y','Y');
Insert into MEMBER (M_ID,M_NAME,E_NAME,PWD,TEL,BIRTH,EMAIL,SEX,NATIONALITY,COUNTRY,ADDR,JOINDATE,POINT,SNS,SMSPUSH,EMAILPUSH) values ('papaya87','배두나','BAE DOONA ','doona123!','01012345686',to_date('95/01/09','RR/MM/DD'),'doona123@naver.com','F','한국 (REPUBLIC OF KOREA)','한국 (REPUBLIC OF KOREA)','경기도 용인시 처인구 포곡읍 금어로 531',to_date('19/03/08','RR/MM/DD'),10,'N','N','N');
Insert into MEMBER (M_ID,M_NAME,E_NAME,PWD,TEL,BIRTH,EMAIL,SEX,NATIONALITY,COUNTRY,ADDR,JOINDATE,POINT,SNS,SMSPUSH,EMAILPUSH) values ('tomato5644','장원영','JANG WONYEONG','wonyeong123!','01012345687',to_date('95/01/10','RR/MM/DD'),'wonyeong123@naver.com','F','한국 (REPUBLIC OF KOREA)','한국 (REPUBLIC OF KOREA)','경기도 용인시 처인구 이동읍 덕성산단2로 5-16',to_date('19/03/09','RR/MM/DD'),0,'N','N','N');
Insert into MEMBER (M_ID,M_NAME,E_NAME,PWD,TEL,BIRTH,EMAIL,SEX,NATIONALITY,COUNTRY,ADDR,JOINDATE,POINT,SNS,SMSPUSH,EMAILPUSH) values ('lime4543','안유진','AN YUJIN ','yujin123!','01012345688',to_date('95/01/11','RR/MM/DD'),'yujin123@naver.com','F','한국 (REPUBLIC OF KOREA)','한국 (REPUBLIC OF KOREA)','경기도 용인시 기흥구 신수로365번길 7-12(보정동)',to_date('19/03/10','RR/MM/DD'),0,'Y','Y','Y');
Insert into MEMBER (M_ID,M_NAME,E_NAME,PWD,TEL,BIRTH,EMAIL,SEX,NATIONALITY,COUNTRY,ADDR,JOINDATE,POINT,SNS,SMSPUSH,EMAILPUSH) values ('lemon32','김철수','KIM CHULSU ','chulsu123!','01012345689',to_date('95/01/12','RR/MM/DD'),'chulsu123@naver.com','T','한국 (REPUBLIC OF KOREA)','한국 (REPUBLIC OF KOREA)','경기도 안양시 동안구 흥안대로81번길 104(호계동)',to_date('19/03/11','RR/MM/DD'),0,'N','N','N');
Insert into MEMBER (M_ID,M_NAME,E_NAME,PWD,TEL,BIRTH,EMAIL,SEX,NATIONALITY,COUNTRY,ADDR,JOINDATE,POINT,SNS,SMSPUSH,EMAILPUSH) values ('lettuce765','김영희','KIM YEONGHEE ','yeonghee123!','01012345690',to_date('95/01/13','RR/MM/DD'),'yeonghee123@naver.com','F','한국 (REPUBLIC OF KOREA)','한국 (REPUBLIC OF KOREA)','경기도 안양시 동안구 갈산로2번길 27-9(호계동)',to_date('19/03/12','RR/MM/DD'),0,'Y','Y','Y');
Insert into MEMBER (M_ID,M_NAME,E_NAME,PWD,TEL,BIRTH,EMAIL,SEX,NATIONALITY,COUNTRY,ADDR,JOINDATE,POINT,SNS,SMSPUSH,EMAILPUSH) values ('celery8668','김선미','KIM SUNMI ','sunmi123!','01012345691',to_date('95/01/14','RR/MM/DD'),'sunmi123@naver.com','F','한국 (REPUBLIC OF KOREA)','한국 (REPUBLIC OF KOREA)','경기도 고양시 일산서구 고양대로 671-10(일산동)',to_date('20/03/13','RR/MM/DD'),0,'N','N','N');
Insert into MEMBER (M_ID,M_NAME,E_NAME,PWD,TEL,BIRTH,EMAIL,SEX,NATIONALITY,COUNTRY,ADDR,JOINDATE,POINT,SNS,SMSPUSH,EMAILPUSH) values ('radish3432','공효진','KONG HYOJIN ','hyojin123!','01012345692',to_date('95/01/15','RR/MM/DD'),'hyojin123@naver.com','F','한국 (REPUBLIC OF KOREA)','한국 (REPUBLIC OF KOREA)','경기도 고양시 일산서구 가좌로 4(가좌동)',to_date('20/03/14','RR/MM/DD'),0,'Y','Y','Y');
Insert into MEMBER (M_ID,M_NAME,E_NAME,PWD,TEL,BIRTH,EMAIL,SEX,NATIONALITY,COUNTRY,ADDR,JOINDATE,POINT,SNS,SMSPUSH,EMAILPUSH) values ('onion98','강동원','KANG DONGWON ','dongwon123!','01012345693',to_date('95/01/16','RR/MM/DD'),'dongwon123@naver.com','T','한국 (REPUBLIC OF KOREA)','한국 (REPUBLIC OF KOREA)','경기도 가평군 가평읍 자라목2길 7-2',to_date('20/03/15','RR/MM/DD'),0,'Y','Y','Y');
Insert into MEMBER (M_ID,M_NAME,E_NAME,PWD,TEL,BIRTH,EMAIL,SEX,NATIONALITY,COUNTRY,ADDR,JOINDATE,POINT,SNS,SMSPUSH,EMAILPUSH) values ('garlic231','강호동','KANG HODONG ','hodong123!','01012345694',to_date('95/01/17','RR/MM/DD'),'hodong123@naver.com','T','한국 (REPUBLIC OF KOREA)','한국 (REPUBLIC OF KOREA)','경기도 가평군 가평읍 자라목2길 13-7',to_date('20/06/16','RR/MM/DD'),30,'Y','Y','Y');
Insert into MEMBER (M_ID,M_NAME,E_NAME,PWD,TEL,BIRTH,EMAIL,SEX,NATIONALITY,COUNTRY,ADDR,JOINDATE,POINT,SNS,SMSPUSH,EMAILPUSH) values ('mustard','이수근','LEE SUGEUN ','sugeun123!','01012345695',to_date('95/01/18','RR/MM/DD'),'sugeun123@naver.com','T','한국 (REPUBLIC OF KOREA)','한국 (REPUBLIC OF KOREA)','경기도 광주시 장지1길 85-17(장지동, 풍경마을)',to_date('20/08/17','RR/MM/DD'),0,'Y','Y','Y');
Insert into MEMBER (M_ID,M_NAME,E_NAME,PWD,TEL,BIRTH,EMAIL,SEX,NATIONALITY,COUNTRY,ADDR,JOINDATE,POINT,SNS,SMSPUSH,EMAILPUSH) values ('wheat131','은지원','EUN JIWON ','jiwon123!','01012345696',to_date('95/01/19','RR/MM/DD'),'jiwon123@naver.com','T','한국 (REPUBLIC OF KOREA)','한국 (REPUBLIC OF KOREA)','경기도 광주시 행정타운로69번길 18(송정동)',to_date('20/11/18','RR/MM/DD'),0,'N','N','N');
Insert into MEMBER (M_ID,M_NAME,E_NAME,PWD,TEL,BIRTH,EMAIL,SEX,NATIONALITY,COUNTRY,ADDR,JOINDATE,POINT,SNS,SMSPUSH,EMAILPUSH) values ('lettuce43','송민호','SONG MINHO ','minho123!','01012345697',to_date('95/01/20','RR/MM/DD'),'minho123@naver.com','T','한국 (REPUBLIC OF KOREA)','한국 (REPUBLIC OF KOREA)','경기도 수원시 권선구 구운로27번길 19(구운동)',to_date('20/11/19','RR/MM/DD'),0,'N','N','N');
Insert into MEMBER (M_ID,M_NAME,E_NAME,PWD,TEL,BIRTH,EMAIL,SEX,NATIONALITY,COUNTRY,ADDR,JOINDATE,POINT,SNS,SMSPUSH,EMAILPUSH) values ('burdock435','김연아','KIM YUNA ','yuna12378!','01012345698',to_date('95/01/21','RR/MM/DD'),'yuna12378@naver.com','F','한국 (REPUBLIC OF KOREA)','한국 (REPUBLIC OF KOREA)','경기도 수원시 권선구 경수대로54번길 69-8(곡반정동)',to_date('20/12/20','RR/MM/DD'),0,'N','N','N');
Insert into MEMBER (M_ID,M_NAME,E_NAME,PWD,TEL,BIRTH,EMAIL,SEX,NATIONALITY,COUNTRY,ADDR,JOINDATE,POINT,SNS,SMSPUSH,EMAILPUSH) values ('ginseng077','손흥민','SUN HEUNGMIN ','heungmin123!','01012345699',to_date('95/01/22','RR/MM/DD'),'heungmin123@naver.com','T','한국 (REPUBLIC OF KOREA)','한국 (REPUBLIC OF KOREA)','경기도 화성시 동탄순환대로17길 24(산척동)',to_date('20/12/21','RR/MM/DD'),0,'Y','Y','Y');
Insert into MEMBER (M_ID,M_NAME,E_NAME,PWD,TEL,BIRTH,EMAIL,SEX,NATIONALITY,COUNTRY,ADDR,JOINDATE,POINT,SNS,SMSPUSH,EMAILPUSH) values ('sesame975','공지철','KONG JICHUL ','jichul123!','01012345700',to_date('95/01/23','RR/MM/DD'),'jichul123@naver.com','T','한국 (REPUBLIC OF KOREA)','한국 (REPUBLIC OF KOREA)','경기도 화성시 10용사1길 43(반송동)',to_date('21/12/22','RR/MM/DD'),0,'Y','Y','Y');
Insert into MEMBER (M_ID,M_NAME,E_NAME,PWD,TEL,BIRTH,EMAIL,SEX,NATIONALITY,COUNTRY,ADDR,JOINDATE,POINT,SNS,SMSPUSH,EMAILPUSH) values ('peanut543','강하나','KANG HANA ','hana12399!','01012345701',to_date('95/01/24','RR/MM/DD'),'hana12399@naver.com','F','한국 (REPUBLIC OF KOREA)','한국 (REPUBLIC OF KOREA)','경기도 화성시 경기동로 435(장지동)',to_date('21/12/23','RR/MM/DD'),0,'Y','Y','Y');
Insert into MEMBER (M_ID,M_NAME,E_NAME,PWD,TEL,BIRTH,EMAIL,SEX,NATIONALITY,COUNTRY,ADDR,JOINDATE,POINT,SNS,SMSPUSH,EMAILPUSH) values ('paprika11','손예진','SUN YEJIN ','yejin123!','01012345702',to_date('95/01/25','RR/MM/DD'),'yejin123@naver.com','F','한국 (REPUBLIC OF KOREA)','한국 (REPUBLIC OF KOREA)','부산광역시 중구 대청로 104(대청동2가)',to_date('21/03/24','RR/MM/DD'),0,'Y','Y','Y');
Insert into MEMBER (M_ID,M_NAME,E_NAME,PWD,TEL,BIRTH,EMAIL,SEX,NATIONALITY,COUNTRY,ADDR,JOINDATE,POINT,SNS,SMSPUSH,EMAILPUSH) values ('seaweed22','한소희','HAN SOHEE ','sohee123!','01012345703',to_date('95/01/26','RR/MM/DD'),'sohee123@naver.com','F','한국 (REPUBLIC OF KOREA)','한국 (REPUBLIC OF KOREA)','부산광역시 해운대구 해운대로 799(좌동)',to_date('21/04/25','RR/MM/DD'),0,'N','N','N');
Insert into MEMBER (M_ID,M_NAME,E_NAME,PWD,TEL,BIRTH,EMAIL,SEX,NATIONALITY,COUNTRY,ADDR,JOINDATE,POINT,SNS,SMSPUSH,EMAILPUSH) values ('deodeok000','이이정','LEE LEEJEONG ','leejeong123!','01012345704',to_date('95/01/27','RR/MM/DD'),'leejeong123@naver.com','F','한국 (REPUBLIC OF KOREA)','한국 (REPUBLIC OF KOREA)','전라북도 전주시 완산구 전주객사1길 12-7(다가동3가)',to_date('21/05/26','RR/MM/DD'),10,'Y','Y','Y');
Insert into MEMBER (M_ID,M_NAME,E_NAME,PWD,TEL,BIRTH,EMAIL,SEX,NATIONALITY,COUNTRY,ADDR,JOINDATE,POINT,SNS,SMSPUSH,EMAILPUSH) values ('mulberry343','이바다','LEE BADA ','bada12356!','01012345705',to_date('95/01/28','RR/MM/DD'),'bada12356@naver.com','F','한국 (REPUBLIC OF KOREA)','한국 (REPUBLIC OF KOREA)','대구광역시 남구 경상1길 5-1(대명동)',to_date('21/06/27','RR/MM/DD'),0,'Y','Y','Y');
Insert into MEMBER (M_ID,M_NAME,E_NAME,PWD,TEL,BIRTH,EMAIL,SEX,NATIONALITY,COUNTRY,ADDR,JOINDATE,POINT,SNS,SMSPUSH,EMAILPUSH) values ('blueberry33','고유리','KOH YURI ','yuri12399!','01012345706',to_date('95/01/29','RR/MM/DD'),'yuri12399@naver.com','F','한국 (REPUBLIC OF KOREA)','한국 (REPUBLIC OF KOREA)','경기도 평택시 고덕여염5길 117(고덕동)',to_date('21/08/28','RR/MM/DD'),0,'N','N','N');
Insert into MEMBER (M_ID,M_NAME,E_NAME,PWD,TEL,BIRTH,EMAIL,SEX,NATIONALITY,COUNTRY,ADDR,JOINDATE,POINT,SNS,SMSPUSH,EMAILPUSH) values ('walnut75','강유라','KANG YURA ','yura12377!','01012345707',to_date('95/01/30','RR/MM/DD'),'yura12377@naver.com','F','한국 (REPUBLIC OF KOREA)','한국 (REPUBLIC OF KOREA)','경기도 평택시 청북읍 수부길 53-34',to_date('21/10/29','RR/MM/DD'),0,'Y','Y','Y');
REM INSERTING into NM_BOOK
SET DEFINE OFF;
Insert into NM_BOOK (NM_NO,NAME,BIRTH,SEX,NATIONALITY,B_NO) values ('1','윤두준',to_date('93/01/24','RR/MM/DD'),'M','한국','2');
Insert into NM_BOOK (NM_NO,NAME,BIRTH,SEX,NATIONALITY,B_NO) values ('2','임윤아',to_date('94/05/05','RR/MM/DD'),'F','한국','4');
Insert into NM_BOOK (NM_NO,NAME,BIRTH,SEX,NATIONALITY,B_NO) values ('3','이기광',to_date('95/02/03','RR/MM/DD'),'M','한국','5');
Insert into NM_BOOK (NM_NO,NAME,BIRTH,SEX,NATIONALITY,B_NO) values ('4','김태연',to_date('96/07/16','RR/MM/DD'),'F','한국','7');
Insert into NM_BOOK (NM_NO,NAME,BIRTH,SEX,NATIONALITY,B_NO) values ('5','이순규',to_date('97/06/28','RR/MM/DD'),'F','한국','8');
Insert into NM_BOOK (NM_NO,NAME,BIRTH,SEX,NATIONALITY,B_NO) values ('6','정수정',to_date('98/04/20','RR/MM/DD'),'F','한국','11');
Insert into NM_BOOK (NM_NO,NAME,BIRTH,SEX,NATIONALITY,B_NO) values ('7','김지연',to_date('99/11/13','RR/MM/DD'),'F','한국','12');
Insert into NM_BOOK (NM_NO,NAME,BIRTH,SEX,NATIONALITY,B_NO) values ('8','손동운',to_date('92/07/29','RR/MM/DD'),'M','한국','13');
Insert into NM_BOOK (NM_NO,NAME,BIRTH,SEX,NATIONALITY,B_NO) values ('9','황광희',to_date('00/10/05','RR/MM/DD'),'M','한국','16');
Insert into NM_BOOK (NM_NO,NAME,BIRTH,SEX,NATIONALITY,B_NO) values ('10','임시완',to_date('01/03/13','RR/MM/DD'),'M','한국','18');
Insert into NM_BOOK (NM_NO,NAME,BIRTH,SEX,NATIONALITY,B_NO) values ('11','이정은',to_date('95/09/19','RR/MM/DD'),'F','한국','20');
Insert into NM_BOOK (NM_NO,NAME,BIRTH,SEX,NATIONALITY,B_NO) values ('12','박형식',to_date('96/03/08','RR/MM/DD'),'M','한국','21');
Insert into NM_BOOK (NM_NO,NAME,BIRTH,SEX,NATIONALITY,B_NO) values ('13','고현정',to_date('90/08/16','RR/MM/DD'),'F','한국','23');
Insert into NM_BOOK (NM_NO,NAME,BIRTH,SEX,NATIONALITY,B_NO) values ('14','양요섭',to_date('98/12/24','RR/MM/DD'),'M','한국','25');
Insert into NM_BOOK (NM_NO,NAME,BIRTH,SEX,NATIONALITY,B_NO) values ('15','정은지',to_date('89/10/25','RR/MM/DD'),'F','한국','27');
Insert into NM_BOOK (NM_NO,NAME,BIRTH,SEX,NATIONALITY,B_NO) values ('16','손나은',to_date('97/06/20','RR/MM/DD'),'F','한국','28');
Insert into NM_BOOK (NM_NO,NAME,BIRTH,SEX,NATIONALITY,B_NO) values ('17','장현승',to_date('87/09/04','RR/MM/DD'),'M','한국','29');
REM INSERTING into NOTICE
SET DEFINE OFF;
Insert into NOTICE (N_NO,TITLE,N_DATE,CONTENT) values (1,'국제선 각국 입국 규정 강화에 따른 항공권 변경 및 환불 안내',to_date('21/12/02','RR/MM/DD'),'제선 각국 입국 규정 강화에 따라 항공권 변경 및 환불에 대해 아래와 같이 공지 드립니다.


1. 대상 기간 및 승객
   ㅇ 대한민국 입국 승객 : 12/3 ~ 22/1/6 기간 내 대한민국으로 입국하는 모든 승객 
                                   * 21.12.15 까지 발권한 항공권에 한해 면제 가능
');
Insert into NOTICE (N_NO,TITLE,N_DATE,CONTENT) values (2,'지니쿠폰 운영 정책 변경 안내',to_date('21/10/05','RR/MM/DD'),'지니쿠폰(할인쿠폰) 운영 정책이 ’21.11.03일 부로 다음과 같이 변경될 예정임을 안내 드립니다. 
또한 향후 쿠폰 정책은 당사 사정에 의해 임의로 변경될 수 있사오니 이 점 유의하여 주시기 바랍니다. 
');
Insert into NOTICE (N_NO,TITLE,N_DATE,CONTENT) values (3,'국내선 신분증 미소지 승객 탑승 불가 안내',to_date('21/08/05','RR/MM/DD'),'국내선 이용 승객이 신분증을 미지참 시 항공기 탑승이 불가하오니 아래의 유효신분증의 종류를 확인하시어 적합한 신분증을 지참하시기 바랍니다.
또한 신분증 지참 시 항공권 예약 이름과 동일한 언어로 이름이 표기된 신분증을 지참하여 주시기 바랍니다.
');
Insert into NOTICE (N_NO,TITLE,N_DATE,CONTENT) values (4,'진에어 고객서비스센터 운영시간 변경 안내',to_date('21/12/29','RR/MM/DD'),'진에어 고객서비스센터 운영시간이 2022년 1월 1일 부 다음과 같이 변경될 예정임을 안내 드립니다.

- 현행 운영 시간 : 오전 08:00 ~ 오후 20:00
- 변경 운영 시간 : 오전 08:00 ~ 오후 19:00
  * 평일, 주말, 공휴일 운영 시간 동일
');
Insert into NOTICE (N_NO,TITLE,N_DATE,CONTENT) values (5,'국내선 비지니스 좌석 운영 및 운임 안내',to_date('21/12/07','RR/MM/DD'),'국내선 비지니스 좌석 운영에 따른 운임을 아래와 같이 공지 드립니다.
상세내역은 아래를 참조하여 주시기 바랍니다.
');
Insert into NOTICE (N_NO,TITLE,N_DATE,CONTENT) values (6,'국내선 광주-김포/제주 증편 운항 안내',to_date('21/11/12','RR/MM/DD'),'아래와 같이 광주-김포/제주 노선을 증편 운항하오니 많은 이용 부탁 드립니다

1. 기간 : 2021.10.31 ~ 2022.03.26 
2. 증편 내용
   - 광주/김포 일 2회 -> 3회
   - 광주/제주 일 3회 -> 4회 
');
Insert into NOTICE (N_NO,TITLE,N_DATE,CONTENT) values (7,'국내선 유류할증료 안내 (2021년 11월)',to_date('21/10/08','RR/MM/DD'),'진에어에서 고객님께 국내선 유류할증료를 다음과 같이 안내하여 드립니다.
​
 	
1. 유류할증료 금액							
   ㅇ 5,500원 


2. 적용 기간       	
   ㅇ 2021년 11월 1일 ~ 2021년 11월 30일 (발권일 기준) 

※ 국내선 유류할증료는 1개월 단위로 사전 고지되며, 탑승일이 아닌 발권일을 기준으로 적용됩니다.
   또한, 발권 후 탑승 시점에 인상되어도 차액을 징수하지 않으며, 인하되어도 환급하지 않습니다.
');
Insert into NOTICE (N_NO,TITLE,N_DATE,CONTENT) values (8,'대한민국 전자여행허가제(K-ETA) 시행 안내 (2021.9.1 부)',to_date('21/08/31','RR/MM/DD'),'2021년 9월 1일 부, 무사증 입국 외국인을 대상으로 대한민국 전자여행허가제(Korea Electronic Travel Authorization)가 시행됩니다.
전자여행허가제(K-ETA)는 대한민국에 사증 없이 입국할 수 있는 국가의 국민이 대한민국을 방문 시,
입국 전에 여행정보를 온라인으로 제출하고 여행 허가를 받는 제도입니다.
');
Insert into NOTICE (N_NO,TITLE,N_DATE,CONTENT) values (9,'개인정보처리방침 개정 안내(6/30)',to_date('21/06/23','RR/MM/DD'),'안녕하세요. 진에어입니다.
항상 진에어를 이용해주시는 고객님께 감사드립니다.
 
진에어 개인정보처리방침이 아래와 같이 개정되어 변경 내용을 사전 고지하오니 서비스 이용에 참고하시기 바랍니다.
 
1. 개정사유
 
● 제휴 서비스 국내 런칭에 따른 개인정보 제3자 제공 업체 추가
● 수집하는 개인정보 항목, 수집 방법, 개인정보처리 위탁업체 수정 반영
');
Insert into NOTICE (N_NO,TITLE,N_DATE,CONTENT) values (10,'반려동물 기내동반 / 위탁 수하물 탑재 규정 변경(7/15 부)',to_date('21/04/20','RR/MM/DD'),'국내,국제선 반려동물 기내동반 / 위탁 수하물 탑재 규정이 아래와 같이 변경 적용될 예정이오니 참고하여 주시기 바랍니다.

 
1. 적용노선 : 국내/국제 전 노선
 
2. 적용일 : 2021년 7월 15일 부 (출발일 기준)
 
3. 반려동물 기내 동반 신청 및 위탁 수하물 탑재 신청 변경 사항
');
Insert into NOTICE (N_NO,TITLE,N_DATE,CONTENT) values (11,'김포공항 보안검색 강화에 따른 안내',to_date('21/04/01','RR/MM/DD'),'21년 4월 1일부터 김포공항 신분확인 절차 강화 조치에 따라 김포공항 3층 출발장 보안검색대에서 소요되는 시간이 길어지고 있습니다.
⠀
진에어 김포발 국내선을 이용예정이신 분들께서는, 1시간 이상의 여유시간을 고려하여 공항에 도착하신 후, 항공기 출발 시간 30분전까지는 

탑승수속을 완료해주시기 바랍니다. 보다 신속하고 원활한 항공기 탑승을 위해 안내드리오니, 고객님들의 적극적인 협조 부탁 드립니다. 

감사합니다. 
');
Insert into NOTICE (N_NO,TITLE,N_DATE,CONTENT) values (12,'진에어 국제선 비정상운항 안내',to_date('21/03/02','RR/MM/DD'),'일부 노선 항공편 비정상운항 계획에 대해 아래와 같이 공지 드립니다.

해당 기간 아래 노선을 이용하시는 고객께서는 참고하여 주시기 바라며, 여행에 불편을 끼쳐드려 죄송한 말씀 드립니다. 
');
Insert into NOTICE (N_NO,TITLE,N_DATE,CONTENT) values (13,'국내선 나비포인트 적립 기준 안내 (6/5 업데이트)',to_date('20/06/05','RR/MM/DD'),'국내선 나비포인트 적립 기준을 아래와 같이 안내드리오니 이용에 참고하여 주시기 바랍니다.');
Insert into NOTICE (N_NO,TITLE,N_DATE,CONTENT) values (14,'코로나19 관련 국가별 출입국 제한사항 안내',to_date('20/05/28','RR/MM/DD'),'코로나19로 인한 도착지 국가별 출입국 제한 사항을 아래와 같이 안내 드립니다. 다음 내용은 코로나19 관련 각국의 입국제한 사항에 대한 최소한의 정보 제공 및 참고 목적으로, 승객의 출/입국 및 격리 등 검역  관련 절차에 대해 보장하지 않습니다.    보다 자세한 사항은 외교부 여행안전사이트 최신안전소식 [바로 가기]을 참고하시기 바랍니다. ');
Insert into NOTICE (N_NO,TITLE,N_DATE,CONTENT) values (15,'국내선 나비포인트 적립률 변경 안내 (6/1~)',to_date('20/04/24','RR/MM/DD'),'국내선 나비포인트 적립률이 아래와 같이 변경 적용될 예정이오니 이용에 참고하여 주시기 바랍니다.


1. 시행 :  2020.06.01(월) 부

2. 노선 : 김포-제주, 부산-제주, 청주-제주, 광주-제주 

3. 대상 : 2020.06.01(월) 부 구매한 항공권을 이용하여 포인트 적립하는 경우
');
Insert into NOTICE (N_NO,TITLE,N_DATE,CONTENT) values (16,'전자담배 반입 금지 안내',to_date('19/11/25','RR/MM/DD'),'일부 국가 공항 당국의 요청으로 전자담배 반입이 전면 금지됩니다.

ㅇ 대상 제품 : 모든 종류의 전자 담배
ㅇ 운송 금지 공항 : 세부 , 클락 , 칼리보 , 타이베이 , 방콕 , 푸켓  
ㅇ 적용일 : 즉시
');
Insert into NOTICE (N_NO,TITLE,N_DATE,CONTENT) values (17,'인천-클락 노선 무료 위탁 수하물 20KG 제공 안내',to_date('19/11/25','RR/MM/DD'),'인천-클락 노선을 이용하시는 모든 고객 대상, 무료 위탁 수하물 허용량을 기존 15KG에서 20KG으로 확대하오니 많은 이용 부탁드립니다.
 
1. 기 간 : 2019.10.27 ~ 별도 공지 시까지
 
2. 서비스 내용 : 인천-클락 출발 항공편을 이용 하는 고객 대상 무료 위탁 수하물 20KG 제공
 
감사합니다.
');
Insert into NOTICE (N_NO,TITLE,N_DATE,CONTENT) values (18,'진에어 홍콩 노선 결항/운휴 안내',to_date('19/11/18','RR/MM/DD'),'항공 운항 계획 변경으로 인한 인천-홍콩 노선 결항/운휴 계획에 대해 아래와 같이 공지 드립니다.
해당 기간 진에어 홍콩 노선을 이용하시는 고객께서는 참고하여 주시기 바라며,
여행에 불편을 끼쳐드려 죄송한 말씀 드립니다.
');
Insert into NOTICE (N_NO,TITLE,N_DATE,CONTENT) values (19,'국내선 셀프체크인 이용 대상 확대 시행 안내',to_date('19/09/25','RR/MM/DD'),'진에어에서 국내선 웹/모바일 및 키오스크 체크인 이용 대상을 확대 시행하게 되어
아래와 같이 안내 드립니다.


1. 확대 대상 : 소아, 제주도민/기업/가족 할인, 군인, 장애인, 독립유공자 등 기타 할인
2. 시행일 : 2019.10.1(화)

※ 상기 승객에 대한 할인 증빙 확인은 항공기 탑승 시 탑승구에서 진행됩니다.
할인 대상자임을 확인할 수 있는 유효한 증빙서류를 지참하시어 탑승구에서 확인을 받아주시기 바랍니다.

감사합니다.
');
Insert into NOTICE (N_NO,TITLE,N_DATE,CONTENT) values (20,'MacBook Pro 배터리 리콜 대상 제품 운송 금지 공항 안내',to_date('19/08/30','RR/MM/DD'),'일부 국가 공항 당국의 요청으로 배터리 화재 위험이 있는 MacBook Pro 리콜 대상 제품의 항공기 운송이 금지됩니다. 
 
ㅇ 대상 제품 : MacBook Pro (Retina, 15-inch, Mid 2015)
ㅇ 운송 금지 공항   
');
Insert into NOTICE (N_NO,TITLE,N_DATE,CONTENT) values (21,'인천국제공항 수속 카운터 변경 안내 (3/4~)',to_date('19/02/26','RR/MM/DD'),'3월 4일부터 인천국제공항 진에어 수속 카운터의 위치가 D→F로 변경되오니 이용에 착오 없으시기 바랍니다.
 
                             [ 아   래 ]
                                                                             

1. 기 간 : 2019년 3월 4일 부 (추 후 변경 공지 전까지)

2. 변경 사항 : 인천공항 카운터 위치 변경

   가. 기 존 (현) : D ISLAND 18개 (D19~D36)
   나. 변 경 (2019년 3월 4일 부) : F ISLAND 18개  (F19~F36)로 변경 
');
Insert into NOTICE (N_NO,TITLE,N_DATE,CONTENT) values (22,'국제선 유류할증료 안내 (2019년 2월)',to_date('19/01/16','RR/MM/DD'),'진에어에서 2019년 2월 국제선 한국발 유류할증료를 다음과 같이 안내해 드립니다.');
Insert into NOTICE (N_NO,TITLE,N_DATE,CONTENT) values (23,'도심공항터미널 운영 안내',to_date('18/04/18','RR/MM/DD'),'진에어에서 도심공항터미널 서비스를 운영하게 되어 안내를 드립니다.');
Insert into NOTICE (N_NO,TITLE,N_DATE,CONTENT) values (24,'리튬배터리 내장 스마트 가방 항공 운송 일부 제한 안내',to_date('18/01/16','RR/MM/DD'),'리튬배터리 내장 스마트 가방 항공 운송 일부 제한 안내
 
진에어에서는 2018년 1월 15일부로 리튬배터리가 내장된 스마트 가방의 항공 운송을 일부 제한합니다.
리튬배터리가 분리되는 스마트 가방은 휴대와 위탁이 모두 가능합니다.
 
○ 휴대 시 : 리튬배터리가 장착된 상태로 기내에 탑승하실 수 있습니다.
○ 위탁 시 : 장착된 리튬배터리를 분리한 뒤 가방을 위탁 할 수 있습니다. 분리한 리튬배터리는 단락 방지 조치 후, 직접 기내에 들고 탑승하시기 바랍니다. (단락 방지 : 절연테이프나 비닐 등으로 배터리 간 합선 방지)
 
리튬배터리가 분리되지 않을 경우, 스마트 가방의 휴대와 위탁이 모두 불가합니다.
 
적용일 : 2018년 1월 15일 부
적용 노선 : 진에어 전 노선 (국내/국제)
스마트 가방 (Smart Luggage) : 가방 내에 리튬배터리를 내장하여 GPS 추적, 무게 측정, 다른 전자제품 충전기능 등 편의 기능이 구현된 가방
');
Insert into NOTICE (N_NO,TITLE,N_DATE,CONTENT) values (25,'국제선 인천-칼리보 노선 운항 안내',to_date('17/11/09','RR/MM/DD'),'국제선 인천-칼리보 노선 운항 안내
 
- 취항일 : 2017년 12월 25일 (월)
- 운항편 : 주 7회 운항
- 운항스케줄 안내 
');
Insert into NOTICE (N_NO,TITLE,N_DATE,CONTENT) values (26,'미국행 항공기 항공보안 강화조치 시행 안내',to_date('17/10/18','RR/MM/DD'),'미국 교통보안청(TSA)의 항공보안 강화 조치로 인해
2017년 10월 26일부터 미주 노선 탑승객 대상 보안 질의 강화로 탑승수속에
다소 시간이 소요될 수 있사오니, 항공기 출발 3시간 전까지 공항 카운터에
오셔서 탑승 수속 및 출국 절차 진행하여 주시기 바랍니다.
 
승객 여러분들의 많은 협조를 부탁 드립니다.
 
(*단 부산공항 카운터 오픈시간은 5:20 AM 입니다.)
');
Insert into NOTICE (N_NO,TITLE,N_DATE,CONTENT) values (27,'진에어 대학생 마케터 그린서포터즈 20기 서류 합격자 발표',to_date('17/09/18','RR/MM/DD'),'그린서포터즈 20기 서류합격자발표는 9월 13일에 이메일 및 SMS로 개별 통보 되었습니다.
관심을 갖고 지원해 주신분들께 감사드립니다.
 
감사합니다.
');
Insert into NOTICE (N_NO,TITLE,N_DATE,CONTENT) values (28,'국제선 홍콩 출발편 유류할증료 안내 (2016.1)',to_date('15/12/31','RR/MM/DD'),'진에어 홍콩발 국제선 유류할증료를 다음과 같이 알려 드립니다.');
Insert into NOTICE (N_NO,TITLE,N_DATE,CONTENT) values (29,'국내여객공항이용료 할인대상 확대 적용 안내',to_date('14/06/26','RR/MM/DD'),' 2014년 7월 1일부로 진에어를 이용하시는 고객 분들께 공항이용료 할인 대상이 
 아래와 같이 확대 적용됨을 안내 드립니다.');
Insert into NOTICE (N_NO,TITLE,N_DATE,CONTENT) values (30,'국내선 주말 할증 운임 변경 안내',to_date('10/06/11','RR/MM/DD'),'진에어 국내선 주말 할증 운임이 다음과 같이 인상됨을 안내해드립니다.
1. 주말 할증 대상 항공편 확대 및 운임 인상
');
REM INSERTING into PAYMENT
SET DEFINE OFF;
Insert into PAYMENT (P_NO,B_NO,USING_COUPON,P_DATE,TOTAL,METHOD) values (1,'A12BY1-1',null,to_date('21/11/25','RR/MM/DD'),89400,'카카오페이');
Insert into PAYMENT (P_NO,B_NO,USING_COUPON,P_DATE,TOTAL,METHOD) values (2,'A12BY2-1',null,to_date('21/11/24','RR/MM/DD'),271800,'카카오페이');
Insert into PAYMENT (P_NO,B_NO,USING_COUPON,P_DATE,TOTAL,METHOD) values (3,'A12BY2-2','3천원 지니쿠폰',to_date('21/11/24','RR/MM/DD'),143700,'페이코');
Insert into PAYMENT (P_NO,B_NO,USING_COUPON,P_DATE,TOTAL,METHOD) values (4,'A12BY3-1',null,to_date('21/11/22','RR/MM/DD'),39500,'토스');
Insert into PAYMENT (P_NO,B_NO,USING_COUPON,P_DATE,TOTAL,METHOD) values (5,'A12BY4-1',null,to_date('21/11/29','RR/MM/DD'),393400,'카카오페이');
Insert into PAYMENT (P_NO,B_NO,USING_COUPON,P_DATE,TOTAL,METHOD) values (6,'C34DX1-1','신규회원 5000원 할인권',to_date('21/11/30','RR/MM/DD'),79600,'토스');
Insert into PAYMENT (P_NO,B_NO,USING_COUPON,P_DATE,TOTAL,METHOD) values (7,'C34DX2-1',null,to_date('21/12/02','RR/MM/DD'),36800,'토스');
Insert into PAYMENT (P_NO,B_NO,USING_COUPON,P_DATE,TOTAL,METHOD) values (8,'C34DX2-2',null,to_date('21/12/02','RR/MM/DD'),188700,'네이버페이');
Insert into PAYMENT (P_NO,B_NO,USING_COUPON,P_DATE,TOTAL,METHOD) values (9,'C34DX3-1',null,to_date('21/12/01','RR/MM/DD'),105500,'카카오페이');
Insert into PAYMENT (P_NO,B_NO,USING_COUPON,P_DATE,TOTAL,METHOD) values (10,'E56FH1-1',null,to_date('21/12/03','RR/MM/DD'),167200,'네이버페이');
Insert into PAYMENT (P_NO,B_NO,USING_COUPON,P_DATE,TOTAL,METHOD) values (11,'E56FH1-2','카카오페이전용 15000원 할인쿠폰',to_date('21/12/03','RR/MM/DD'),41800,'카카오페이');
Insert into PAYMENT (P_NO,B_NO,USING_COUPON,P_DATE,TOTAL,METHOD) values (12,'E56FH2-1',null,to_date('21/12/20','RR/MM/DD'),382200,'카카오페이');
Insert into PAYMENT (P_NO,B_NO,USING_COUPON,P_DATE,TOTAL,METHOD) values (13,'E56FH3-1',null,to_date('21/12/09','RR/MM/DD'),122600,'페이코');
REM INSERTING into PENALTY
SET DEFINE OFF;
Insert into PENALTY (P_NO,COUNTRY,PERIOD,PRICE,P_TYPE,SORT) values (1,'국내',62,0,'지니/비즈니스','예약변경/환불');
Insert into PENALTY (P_NO,COUNTRY,PERIOD,PRICE,P_TYPE,SORT) values (2,'국내',61,1000,'지니/비즈니스','예약변경/환불');
Insert into PENALTY (P_NO,COUNTRY,PERIOD,PRICE,P_TYPE,SORT) values (3,'국내',31,3000,'지니/비즈니스','예약변경/환불');
Insert into PENALTY (P_NO,COUNTRY,PERIOD,PRICE,P_TYPE,SORT) values (4,'국내',15,4000,'지니/비즈니스','예약변경/환불');
Insert into PENALTY (P_NO,COUNTRY,PERIOD,PRICE,P_TYPE,SORT) values (5,'국내',2,8000,'지니/비즈니스','예약변경/환불');
Insert into PENALTY (P_NO,COUNTRY,PERIOD,PRICE,P_TYPE,SORT) values (6,'국내',0,10000,'지니/비즈니스','예약변경/환불');
Insert into PENALTY (P_NO,COUNTRY,PERIOD,PRICE,P_TYPE,SORT) values (7,'국내',62,0,'플렉스','예약변경/환불');
Insert into PENALTY (P_NO,COUNTRY,PERIOD,PRICE,P_TYPE,SORT) values (8,'국내',61,2000,'플렉스','예약변경/환불');
Insert into PENALTY (P_NO,COUNTRY,PERIOD,PRICE,P_TYPE,SORT) values (9,'국내',31,4000,'플렉스','예약변경/환불');
Insert into PENALTY (P_NO,COUNTRY,PERIOD,PRICE,P_TYPE,SORT) values (10,'국내',15,6000,'플렉스','예약변경/환불');
Insert into PENALTY (P_NO,COUNTRY,PERIOD,PRICE,P_TYPE,SORT) values (11,'국내',2,9000,'플렉스','예약변경/환불');
Insert into PENALTY (P_NO,COUNTRY,PERIOD,PRICE,P_TYPE,SORT) values (12,'국내',0,12000,'플렉스','예약변경/환불');
Insert into PENALTY (P_NO,COUNTRY,PERIOD,PRICE,P_TYPE,SORT) values (13,'국내',62,0,'슈퍼로우','예약변경/환불');
Insert into PENALTY (P_NO,COUNTRY,PERIOD,PRICE,P_TYPE,SORT) values (14,'국내',61,3000,'슈퍼로우','예약변경/환불');
Insert into PENALTY (P_NO,COUNTRY,PERIOD,PRICE,P_TYPE,SORT) values (15,'국내',31,5000,'슈퍼로우','예약변경/환불');
Insert into PENALTY (P_NO,COUNTRY,PERIOD,PRICE,P_TYPE,SORT) values (16,'국내',15,7000,'슈퍼로우','예약변경/환불');
Insert into PENALTY (P_NO,COUNTRY,PERIOD,PRICE,P_TYPE,SORT) values (17,'국내',2,10000,'슈퍼로우','예약변경/환불');
Insert into PENALTY (P_NO,COUNTRY,PERIOD,PRICE,P_TYPE,SORT) values (18,'국내',0,14000,'슈퍼로우','예약변경/환불');
Insert into PENALTY (P_NO,COUNTRY,PERIOD,PRICE,P_TYPE,SORT) values (19,'국내',-1,15000,'지니/비즈니스','NO-SHOW');
Insert into PENALTY (P_NO,COUNTRY,PERIOD,PRICE,P_TYPE,SORT) values (20,'국내',-1,15000,'플렉스','NO-SHOW');
Insert into PENALTY (P_NO,COUNTRY,PERIOD,PRICE,P_TYPE,SORT) values (21,'국내',-1,15000,'슈퍼로우','NO-SHOW');
Insert into PENALTY (P_NO,COUNTRY,PERIOD,PRICE,P_TYPE,SORT) values (22,'국외',91,0,'지니플러스/지니','환불 위약금');
Insert into PENALTY (P_NO,COUNTRY,PERIOD,PRICE,P_TYPE,SORT) values (23,'국외',90,10000,'지니플러스/지니','환불 위약금');
Insert into PENALTY (P_NO,COUNTRY,PERIOD,PRICE,P_TYPE,SORT) values (24,'국외',61,10000,'지니플러스/지니','환불 위약금');
Insert into PENALTY (P_NO,COUNTRY,PERIOD,PRICE,P_TYPE,SORT) values (25,'국외',60,20000,'지니플러스/지니','환불 위약금');
Insert into PENALTY (P_NO,COUNTRY,PERIOD,PRICE,P_TYPE,SORT) values (26,'국외',31,20000,'지니플러스/지니','환불 위약금');
Insert into PENALTY (P_NO,COUNTRY,PERIOD,PRICE,P_TYPE,SORT) values (27,'국외',30,30000,'지니플러스/지니','환불 위약금');
Insert into PENALTY (P_NO,COUNTRY,PERIOD,PRICE,P_TYPE,SORT) values (28,'국외',8,30000,'지니플러스/지니','환불 위약금');
Insert into PENALTY (P_NO,COUNTRY,PERIOD,PRICE,P_TYPE,SORT) values (29,'국외',7,50000,'지니플러스/지니','환불 위약금');
Insert into PENALTY (P_NO,COUNTRY,PERIOD,PRICE,P_TYPE,SORT) values (30,'국외',0,50000,'지니플러스/지니','환불 위약금');
Insert into PENALTY (P_NO,COUNTRY,PERIOD,PRICE,P_TYPE,SORT) values (31,'국외',91,0,'플렉스','환불 위약금');
Insert into PENALTY (P_NO,COUNTRY,PERIOD,PRICE,P_TYPE,SORT) values (32,'국외',90,20000,'플렉스','환불 위약금');
Insert into PENALTY (P_NO,COUNTRY,PERIOD,PRICE,P_TYPE,SORT) values (33,'국외',61,20000,'플렉스','환불 위약금');
Insert into PENALTY (P_NO,COUNTRY,PERIOD,PRICE,P_TYPE,SORT) values (34,'국외',60,40000,'플렉스','환불 위약금');
Insert into PENALTY (P_NO,COUNTRY,PERIOD,PRICE,P_TYPE,SORT) values (35,'국외',31,40000,'플렉스','환불 위약금');
Insert into PENALTY (P_NO,COUNTRY,PERIOD,PRICE,P_TYPE,SORT) values (36,'국외',30,60000,'플렉스','환불 위약금');
Insert into PENALTY (P_NO,COUNTRY,PERIOD,PRICE,P_TYPE,SORT) values (37,'국외',8,60000,'플렉스','환불 위약금');
Insert into PENALTY (P_NO,COUNTRY,PERIOD,PRICE,P_TYPE,SORT) values (38,'국외',7,70000,'플렉스','환불 위약금');
Insert into PENALTY (P_NO,COUNTRY,PERIOD,PRICE,P_TYPE,SORT) values (39,'국외',0,70000,'플렉스','환불 위약금');
Insert into PENALTY (P_NO,COUNTRY,PERIOD,PRICE,P_TYPE,SORT) values (40,'국외',91,60000,'슈퍼로우','환불 위약금');
Insert into PENALTY (P_NO,COUNTRY,PERIOD,PRICE,P_TYPE,SORT) values (41,'국외',8,60000,'슈퍼로우','환불 위약금');
Insert into PENALTY (P_NO,COUNTRY,PERIOD,PRICE,P_TYPE,SORT) values (42,'국외',7,80000,'슈퍼로우','환불 위약금');
Insert into PENALTY (P_NO,COUNTRY,PERIOD,PRICE,P_TYPE,SORT) values (43,'국외',0,80000,'슈퍼로우','환불 위약금');
Insert into PENALTY (P_NO,COUNTRY,PERIOD,PRICE,P_TYPE,SORT) values (44,'국외',null,30000,'지니플러스/지니','부분 환불');
Insert into PENALTY (P_NO,COUNTRY,PERIOD,PRICE,P_TYPE,SORT) values (45,'국외',null,20000,'지니플러스/지니','변경 수수료');
Insert into PENALTY (P_NO,COUNTRY,PERIOD,PRICE,P_TYPE,SORT) values (46,'국외',null,60000,'플렉스','부분 환불');
Insert into PENALTY (P_NO,COUNTRY,PERIOD,PRICE,P_TYPE,SORT) values (47,'국외',null,40000,'플렉스','변경 수수료');
Insert into PENALTY (P_NO,COUNTRY,PERIOD,PRICE,P_TYPE,SORT) values (48,'국외',null,60000,'슈퍼로우','부분 환불');
Insert into PENALTY (P_NO,COUNTRY,PERIOD,PRICE,P_TYPE,SORT) values (49,'국외',null,60000,'슈퍼로우','변경 수수료');
Insert into PENALTY (P_NO,COUNTRY,PERIOD,PRICE,P_TYPE,SORT) values (50,'국외',null,120000,null,'NO-SHOW');
REM INSERTING into PET
SET DEFINE OFF;
Insert into PET (P_NO,B_NO) values (1,'7');
Insert into PET (P_NO,B_NO) values (2,'5');
Insert into PET (P_NO,B_NO) values (3,'6');
Insert into PET (P_NO,B_NO) values (4,'10');
Insert into PET (P_NO,B_NO) values (5,'21');
REM INSERTING into POINT
SET DEFINE OFF;
Insert into POINT (P_NO,M_ID,P_TYPE,P_DATE,DETAIL,SP_NO,UP_NO) values (1,'berry34','적립',to_date('17/05/21','RR/MM/DD'),'서울/인천(ICN) - 괌(GUM) / LJ641',1,null);
Insert into POINT (P_NO,M_ID,P_TYPE,P_DATE,DETAIL,SP_NO,UP_NO) values (2,'berry34','적립',to_date('17/05/26','RR/MM/DD'),'괌(GUM) - 서울/인천(ICN) / LJ644',2,null);
Insert into POINT (P_NO,M_ID,P_TYPE,P_DATE,DETAIL,SP_NO,UP_NO) values (3,'berry34','적립',to_date('18/02/02','RR/MM/DD'),'서울/인천(ICN) - 다낭(DAD) / LJ079',3,null);
Insert into POINT (P_NO,M_ID,P_TYPE,P_DATE,DETAIL,SP_NO,UP_NO) values (4,'berry34','적립',to_date('18/02/07','RR/MM/DD'),'다낭(DAD) - 서울/인천(ICN) / LJ080',4,null);
Insert into POINT (P_NO,M_ID,P_TYPE,P_DATE,DETAIL,SP_NO,UP_NO) values (5,'berry34','적립',to_date('18/10/24','RR/MM/DD'),'서울/인천(ICN) - 세부(CEB) / LJ021',5,null);
Insert into POINT (P_NO,M_ID,P_TYPE,P_DATE,DETAIL,SP_NO,UP_NO) values (6,'berry34','적립',to_date('18/10/28','RR/MM/DD'),'세부(CEB) - 서울/인천(ICN) / LJ022',6,null);
Insert into POINT (P_NO,M_ID,P_TYPE,P_DATE,DETAIL,SP_NO,UP_NO) values (7,'berry34','사용',to_date('19/03/21','RR/MM/DD'),'서울/김포(GMP) - 제주(CJU) 왕복 항공권',null,1);
Insert into POINT (P_NO,M_ID,P_TYPE,P_DATE,DETAIL,SP_NO,UP_NO) values (8,'berry34','적립',to_date('21/09/17','RR/MM/DD'),'서울/김포(GMP) - 제주(CJU) / LJ323',7,null);
Insert into POINT (P_NO,M_ID,P_TYPE,P_DATE,DETAIL,SP_NO,UP_NO) values (9,'berry34','적립',to_date('21/09/23','RR/MM/DD'),'제주(CJU) - 서울/김포(GMP) / LJ316',8,null);
Insert into POINT (P_NO,M_ID,P_TYPE,P_DATE,DETAIL,SP_NO,UP_NO) values (10,'grape78','적립',to_date('17/11/11','RR/MM/DD'),'서울/인천(ICN) - 하와이/호놀룰루(HNL) / LJ601',9,null);
Insert into POINT (P_NO,M_ID,P_TYPE,P_DATE,DETAIL,SP_NO,UP_NO) values (11,'grape78','적립',to_date('17/11/18','RR/MM/DD'),'하와이/호놀룰루(HNL) - 서울/인천(ICN) / LJ602',10,null);
Insert into POINT (P_NO,M_ID,P_TYPE,P_DATE,DETAIL,SP_NO,UP_NO) values (12,'grape78','적립',to_date('18/12/19','RR/MM/DD'),'다낭(DAD) - 서울/인천(ICN) / LJ080',11,null);
Insert into POINT (P_NO,M_ID,P_TYPE,P_DATE,DETAIL,SP_NO,UP_NO) values (13,'grape78','사용',to_date('19/04/30','RR/MM/DD'),'서울/김포(GMP) - 제주(CJU) 편도 항공권',null,2);
Insert into POINT (P_NO,M_ID,P_TYPE,P_DATE,DETAIL,SP_NO,UP_NO) values (14,'grape78','적립',to_date('19/12/02','RR/MM/DD'),'서울/인천(ICN) - 코타키나발루(BKI) / LJ061',12,null);
Insert into POINT (P_NO,M_ID,P_TYPE,P_DATE,DETAIL,SP_NO,UP_NO) values (15,'grape78','적립',to_date('19/12/06','RR/MM/DD'),'코타키나발루(BKI) - 서울/인천(ICN) / LJ062',13,null);
Insert into POINT (P_NO,M_ID,P_TYPE,P_DATE,DETAIL,SP_NO,UP_NO) values (16,'grape78','적립',to_date('21/06/21','RR/MM/DD'),'서울/김포(GMP) - 부산(PUS) / LJ363',14,null);
Insert into POINT (P_NO,M_ID,P_TYPE,P_DATE,DETAIL,SP_NO,UP_NO) values (17,'grape78','적립',to_date('21/06/24','RR/MM/DD'),'부산(PUS) - 서울/김포(GMP) / LJ354',15,null);
Insert into POINT (P_NO,M_ID,P_TYPE,P_DATE,DETAIL,SP_NO,UP_NO) values (18,'cherry1234','적립',to_date('18/12/12','RR/MM/DD'),'서울/인천(ICN) - 보라카이/칼리보(KLO) / LJ041',16,null);
Insert into POINT (P_NO,M_ID,P_TYPE,P_DATE,DETAIL,SP_NO,UP_NO) values (19,'cherry1234','적립',to_date('18/12/16','RR/MM/DD'),'보라카이/칼리보(KLO) - 서울/인천(ICN) / LJ040',17,null);
Insert into POINT (P_NO,M_ID,P_TYPE,P_DATE,DETAIL,SP_NO,UP_NO) values (20,'cherry1234','적립',to_date('19/02/05','RR/MM/DD'),'서울/인천(ICN) - 방콕(BKK) / LJ001',18,null);
Insert into POINT (P_NO,M_ID,P_TYPE,P_DATE,DETAIL,SP_NO,UP_NO) values (21,'cherry1234','적립',to_date('19/02/08','RR/MM/DD'),'방콕(BKK) - 서울/인천(ICN) / LJ002',19,null);
Insert into POINT (P_NO,M_ID,P_TYPE,P_DATE,DETAIL,SP_NO,UP_NO) values (22,'cherry1234','사용',to_date('19/04/20','RR/MM/DD'),'부산(PUS) - 서울/김포(GMP) 편도 항공권',null,3);
Insert into POINT (P_NO,M_ID,P_TYPE,P_DATE,DETAIL,SP_NO,UP_NO) values (23,'cherry1234','적립',to_date('19/12/28','RR/MM/DD'),'괌(GUM) - 서울/인천(ICN) / LJ644',20,null);
Insert into POINT (P_NO,M_ID,P_TYPE,P_DATE,DETAIL,SP_NO,UP_NO) values (24,'papaya87','적립',to_date('19/05/05','RR/MM/DD'),'서울/인천(ICN) - 푸켓(HKT) / LJ071',21,null);
Insert into POINT (P_NO,M_ID,P_TYPE,P_DATE,DETAIL,SP_NO,UP_NO) values (25,'papaya87','적립',to_date('19/05/09','RR/MM/DD'),'푸켓(HKT) - 서울/인천(ICN) / LJ072',22,null);
Insert into POINT (P_NO,M_ID,P_TYPE,P_DATE,DETAIL,SP_NO,UP_NO) values (26,'papaya87','적립',to_date('19/12/10','RR/MM/DD'),'세부(CEB) - 부산(PUS) / LJ034',23,null);
Insert into POINT (P_NO,M_ID,P_TYPE,P_DATE,DETAIL,SP_NO,UP_NO) values (27,'papaya87','적립',to_date('20/07/14','RR/MM/DD'),'청주(CJJ) - 제주(CJU) / LJ553',24,null);
Insert into POINT (P_NO,M_ID,P_TYPE,P_DATE,DETAIL,SP_NO,UP_NO) values (28,'papaya87','사용',to_date('20/10/20','RR/MM/DD'),'부산(PUS) - 제주(CJU) 편도 항공권',null,4);
Insert into POINT (P_NO,M_ID,P_TYPE,P_DATE,DETAIL,SP_NO,UP_NO) values (29,'papaya87','적립',to_date('21/11/01','RR/MM/DD'),'제주(CJU) - 서울/김포(GMP) / LJ328',25,null);
Insert into POINT (P_NO,M_ID,P_TYPE,P_DATE,DETAIL,SP_NO,UP_NO) values (30,'garlic231','적립',to_date('20/09/24','RR/MM/DD'),'제주(CJU) - 서울/김포(GMP) / LJ310',26,null);
Insert into POINT (P_NO,M_ID,P_TYPE,P_DATE,DETAIL,SP_NO,UP_NO) values (31,'garlic231','적립',to_date('20/10/24','RR/MM/DD'),'서울/김포(GMP) - 제주(CJU) / LJ331',27,null);
Insert into POINT (P_NO,M_ID,P_TYPE,P_DATE,DETAIL,SP_NO,UP_NO) values (32,'garlic231','적립',to_date('21/03/01','RR/MM/DD'),'제주(CJU) - 광주(KWJ) / LJ594',28,null);
Insert into POINT (P_NO,M_ID,P_TYPE,P_DATE,DETAIL,SP_NO,UP_NO) values (33,'deodeok000','적립',to_date('21/07/24','RR/MM/DD'),'제주(CJU) - 군산(KUV) / LJ484',29,null);
REM INSERTING into POINT_LIST
SET DEFINE OFF;
Insert into POINT_LIST (PL_NO,COUNTRY,ROUTE,PL_POINT) values (1,'국내선',1,10);
Insert into POINT_LIST (PL_NO,COUNTRY,ROUTE,PL_POINT) values (2,'국내선',2,10);
Insert into POINT_LIST (PL_NO,COUNTRY,ROUTE,PL_POINT) values (3,'국내선',3,10);
Insert into POINT_LIST (PL_NO,COUNTRY,ROUTE,PL_POINT) values (4,'국내선',4,10);
Insert into POINT_LIST (PL_NO,COUNTRY,ROUTE,PL_POINT) values (5,'국내선',5,10);
Insert into POINT_LIST (PL_NO,COUNTRY,ROUTE,PL_POINT) values (6,'국내선',6,10);
Insert into POINT_LIST (PL_NO,COUNTRY,ROUTE,PL_POINT) values (7,'국내선',7,10);
Insert into POINT_LIST (PL_NO,COUNTRY,ROUTE,PL_POINT) values (8,'국내선',8,10);
Insert into POINT_LIST (PL_NO,COUNTRY,ROUTE,PL_POINT) values (9,'국내선',9,10);
Insert into POINT_LIST (PL_NO,COUNTRY,ROUTE,PL_POINT) values (10,'국내선',10,10);
Insert into POINT_LIST (PL_NO,COUNTRY,ROUTE,PL_POINT) values (11,'국내선',11,10);
Insert into POINT_LIST (PL_NO,COUNTRY,ROUTE,PL_POINT) values (12,'국내선',12,10);
Insert into POINT_LIST (PL_NO,COUNTRY,ROUTE,PL_POINT) values (13,'국내선',13,10);
Insert into POINT_LIST (PL_NO,COUNTRY,ROUTE,PL_POINT) values (14,'국내선',14,10);
Insert into POINT_LIST (PL_NO,COUNTRY,ROUTE,PL_POINT) values (15,'국내선',15,10);
Insert into POINT_LIST (PL_NO,COUNTRY,ROUTE,PL_POINT) values (16,'국내선',43,10);
Insert into POINT_LIST (PL_NO,COUNTRY,ROUTE,PL_POINT) values (17,'동남아',24,30);
Insert into POINT_LIST (PL_NO,COUNTRY,ROUTE,PL_POINT) values (18,'동남아',25,30);
Insert into POINT_LIST (PL_NO,COUNTRY,ROUTE,PL_POINT) values (19,'동남아',26,30);
Insert into POINT_LIST (PL_NO,COUNTRY,ROUTE,PL_POINT) values (20,'동남아',28,30);
Insert into POINT_LIST (PL_NO,COUNTRY,ROUTE,PL_POINT) values (21,'동남아',29,30);
Insert into POINT_LIST (PL_NO,COUNTRY,ROUTE,PL_POINT) values (22,'동남아',30,30);
Insert into POINT_LIST (PL_NO,COUNTRY,ROUTE,PL_POINT) values (23,'동남아',31,30);
Insert into POINT_LIST (PL_NO,COUNTRY,ROUTE,PL_POINT) values (24,'동남아',33,30);
Insert into POINT_LIST (PL_NO,COUNTRY,ROUTE,PL_POINT) values (25,'동남아',34,30);
Insert into POINT_LIST (PL_NO,COUNTRY,ROUTE,PL_POINT) values (26,'동남아',35,25);
Insert into POINT_LIST (PL_NO,COUNTRY,ROUTE,PL_POINT) values (27,'동남아',36,30);
Insert into POINT_LIST (PL_NO,COUNTRY,ROUTE,PL_POINT) values (28,'동남아',37,30);
Insert into POINT_LIST (PL_NO,COUNTRY,ROUTE,PL_POINT) values (29,'동남아',38,30);
Insert into POINT_LIST (PL_NO,COUNTRY,ROUTE,PL_POINT) values (30,'동남아',39,30);
Insert into POINT_LIST (PL_NO,COUNTRY,ROUTE,PL_POINT) values (31,'대양주',40,40);
Insert into POINT_LIST (PL_NO,COUNTRY,ROUTE,PL_POINT) values (32,'대양주',41,60);
Insert into POINT_LIST (PL_NO,COUNTRY,ROUTE,PL_POINT) values (33,'대양주',32,40);
Insert into POINT_LIST (PL_NO,COUNTRY,ROUTE,PL_POINT) values (34,'미주',42,60);
REM INSERTING into PRIZE_EVENT
SET DEFINE OFF;
Insert into PRIZE_EVENT (PE_NO,IDS,GIFT,E_NO) values (1,'apple12,berry34,strawberry56','김포-제주 왕복항공권 1매',9);
Insert into PRIZE_EVENT (PE_NO,IDS,GIFT,E_NO) values (2,'grape78,raisin90,grapefruit88,cherry1234,peach54','모바일
피자 쿠폰',9);
Insert into PRIZE_EVENT (PE_NO,IDS,GIFT,E_NO) values (3,'INTENSE07,PPP9214,IMHSES,KIMYEANOK,YYCHANG92
','모바일
치킨 쿠폰',9);
Insert into PRIZE_EVENT (PE_NO,IDS,GIFT,E_NO) values (4,'papaya87,tomato5644,lime4543','홍콩 왕복항공권 1매',31);
Insert into PRIZE_EVENT (PE_NO,IDS,GIFT,E_NO) values (5,'lemon32,lettuce765,celery8668','폴 바셋 5만 원 상품권',31);
Insert into PRIZE_EVENT (PE_NO,IDS,GIFT,E_NO) values (6,'radish3432,onion98,garlic231,mustard,wheat131,lettuce43,HAE129,SEOKSEUNGJUN,HSUP83,SUNGEUN86

','폴 바셋 3만 원 상품권',31);
REM INSERTING into QNA
SET DEFINE OFF;
Insert into QNA (Q_NO,B_NO,S_DAY,DEPARTURE,ARRIVAL,Q_TYPE,CLASSIFICATION,TITLE,ANSWER,Q_FILE,DESCRIPTION,R_DATE,REPLYDATE,M_ID) values (1,'A12BY1-1',to_date('21/11/25','RR/MM/DD'),'서울/김포(GMP)','제주(CJU)','문의/요청','수화물','보드장비','T',null,'보드 장비를 가져가려고 하는데 가격이 어떻게 나올지가 궁금합니다. 정확한 가격을 알려주세요 ',to_date('21/12/12','RR/MM/DD'),to_date('21/01/01','RR/MM/DD'),'apple12');
Insert into QNA (Q_NO,B_NO,S_DAY,DEPARTURE,ARRIVAL,Q_TYPE,CLASSIFICATION,TITLE,ANSWER,Q_FILE,DESCRIPTION,R_DATE,REPLYDATE,M_ID) values (2,'A12BY2-1',to_date('21/11/24','RR/MM/DD'),'부산(PUS)','오사카/간사이(KIX)','문의/요청','항공권 예약/구매/변경/환불','비행 스케줄 문의','T',null,'오사카에 놀러가고 싶습니다. 언제부터 갈수 있나요 코로나는 언제 끝나나요 ',to_date('21/01/01','RR/MM/DD'),null,'berry34');
Insert into QNA (Q_NO,B_NO,S_DAY,DEPARTURE,ARRIVAL,Q_TYPE,CLASSIFICATION,TITLE,ANSWER,Q_FILE,DESCRIPTION,R_DATE,REPLYDATE,M_ID) values (3,null,to_date('21/12/20','RR/MM/DD'),null,null,'문의/요청','회원가입/변경/탈퇴','회원탈퇴는 어떻게','T',null,'회원탈퇴는 어떻게 하나요 하고 싶어요 알려주세요 ',to_date('21/12/20','RR/MM/DD'),to_date('21/01/01','RR/MM/DD'),'lettuce765');
Insert into QNA (Q_NO,B_NO,S_DAY,DEPARTURE,ARRIVAL,Q_TYPE,CLASSIFICATION,TITLE,ANSWER,Q_FILE,DESCRIPTION,R_DATE,REPLYDATE,M_ID) values (4,null,to_date('22/01/01','RR/MM/DD'),null,null,'제언','홈페이지/모바일 이용','홈페이지가 ','F',null,'홈페이지가 이상해요 다시만들어주세요 ',to_date('21/01/01','RR/MM/DD'),null,'mustard');
Insert into QNA (Q_NO,B_NO,S_DAY,DEPARTURE,ARRIVAL,Q_TYPE,CLASSIFICATION,TITLE,ANSWER,Q_FILE,DESCRIPTION,R_DATE,REPLYDATE,M_ID) values (5,null,to_date('22/01/01','RR/MM/DD'),null,null,'불만','기타','날씨가 너무 춥습니다.','T',null,'날씨가 왜이렇게 추운지 알려주세요.',to_date('21/01/01','RR/MM/DD'),null,'onion98');
Insert into QNA (Q_NO,B_NO,S_DAY,DEPARTURE,ARRIVAL,Q_TYPE,CLASSIFICATION,TITLE,ANSWER,Q_FILE,DESCRIPTION,R_DATE,REPLYDATE,M_ID) values (6,'E56FH1-1',to_date('21/12/03','RR/MM/DD'),'서울/인천(ICN)','하와이,호놀룰루(HNL)','제언','기타','언제쯤…','T',null,'언제쯤 다시 갈 수 있을까요.. ? 물론 전 한번도 가본적이 없답니다 ㅎㅎㅎ 가보고 싶어요!! ',to_date('21/01/01','RR/MM/DD'),null,'lime4543');
Insert into QNA (Q_NO,B_NO,S_DAY,DEPARTURE,ARRIVAL,Q_TYPE,CLASSIFICATION,TITLE,ANSWER,Q_FILE,DESCRIPTION,R_DATE,REPLYDATE,M_ID) values (7,'E56FH1-1',to_date('21/12/03','RR/MM/DD'),'서울/김포(GMP)','제주(CJU)','기내홈쇼핑','기내서비스','쇼핑 시간이 너무 짧아요','F',null,'기내 쇼핑을 했는데 시간이 너무 짧아 아쉬웠어요. 다음번엔 좀 더 긴 시간 쇼핑을 하고 싶습니다. ^^ 비행기 멀리 돌아가주세요 ㅎㅎ',to_date('21/12/20','RR/MM/DD'),to_date('21/01/01','RR/MM/DD'),'papaya87');
Insert into QNA (Q_NO,B_NO,S_DAY,DEPARTURE,ARRIVAL,Q_TYPE,CLASSIFICATION,TITLE,ANSWER,Q_FILE,DESCRIPTION,R_DATE,REPLYDATE,M_ID) values (8,null,to_date('22/01/01','RR/MM/DD'),null,null,'칭송','이벤트','더는..','T',null,'더는 지어내서 쓸 말이 없습니다.',to_date('21/01/01','RR/MM/DD'),null,'peach54');
Insert into QNA (Q_NO,B_NO,S_DAY,DEPARTURE,ARRIVAL,Q_TYPE,CLASSIFICATION,TITLE,ANSWER,Q_FILE,DESCRIPTION,R_DATE,REPLYDATE,M_ID) values (9,null,to_date('22/01/01','RR/MM/DD'),null,null,null,'고객서비스센터','죄송합니다..','T',null,'제가 실험한다고 잘못보냈는데.. 저장을 하셨더라구요 지워주세요 제발 ㅜ ',to_date('21/01/01','RR/MM/DD'),null,'seaweed22');
Insert into QNA (Q_NO,B_NO,S_DAY,DEPARTURE,ARRIVAL,Q_TYPE,CLASSIFICATION,TITLE,ANSWER,Q_FILE,DESCRIPTION,R_DATE,REPLYDATE,M_ID) values (10,null,to_date('21/11/10','RR/MM/DD'),null,null,null,'나비포인트','포인트적립 ','T',null,'비행기를 안탔지만 100포인트 정도만 주시면 안될까요? 비행기가 타보고 싶어요 ',to_date('21/12/20','RR/MM/DD'),to_date('21/01/01','RR/MM/DD'),'walnut75');
REM INSERTING into RESERVED_SEAT
SET DEFINE OFF;
Insert into RESERVED_SEAT (RS_NO,S_NO,B_NO,S_NO2) values (1,91,'1',145);
Insert into RESERVED_SEAT (RS_NO,S_NO,B_NO,S_NO2) values (2,92,'2',145);
Insert into RESERVED_SEAT (RS_NO,S_NO,B_NO,S_NO2) values (3,97,'3',117);
Insert into RESERVED_SEAT (RS_NO,S_NO,B_NO,S_NO2) values (4,98,'4',117);
Insert into RESERVED_SEAT (RS_NO,S_NO,B_NO,S_NO2) values (5,99,'5',117);
Insert into RESERVED_SEAT (RS_NO,S_NO,B_NO,S_NO2) values (6,121,'6',2743);
Insert into RESERVED_SEAT (RS_NO,S_NO,B_NO,S_NO2) values (7,122,'7',2743);
Insert into RESERVED_SEAT (RS_NO,S_NO,B_NO,S_NO2) values (8,123,'8',2743);
Insert into RESERVED_SEAT (RS_NO,S_NO,B_NO,S_NO2) values (9,2,'9',1462);
Insert into RESERVED_SEAT (RS_NO,S_NO,B_NO,S_NO2) values (10,10,'10',20);
Insert into RESERVED_SEAT (RS_NO,S_NO,B_NO,S_NO2) values (11,11,'11',20);
Insert into RESERVED_SEAT (RS_NO,S_NO,B_NO,S_NO2) values (12,12,'12',20);
Insert into RESERVED_SEAT (RS_NO,S_NO,B_NO,S_NO2) values (13,13,'13',20);
Insert into RESERVED_SEAT (RS_NO,S_NO,B_NO,S_NO2) values (14,3,'14',886);
Insert into RESERVED_SEAT (RS_NO,S_NO,B_NO,S_NO2) values (15,52,'15',288);
Insert into RESERVED_SEAT (RS_NO,S_NO,B_NO,S_NO2) values (16,54,'16',288);
Insert into RESERVED_SEAT (RS_NO,S_NO,B_NO,S_NO2) values (17,61,'17',252);
Insert into RESERVED_SEAT (RS_NO,S_NO,B_NO,S_NO2) values (18,63,'18',252);
Insert into RESERVED_SEAT (RS_NO,S_NO,B_NO,S_NO2) values (19,76,'19',377);
Insert into RESERVED_SEAT (RS_NO,S_NO,B_NO,S_NO2) values (20,77,'20',377);
Insert into RESERVED_SEAT (RS_NO,S_NO,B_NO,S_NO2) values (21,78,'21',377);
Insert into RESERVED_SEAT (RS_NO,S_NO,B_NO,S_NO2) values (22,82,'22',9);
Insert into RESERVED_SEAT (RS_NO,S_NO,B_NO,S_NO2) values (23,84,'23',9);
Insert into RESERVED_SEAT (RS_NO,S_NO,B_NO,S_NO2) values (24,154,'24',909);
Insert into RESERVED_SEAT (RS_NO,S_NO,B_NO,S_NO2) values (25,156,'25',909);
Insert into RESERVED_SEAT (RS_NO,S_NO,B_NO,S_NO2) values (26,163,'26',1686);
Insert into RESERVED_SEAT (RS_NO,S_NO,B_NO,S_NO2) values (27,164,'27',1686);
Insert into RESERVED_SEAT (RS_NO,S_NO,B_NO,S_NO2) values (28,165,'28',1686);
Insert into RESERVED_SEAT (RS_NO,S_NO,B_NO,S_NO2) values (29,162,'29',1686);
Insert into RESERVED_SEAT (RS_NO,S_NO,B_NO,S_NO2) values (30,189,'30',1700);
REM INSERTING into ROUTE
SET DEFINE OFF;
Insert into ROUTE (ROUTE,RNAME) values (1,'서울/김포(GMP)-제주(CJU)');
Insert into ROUTE (ROUTE,RNAME) values (2,'부산(PUS)-제주(CJU)');
Insert into ROUTE (ROUTE,RNAME) values (3,'청주(CJJ)-제주(CJU)');
Insert into ROUTE (ROUTE,RNAME) values (4,'광주(KWJ)-제주(CJU)');
Insert into ROUTE (ROUTE,RNAME) values (5,'서울/김포(GMP)-부산(CJU)');
Insert into ROUTE (ROUTE,RNAME) values (6,'서울/김포(GMP)-광주(KWJ)');
Insert into ROUTE (ROUTE,RNAME) values (7,'대구(TAE)-제주(CJU)');
Insert into ROUTE (ROUTE,RNAME) values (8,'서울/김포(GMP)-여수(RSU)');
Insert into ROUTE (ROUTE,RNAME) values (9,'서울/김포(GMP)-울산(USN)');
Insert into ROUTE (ROUTE,RNAME) values (10,'울산(USN)-제주(CJU)');
Insert into ROUTE (ROUTE,RNAME) values (11,'서울/김포(GMP)-대구(TAE)');
Insert into ROUTE (ROUTE,RNAME) values (12,'서울/김포(GMP)-포항(KPO)');
Insert into ROUTE (ROUTE,RNAME) values (13,'포항(KPO)-제주(CJU)');
Insert into ROUTE (ROUTE,RNAME) values (14,'군산(KUV)-제주(CJU)');
Insert into ROUTE (ROUTE,RNAME) values (15,'원주(WJU)-제주(CJU)');
Insert into ROUTE (ROUTE,RNAME) values (16,'서울/인천(ICN)-도쿄/나리타(NRT)');
Insert into ROUTE (ROUTE,RNAME) values (17,'서울/인천(ICN)-오사카/간사이(KIX)');
Insert into ROUTE (ROUTE,RNAME) values (18,'서울/인천(ICN)-후쿠오카(FUK)');
Insert into ROUTE (ROUTE,RNAME) values (19,'서울/인천(ICN)-삿포로(CTS)');
Insert into ROUTE (ROUTE,RNAME) values (20,'서울/인천(ICN)-오키나와(OKA)');
Insert into ROUTE (ROUTE,RNAME) values (21,'서울/인천(ICN)-홍콩(HKG)');
Insert into ROUTE (ROUTE,RNAME) values (22,'제주(CJU)-시안(XIY)');
Insert into ROUTE (ROUTE,RNAME) values (23,'서울/인천(ICN)-타이베이/타오위안(TPE)');
Insert into ROUTE (ROUTE,RNAME) values (24,'서울/인천(ICN)-방콕(BKK)');
Insert into ROUTE (ROUTE,RNAME) values (25,'서울/인천(ICN)-클락(CRK)');
Insert into ROUTE (ROUTE,RNAME) values (26,'서울/인천(ICN)-코타 키나발루(BKI)');
Insert into ROUTE (ROUTE,RNAME) values (27,'서울/인천(ICN)-다카(DAC)');
Insert into ROUTE (ROUTE,RNAME) values (28,'서울/인천(ICN)-푸껫(HKT)');
Insert into ROUTE (ROUTE,RNAME) values (29,'서울/인천(ICN)-세부(CEB)');
Insert into ROUTE (ROUTE,RNAME) values (30,'서울/인천(ICN)-다낭(DAD)');
Insert into ROUTE (ROUTE,RNAME) values (31,'서울/인천(ICN)-하노이(HAN)');
Insert into ROUTE (ROUTE,RNAME) values (32,'서울/인천(ICN)-괌(GUM)');
Insert into ROUTE (ROUTE,RNAME) values (33,'부산(PUS)-방콕(BKK)');
Insert into ROUTE (ROUTE,RNAME) values (34,'부산(PUS)-세부(CEB)');
Insert into ROUTE (ROUTE,RNAME) values (35,'부산(PUS)-클락(CRK)');
Insert into ROUTE (ROUTE,RNAME) values (36,'서울/인천(ICN)-보라카이/칼리보(KLO)');
Insert into ROUTE (ROUTE,RNAME) values (37,'서울/인천(ICN)-비엔티안(VTE)');
Insert into ROUTE (ROUTE,RNAME) values (38,'서울/인천(ICN)-조호르바루(JHB)');
Insert into ROUTE (ROUTE,RNAME) values (39,'부산(PUS)-다낭(DAD)');
Insert into ROUTE (ROUTE,RNAME) values (40,'부산(PUS)-괌(GUM)');
Insert into ROUTE (ROUTE,RNAME) values (41,'서울/인천(ICN)-호주,케언스(CNS)');
Insert into ROUTE (ROUTE,RNAME) values (42,'서울/인천(ICN)-하와이,호놀룰루(HNL)');
Insert into ROUTE (ROUTE,RNAME) values (43,'국내선 전구간');
REM INSERTING into SAVING_POINT
SET DEFINE OFF;
Insert into SAVING_POINT (SP_NO,PL_NO,VALIDITY,C_NO) values (1,33,to_date('20/05/21','RR/MM/DD'),null);
Insert into SAVING_POINT (SP_NO,PL_NO,VALIDITY,C_NO) values (2,33,to_date('20/05/26','RR/MM/DD'),null);
Insert into SAVING_POINT (SP_NO,PL_NO,VALIDITY,C_NO) values (3,22,to_date('21/02/02','RR/MM/DD'),null);
Insert into SAVING_POINT (SP_NO,PL_NO,VALIDITY,C_NO) values (4,22,to_date('21/02/07','RR/MM/DD'),null);
Insert into SAVING_POINT (SP_NO,PL_NO,VALIDITY,C_NO) values (5,21,to_date('21/10/24','RR/MM/DD'),null);
Insert into SAVING_POINT (SP_NO,PL_NO,VALIDITY,C_NO) values (6,21,to_date('21/10/28','RR/MM/DD'),null);
Insert into SAVING_POINT (SP_NO,PL_NO,VALIDITY,C_NO) values (7,1,to_date('24/09/17','RR/MM/DD'),null);
Insert into SAVING_POINT (SP_NO,PL_NO,VALIDITY,C_NO) values (8,1,to_date('24/09/23','RR/MM/DD'),null);
Insert into SAVING_POINT (SP_NO,PL_NO,VALIDITY,C_NO) values (9,34,to_date('20/11/11','RR/MM/DD'),null);
Insert into SAVING_POINT (SP_NO,PL_NO,VALIDITY,C_NO) values (10,34,to_date('20/11/18','RR/MM/DD'),null);
Insert into SAVING_POINT (SP_NO,PL_NO,VALIDITY,C_NO) values (11,22,to_date('21/12/19','RR/MM/DD'),null);
Insert into SAVING_POINT (SP_NO,PL_NO,VALIDITY,C_NO) values (12,19,to_date('22/12/02','RR/MM/DD'),null);
Insert into SAVING_POINT (SP_NO,PL_NO,VALIDITY,C_NO) values (13,19,to_date('22/12/06','RR/MM/DD'),null);
Insert into SAVING_POINT (SP_NO,PL_NO,VALIDITY,C_NO) values (14,5,to_date('24/06/21','RR/MM/DD'),null);
Insert into SAVING_POINT (SP_NO,PL_NO,VALIDITY,C_NO) values (15,5,to_date('24/06/24','RR/MM/DD'),null);
Insert into SAVING_POINT (SP_NO,PL_NO,VALIDITY,C_NO) values (16,27,to_date('21/12/12','RR/MM/DD'),null);
Insert into SAVING_POINT (SP_NO,PL_NO,VALIDITY,C_NO) values (17,27,to_date('21/12/16','RR/MM/DD'),null);
Insert into SAVING_POINT (SP_NO,PL_NO,VALIDITY,C_NO) values (18,17,to_date('22/02/05','RR/MM/DD'),null);
Insert into SAVING_POINT (SP_NO,PL_NO,VALIDITY,C_NO) values (19,17,to_date('22/02/08','RR/MM/DD'),null);
Insert into SAVING_POINT (SP_NO,PL_NO,VALIDITY,C_NO) values (20,33,to_date('22/12/28','RR/MM/DD'),null);
Insert into SAVING_POINT (SP_NO,PL_NO,VALIDITY,C_NO) values (21,20,to_date('22/05/05','RR/MM/DD'),null);
Insert into SAVING_POINT (SP_NO,PL_NO,VALIDITY,C_NO) values (22,20,to_date('22/05/09','RR/MM/DD'),null);
Insert into SAVING_POINT (SP_NO,PL_NO,VALIDITY,C_NO) values (23,25,to_date('22/12/10','RR/MM/DD'),null);
Insert into SAVING_POINT (SP_NO,PL_NO,VALIDITY,C_NO) values (24,3,to_date('23/07/14','RR/MM/DD'),null);
Insert into SAVING_POINT (SP_NO,PL_NO,VALIDITY,C_NO) values (25,1,to_date('24/11/01','RR/MM/DD'),null);
Insert into SAVING_POINT (SP_NO,PL_NO,VALIDITY,C_NO) values (26,1,to_date('23/09/24','RR/MM/DD'),null);
Insert into SAVING_POINT (SP_NO,PL_NO,VALIDITY,C_NO) values (27,1,to_date('23/10/24','RR/MM/DD'),null);
Insert into SAVING_POINT (SP_NO,PL_NO,VALIDITY,C_NO) values (28,4,to_date('24/03/01','RR/MM/DD'),null);
Insert into SAVING_POINT (SP_NO,PL_NO,VALIDITY,C_NO) values (29,14,to_date('24/07/24','RR/MM/DD'),null);
REM INSERTING into SCHEDULE
SET DEFINE OFF;
Insert into SCHEDULE (S_NO,STIME,ETIME,FLIGHT_NO) values (592,to_date('22/01/18','RR/MM/DD'),75,'LJ304');
Insert into SCHEDULE (S_NO,STIME,ETIME,FLIGHT_NO) values (593,to_date('22/01/19','RR/MM/DD'),75,'LJ304');
Insert into SCHEDULE (S_NO,STIME,ETIME,FLIGHT_NO) values (594,to_date('22/01/20','RR/MM/DD'),75,'LJ304');
Insert into SCHEDULE (S_NO,STIME,ETIME,FLIGHT_NO) values (595,to_date('22/01/22','RR/MM/DD'),70,'LJ404');
Insert into SCHEDULE (S_NO,STIME,ETIME,FLIGHT_NO) values (596,to_date('22/01/17','RR/MM/DD'),70,'LJ404');
Insert into SCHEDULE (S_NO,STIME,ETIME,FLIGHT_NO) values (597,to_date('22/01/20','RR/MM/DD'),70,'LJ404');
Insert into SCHEDULE (S_NO,STIME,ETIME,FLIGHT_NO) values (598,to_date('22/01/21','RR/MM/DD'),70,'LJ404');
Insert into SCHEDULE (S_NO,STIME,ETIME,FLIGHT_NO) values (599,to_date('22/01/23','RR/MM/DD'),70,'LJ404');
Insert into SCHEDULE (S_NO,STIME,ETIME,FLIGHT_NO) values (600,to_date('22/01/17','RR/MM/DD'),70,'LJ312');
Insert into SCHEDULE (S_NO,STIME,ETIME,FLIGHT_NO) values (601,to_date('22/01/18','RR/MM/DD'),70,'LJ312');
Insert into SCHEDULE (S_NO,STIME,ETIME,FLIGHT_NO) values (602,to_date('22/01/19','RR/MM/DD'),70,'LJ312');
Insert into SCHEDULE (S_NO,STIME,ETIME,FLIGHT_NO) values (603,to_date('22/01/20','RR/MM/DD'),70,'LJ312');
Insert into SCHEDULE (S_NO,STIME,ETIME,FLIGHT_NO) values (604,to_date('22/01/17','RR/MM/DD'),75,'LJ310');
Insert into SCHEDULE (S_NO,STIME,ETIME,FLIGHT_NO) values (605,to_date('22/01/18','RR/MM/DD'),75,'LJ310');
Insert into SCHEDULE (S_NO,STIME,ETIME,FLIGHT_NO) values (606,to_date('22/01/19','RR/MM/DD'),75,'LJ310');
Insert into SCHEDULE (S_NO,STIME,ETIME,FLIGHT_NO) values (607,to_date('22/01/20','RR/MM/DD'),75,'LJ310');
Insert into SCHEDULE (S_NO,STIME,ETIME,FLIGHT_NO) values (608,to_date('22/01/21','RR/MM/DD'),75,'LJ310');
Insert into SCHEDULE (S_NO,STIME,ETIME,FLIGHT_NO) values (609,to_date('22/01/22','RR/MM/DD'),75,'LJ310');
Insert into SCHEDULE (S_NO,STIME,ETIME,FLIGHT_NO) values (610,to_date('22/01/23','RR/MM/DD'),75,'LJ310');
Insert into SCHEDULE (S_NO,STIME,ETIME,FLIGHT_NO) values (611,to_date('22/01/17','RR/MM/DD'),75,'LJ314');
Insert into SCHEDULE (S_NO,STIME,ETIME,FLIGHT_NO) values (612,to_date('22/01/18','RR/MM/DD'),75,'LJ314');
Insert into SCHEDULE (S_NO,STIME,ETIME,FLIGHT_NO) values (613,to_date('22/01/19','RR/MM/DD'),75,'LJ314');
Insert into SCHEDULE (S_NO,STIME,ETIME,FLIGHT_NO) values (614,to_date('22/01/20','RR/MM/DD'),75,'LJ314');
Insert into SCHEDULE (S_NO,STIME,ETIME,FLIGHT_NO) values (615,to_date('22/01/21','RR/MM/DD'),75,'LJ314');
Insert into SCHEDULE (S_NO,STIME,ETIME,FLIGHT_NO) values (616,to_date('22/01/22','RR/MM/DD'),75,'LJ314');
Insert into SCHEDULE (S_NO,STIME,ETIME,FLIGHT_NO) values (617,to_date('22/01/23','RR/MM/DD'),75,'LJ314');
Insert into SCHEDULE (S_NO,STIME,ETIME,FLIGHT_NO) values (618,to_date('22/01/17','RR/MM/DD'),75,'LJ318');
Insert into SCHEDULE (S_NO,STIME,ETIME,FLIGHT_NO) values (619,to_date('22/01/18','RR/MM/DD'),75,'LJ318');
Insert into SCHEDULE (S_NO,STIME,ETIME,FLIGHT_NO) values (620,to_date('22/01/19','RR/MM/DD'),75,'LJ318');
Insert into SCHEDULE (S_NO,STIME,ETIME,FLIGHT_NO) values (621,to_date('22/01/20','RR/MM/DD'),75,'LJ318');
Insert into SCHEDULE (S_NO,STIME,ETIME,FLIGHT_NO) values (622,to_date('22/01/21','RR/MM/DD'),75,'LJ318');
Insert into SCHEDULE (S_NO,STIME,ETIME,FLIGHT_NO) values (623,to_date('22/01/22','RR/MM/DD'),75,'LJ318');
Insert into SCHEDULE (S_NO,STIME,ETIME,FLIGHT_NO) values (624,to_date('22/01/23','RR/MM/DD'),75,'LJ318');
Insert into SCHEDULE (S_NO,STIME,ETIME,FLIGHT_NO) values (625,to_date('22/01/17','RR/MM/DD'),70,'LJ320');
Insert into SCHEDULE (S_NO,STIME,ETIME,FLIGHT_NO) values (626,to_date('22/01/18','RR/MM/DD'),70,'LJ320');
Insert into SCHEDULE (S_NO,STIME,ETIME,FLIGHT_NO) values (627,to_date('22/01/19','RR/MM/DD'),70,'LJ320');
Insert into SCHEDULE (S_NO,STIME,ETIME,FLIGHT_NO) values (628,to_date('22/01/20','RR/MM/DD'),70,'LJ320');
Insert into SCHEDULE (S_NO,STIME,ETIME,FLIGHT_NO) values (629,to_date('22/01/21','RR/MM/DD'),70,'LJ320');
Insert into SCHEDULE (S_NO,STIME,ETIME,FLIGHT_NO) values (630,to_date('22/01/17','RR/MM/DD'),75,'LJ322');
Insert into SCHEDULE (S_NO,STIME,ETIME,FLIGHT_NO) values (631,to_date('22/01/18','RR/MM/DD'),75,'LJ322');
Insert into SCHEDULE (S_NO,STIME,ETIME,FLIGHT_NO) values (632,to_date('22/01/19','RR/MM/DD'),75,'LJ322');
Insert into SCHEDULE (S_NO,STIME,ETIME,FLIGHT_NO) values (633,to_date('22/01/20','RR/MM/DD'),75,'LJ322');
Insert into SCHEDULE (S_NO,STIME,ETIME,FLIGHT_NO) values (634,to_date('22/01/21','RR/MM/DD'),75,'LJ322');
Insert into SCHEDULE (S_NO,STIME,ETIME,FLIGHT_NO) values (635,to_date('22/01/22','RR/MM/DD'),75,'LJ322');
Insert into SCHEDULE (S_NO,STIME,ETIME,FLIGHT_NO) values (636,to_date('22/01/23','RR/MM/DD'),75,'LJ322');
Insert into SCHEDULE (S_NO,STIME,ETIME,FLIGHT_NO) values (637,to_date('22/01/17','RR/MM/DD'),75,'LJ328');
Insert into SCHEDULE (S_NO,STIME,ETIME,FLIGHT_NO) values (638,to_date('22/01/18','RR/MM/DD'),75,'LJ328');
Insert into SCHEDULE (S_NO,STIME,ETIME,FLIGHT_NO) values (639,to_date('22/01/19','RR/MM/DD'),75,'LJ328');
Insert into SCHEDULE (S_NO,STIME,ETIME,FLIGHT_NO) values (640,to_date('22/01/20','RR/MM/DD'),75,'LJ328');
Insert into SCHEDULE (S_NO,STIME,ETIME,FLIGHT_NO) values (641,to_date('22/01/21','RR/MM/DD'),75,'LJ328');
Insert into SCHEDULE (S_NO,STIME,ETIME,FLIGHT_NO) values (642,to_date('22/01/22','RR/MM/DD'),75,'LJ328');
Insert into SCHEDULE (S_NO,STIME,ETIME,FLIGHT_NO) values (643,to_date('22/01/23','RR/MM/DD'),75,'LJ328');
Insert into SCHEDULE (S_NO,STIME,ETIME,FLIGHT_NO) values (644,to_date('22/01/17','RR/MM/DD'),75,'LJ408');
Insert into SCHEDULE (S_NO,STIME,ETIME,FLIGHT_NO) values (645,to_date('22/01/20','RR/MM/DD'),75,'LJ408');
Insert into SCHEDULE (S_NO,STIME,ETIME,FLIGHT_NO) values (646,to_date('22/01/21','RR/MM/DD'),75,'LJ408');
Insert into SCHEDULE (S_NO,STIME,ETIME,FLIGHT_NO) values (647,to_date('22/01/22','RR/MM/DD'),75,'LJ408');
Insert into SCHEDULE (S_NO,STIME,ETIME,FLIGHT_NO) values (648,to_date('22/01/23','RR/MM/DD'),75,'LJ408');
Insert into SCHEDULE (S_NO,STIME,ETIME,FLIGHT_NO) values (649,to_date('22/01/17','RR/MM/DD'),75,'LJ316');
Insert into SCHEDULE (S_NO,STIME,ETIME,FLIGHT_NO) values (650,to_date('22/01/18','RR/MM/DD'),75,'LJ316');
Insert into SCHEDULE (S_NO,STIME,ETIME,FLIGHT_NO) values (651,to_date('22/01/19','RR/MM/DD'),75,'LJ316');
Insert into SCHEDULE (S_NO,STIME,ETIME,FLIGHT_NO) values (652,to_date('22/01/20','RR/MM/DD'),75,'LJ316');
Insert into SCHEDULE (S_NO,STIME,ETIME,FLIGHT_NO) values (653,to_date('22/01/21','RR/MM/DD'),75,'LJ316');
Insert into SCHEDULE (S_NO,STIME,ETIME,FLIGHT_NO) values (654,to_date('22/01/22','RR/MM/DD'),75,'LJ316');
Insert into SCHEDULE (S_NO,STIME,ETIME,FLIGHT_NO) values (655,to_date('22/01/23','RR/MM/DD'),75,'LJ316');
Insert into SCHEDULE (S_NO,STIME,ETIME,FLIGHT_NO) values (656,to_date('22/01/17','RR/MM/DD'),75,'LJ332');
Insert into SCHEDULE (S_NO,STIME,ETIME,FLIGHT_NO) values (657,to_date('22/01/18','RR/MM/DD'),75,'LJ332');
Insert into SCHEDULE (S_NO,STIME,ETIME,FLIGHT_NO) values (658,to_date('22/01/19','RR/MM/DD'),75,'LJ332');
Insert into SCHEDULE (S_NO,STIME,ETIME,FLIGHT_NO) values (659,to_date('22/01/20','RR/MM/DD'),75,'LJ332');
Insert into SCHEDULE (S_NO,STIME,ETIME,FLIGHT_NO) values (660,to_date('22/01/21','RR/MM/DD'),75,'LJ332');
Insert into SCHEDULE (S_NO,STIME,ETIME,FLIGHT_NO) values (661,to_date('22/01/19','RR/MM/DD'),70,'LJ424');
Insert into SCHEDULE (S_NO,STIME,ETIME,FLIGHT_NO) values (662,to_date('22/01/20','RR/MM/DD'),70,'LJ424');
Insert into SCHEDULE (S_NO,STIME,ETIME,FLIGHT_NO) values (663,to_date('22/01/21','RR/MM/DD'),70,'LJ424');
Insert into SCHEDULE (S_NO,STIME,ETIME,FLIGHT_NO) values (664,to_date('22/01/22','RR/MM/DD'),70,'LJ424');
Insert into SCHEDULE (S_NO,STIME,ETIME,FLIGHT_NO) values (665,to_date('22/01/23','RR/MM/DD'),70,'LJ424');
Insert into SCHEDULE (S_NO,STIME,ETIME,FLIGHT_NO) values (666,to_date('22/01/24','RR/MM/DD'),75,'LJ304');
Insert into SCHEDULE (S_NO,STIME,ETIME,FLIGHT_NO) values (667,to_date('22/01/25','RR/MM/DD'),75,'LJ304');
Insert into SCHEDULE (S_NO,STIME,ETIME,FLIGHT_NO) values (668,to_date('22/01/26','RR/MM/DD'),75,'LJ304');
Insert into SCHEDULE (S_NO,STIME,ETIME,FLIGHT_NO) values (669,to_date('22/01/27','RR/MM/DD'),75,'LJ304');
Insert into SCHEDULE (S_NO,STIME,ETIME,FLIGHT_NO) values (670,to_date('22/01/29','RR/MM/DD'),70,'LJ404');
Insert into SCHEDULE (S_NO,STIME,ETIME,FLIGHT_NO) values (671,to_date('22/01/17','RR/MM/DD'),70,'LJ404');
Insert into SCHEDULE (S_NO,STIME,ETIME,FLIGHT_NO) values (672,to_date('22/01/27','RR/MM/DD'),70,'LJ404');
Insert into SCHEDULE (S_NO,STIME,ETIME,FLIGHT_NO) values (673,to_date('22/01/28','RR/MM/DD'),70,'LJ404');
Insert into SCHEDULE (S_NO,STIME,ETIME,FLIGHT_NO) values (674,to_date('22/01/30','RR/MM/DD'),70,'LJ404');
Insert into SCHEDULE (S_NO,STIME,ETIME,FLIGHT_NO) values (675,to_date('22/01/24','RR/MM/DD'),70,'LJ312');
Insert into SCHEDULE (S_NO,STIME,ETIME,FLIGHT_NO) values (676,to_date('22/01/25','RR/MM/DD'),70,'LJ312');
Insert into SCHEDULE (S_NO,STIME,ETIME,FLIGHT_NO) values (677,to_date('22/01/26','RR/MM/DD'),70,'LJ312');
Insert into SCHEDULE (S_NO,STIME,ETIME,FLIGHT_NO) values (678,to_date('22/01/27','RR/MM/DD'),70,'LJ312');
Insert into SCHEDULE (S_NO,STIME,ETIME,FLIGHT_NO) values (679,to_date('22/01/24','RR/MM/DD'),75,'LJ310');
Insert into SCHEDULE (S_NO,STIME,ETIME,FLIGHT_NO) values (680,to_date('22/01/25','RR/MM/DD'),75,'LJ310');
Insert into SCHEDULE (S_NO,STIME,ETIME,FLIGHT_NO) values (681,to_date('22/01/26','RR/MM/DD'),75,'LJ310');
Insert into SCHEDULE (S_NO,STIME,ETIME,FLIGHT_NO) values (682,to_date('22/01/27','RR/MM/DD'),75,'LJ310');
Insert into SCHEDULE (S_NO,STIME,ETIME,FLIGHT_NO) values (683,to_date('22/01/28','RR/MM/DD'),75,'LJ310');
Insert into SCHEDULE (S_NO,STIME,ETIME,FLIGHT_NO) values (684,to_date('22/01/29','RR/MM/DD'),75,'LJ310');
Insert into SCHEDULE (S_NO,STIME,ETIME,FLIGHT_NO) values (685,to_date('22/01/30','RR/MM/DD'),75,'LJ310');
Insert into SCHEDULE (S_NO,STIME,ETIME,FLIGHT_NO) values (686,to_date('22/01/24','RR/MM/DD'),75,'LJ314');
Insert into SCHEDULE (S_NO,STIME,ETIME,FLIGHT_NO) values (687,to_date('22/01/25','RR/MM/DD'),75,'LJ314');
Insert into SCHEDULE (S_NO,STIME,ETIME,FLIGHT_NO) values (688,to_date('22/01/26','RR/MM/DD'),75,'LJ314');
Insert into SCHEDULE (S_NO,STIME,ETIME,FLIGHT_NO) values (689,to_date('22/01/27','RR/MM/DD'),75,'LJ314');
Insert into SCHEDULE (S_NO,STIME,ETIME,FLIGHT_NO) values (690,to_date('22/01/28','RR/MM/DD'),75,'LJ314');
Insert into SCHEDULE (S_NO,STIME,ETIME,FLIGHT_NO) values (691,to_date('22/01/29','RR/MM/DD'),75,'LJ314');
Insert into SCHEDULE (S_NO,STIME,ETIME,FLIGHT_NO) values (692,to_date('22/01/30','RR/MM/DD'),75,'LJ314');
Insert into SCHEDULE (S_NO,STIME,ETIME,FLIGHT_NO) values (693,to_date('22/01/24','RR/MM/DD'),75,'LJ318');
Insert into SCHEDULE (S_NO,STIME,ETIME,FLIGHT_NO) values (694,to_date('22/01/25','RR/MM/DD'),75,'LJ318');
Insert into SCHEDULE (S_NO,STIME,ETIME,FLIGHT_NO) values (695,to_date('22/01/26','RR/MM/DD'),75,'LJ318');
Insert into SCHEDULE (S_NO,STIME,ETIME,FLIGHT_NO) values (696,to_date('22/01/27','RR/MM/DD'),75,'LJ318');
Insert into SCHEDULE (S_NO,STIME,ETIME,FLIGHT_NO) values (697,to_date('22/01/28','RR/MM/DD'),75,'LJ318');
Insert into SCHEDULE (S_NO,STIME,ETIME,FLIGHT_NO) values (698,to_date('22/01/29','RR/MM/DD'),75,'LJ318');
Insert into SCHEDULE (S_NO,STIME,ETIME,FLIGHT_NO) values (699,to_date('22/01/30','RR/MM/DD'),75,'LJ318');
Insert into SCHEDULE (S_NO,STIME,ETIME,FLIGHT_NO) values (700,to_date('22/01/24','RR/MM/DD'),70,'LJ320');
Insert into SCHEDULE (S_NO,STIME,ETIME,FLIGHT_NO) values (701,to_date('22/01/25','RR/MM/DD'),70,'LJ320');
Insert into SCHEDULE (S_NO,STIME,ETIME,FLIGHT_NO) values (702,to_date('22/01/26','RR/MM/DD'),70,'LJ320');
Insert into SCHEDULE (S_NO,STIME,ETIME,FLIGHT_NO) values (703,to_date('22/01/27','RR/MM/DD'),70,'LJ320');
Insert into SCHEDULE (S_NO,STIME,ETIME,FLIGHT_NO) values (704,to_date('22/01/28','RR/MM/DD'),70,'LJ320');
Insert into SCHEDULE (S_NO,STIME,ETIME,FLIGHT_NO) values (705,to_date('22/01/24','RR/MM/DD'),75,'LJ322');
Insert into SCHEDULE (S_NO,STIME,ETIME,FLIGHT_NO) values (706,to_date('22/01/25','RR/MM/DD'),75,'LJ322');
Insert into SCHEDULE (S_NO,STIME,ETIME,FLIGHT_NO) values (707,to_date('22/01/26','RR/MM/DD'),75,'LJ322');
Insert into SCHEDULE (S_NO,STIME,ETIME,FLIGHT_NO) values (708,to_date('22/01/27','RR/MM/DD'),75,'LJ322');
Insert into SCHEDULE (S_NO,STIME,ETIME,FLIGHT_NO) values (709,to_date('22/01/28','RR/MM/DD'),75,'LJ322');
Insert into SCHEDULE (S_NO,STIME,ETIME,FLIGHT_NO) values (710,to_date('22/01/29','RR/MM/DD'),75,'LJ322');
Insert into SCHEDULE (S_NO,STIME,ETIME,FLIGHT_NO) values (711,to_date('22/01/30','RR/MM/DD'),75,'LJ322');
Insert into SCHEDULE (S_NO,STIME,ETIME,FLIGHT_NO) values (712,to_date('22/01/24','RR/MM/DD'),75,'LJ328');
Insert into SCHEDULE (S_NO,STIME,ETIME,FLIGHT_NO) values (713,to_date('22/01/25','RR/MM/DD'),75,'LJ328');
Insert into SCHEDULE (S_NO,STIME,ETIME,FLIGHT_NO) values (714,to_date('22/01/26','RR/MM/DD'),75,'LJ328');
Insert into SCHEDULE (S_NO,STIME,ETIME,FLIGHT_NO) values (715,to_date('22/01/27','RR/MM/DD'),75,'LJ328');
Insert into SCHEDULE (S_NO,STIME,ETIME,FLIGHT_NO) values (716,to_date('22/01/28','RR/MM/DD'),75,'LJ328');
Insert into SCHEDULE (S_NO,STIME,ETIME,FLIGHT_NO) values (717,to_date('22/01/29','RR/MM/DD'),75,'LJ328');
Insert into SCHEDULE (S_NO,STIME,ETIME,FLIGHT_NO) values (718,to_date('22/01/30','RR/MM/DD'),75,'LJ328');
Insert into SCHEDULE (S_NO,STIME,ETIME,FLIGHT_NO) values (719,to_date('22/01/24','RR/MM/DD'),75,'LJ408');
Insert into SCHEDULE (S_NO,STIME,ETIME,FLIGHT_NO) values (720,to_date('22/01/27','RR/MM/DD'),75,'LJ408');
Insert into SCHEDULE (S_NO,STIME,ETIME,FLIGHT_NO) values (721,to_date('22/01/28','RR/MM/DD'),75,'LJ408');
Insert into SCHEDULE (S_NO,STIME,ETIME,FLIGHT_NO) values (722,to_date('22/01/29','RR/MM/DD'),75,'LJ408');
Insert into SCHEDULE (S_NO,STIME,ETIME,FLIGHT_NO) values (723,to_date('22/01/30','RR/MM/DD'),75,'LJ408');
Insert into SCHEDULE (S_NO,STIME,ETIME,FLIGHT_NO) values (724,to_date('22/01/24','RR/MM/DD'),75,'LJ316');
Insert into SCHEDULE (S_NO,STIME,ETIME,FLIGHT_NO) values (725,to_date('22/01/25','RR/MM/DD'),75,'LJ316');
Insert into SCHEDULE (S_NO,STIME,ETIME,FLIGHT_NO) values (726,to_date('22/01/26','RR/MM/DD'),75,'LJ316');
Insert into SCHEDULE (S_NO,STIME,ETIME,FLIGHT_NO) values (727,to_date('22/01/27','RR/MM/DD'),75,'LJ316');
Insert into SCHEDULE (S_NO,STIME,ETIME,FLIGHT_NO) values (728,to_date('22/01/28','RR/MM/DD'),75,'LJ316');
Insert into SCHEDULE (S_NO,STIME,ETIME,FLIGHT_NO) values (729,to_date('22/01/29','RR/MM/DD'),75,'LJ316');
Insert into SCHEDULE (S_NO,STIME,ETIME,FLIGHT_NO) values (730,to_date('22/01/30','RR/MM/DD'),75,'LJ316');
Insert into SCHEDULE (S_NO,STIME,ETIME,FLIGHT_NO) values (731,to_date('22/01/24','RR/MM/DD'),75,'LJ332');
Insert into SCHEDULE (S_NO,STIME,ETIME,FLIGHT_NO) values (732,to_date('22/01/25','RR/MM/DD'),75,'LJ332');
Insert into SCHEDULE (S_NO,STIME,ETIME,FLIGHT_NO) values (733,to_date('22/01/26','RR/MM/DD'),75,'LJ332');
Insert into SCHEDULE (S_NO,STIME,ETIME,FLIGHT_NO) values (734,to_date('22/01/27','RR/MM/DD'),75,'LJ332');
Insert into SCHEDULE (S_NO,STIME,ETIME,FLIGHT_NO) values (735,to_date('22/01/28','RR/MM/DD'),75,'LJ332');
Insert into SCHEDULE (S_NO,STIME,ETIME,FLIGHT_NO) values (736,to_date('22/01/26','RR/MM/DD'),70,'LJ424');
Insert into SCHEDULE (S_NO,STIME,ETIME,FLIGHT_NO) values (737,to_date('22/01/27','RR/MM/DD'),70,'LJ424');
Insert into SCHEDULE (S_NO,STIME,ETIME,FLIGHT_NO) values (738,to_date('22/01/28','RR/MM/DD'),70,'LJ424');
Insert into SCHEDULE (S_NO,STIME,ETIME,FLIGHT_NO) values (739,to_date('22/01/29','RR/MM/DD'),70,'LJ424');
Insert into SCHEDULE (S_NO,STIME,ETIME,FLIGHT_NO) values (740,to_date('22/01/30','RR/MM/DD'),70,'LJ424');
Insert into SCHEDULE (S_NO,STIME,ETIME,FLIGHT_NO) values (741,to_date('22/01/01','RR/MM/DD'),60,'LJ501');
Insert into SCHEDULE (S_NO,STIME,ETIME,FLIGHT_NO) values (742,to_date('22/01/01','RR/MM/DD'),60,'LJ503');
Insert into SCHEDULE (S_NO,STIME,ETIME,FLIGHT_NO) values (743,to_date('22/01/01','RR/MM/DD'),65,'LJ509');
Insert into SCHEDULE (S_NO,STIME,ETIME,FLIGHT_NO) values (744,to_date('22/01/01','RR/MM/DD'),60,'LJ505');
Insert into SCHEDULE (S_NO,STIME,ETIME,FLIGHT_NO) values (745,to_date('22/01/01','RR/MM/DD'),60,'LJ507');
Insert into SCHEDULE (S_NO,STIME,ETIME,FLIGHT_NO) values (746,to_date('22/01/02','RR/MM/DD'),60,'LJ501');
Insert into SCHEDULE (S_NO,STIME,ETIME,FLIGHT_NO) values (747,to_date('22/01/02','RR/MM/DD'),60,'LJ503');
Insert into SCHEDULE (S_NO,STIME,ETIME,FLIGHT_NO) values (748,to_date('22/01/02','RR/MM/DD'),55,'LJ509');
Insert into SCHEDULE (S_NO,STIME,ETIME,FLIGHT_NO) values (749,to_date('22/01/02','RR/MM/DD'),60,'LJ505');
Insert into SCHEDULE (S_NO,STIME,ETIME,FLIGHT_NO) values (750,to_date('22/01/02','RR/MM/DD'),60,'LJ507');
Insert into SCHEDULE (S_NO,STIME,ETIME,FLIGHT_NO) values (751,to_date('22/01/02','RR/MM/DD'),60,'LJ511');
Insert into SCHEDULE (S_NO,STIME,ETIME,FLIGHT_NO) values (752,to_date('22/01/03','RR/MM/DD'),60,'LJ501');
Insert into SCHEDULE (S_NO,STIME,ETIME,FLIGHT_NO) values (753,to_date('22/01/07','RR/MM/DD'),60,'LJ501');
Insert into SCHEDULE (S_NO,STIME,ETIME,FLIGHT_NO) values (754,to_date('22/01/08','RR/MM/DD'),60,'LJ501');
Insert into SCHEDULE (S_NO,STIME,ETIME,FLIGHT_NO) values (755,to_date('22/01/09','RR/MM/DD'),60,'LJ501');
Insert into SCHEDULE (S_NO,STIME,ETIME,FLIGHT_NO) values (756,to_date('22/01/03','RR/MM/DD'),60,'LJ503');
Insert into SCHEDULE (S_NO,STIME,ETIME,FLIGHT_NO) values (757,to_date('22/01/04','RR/MM/DD'),60,'LJ503');
Insert into SCHEDULE (S_NO,STIME,ETIME,FLIGHT_NO) values (758,to_date('22/01/05','RR/MM/DD'),60,'LJ503');
Insert into SCHEDULE (S_NO,STIME,ETIME,FLIGHT_NO) values (759,to_date('22/01/06','RR/MM/DD'),60,'LJ503');
Insert into SCHEDULE (S_NO,STIME,ETIME,FLIGHT_NO) values (760,to_date('22/01/07','RR/MM/DD'),60,'LJ503');
Insert into SCHEDULE (S_NO,STIME,ETIME,FLIGHT_NO) values (761,to_date('22/01/08','RR/MM/DD'),60,'LJ503');
Insert into SCHEDULE (S_NO,STIME,ETIME,FLIGHT_NO) values (762,to_date('22/01/09','RR/MM/DD'),60,'LJ503');
Insert into SCHEDULE (S_NO,STIME,ETIME,FLIGHT_NO) values (763,to_date('22/01/09','RR/MM/DD'),55,'LJ509');
Insert into SCHEDULE (S_NO,STIME,ETIME,FLIGHT_NO) values (764,to_date('22/01/08','RR/MM/DD'),65,'LJ509');
Insert into SCHEDULE (S_NO,STIME,ETIME,FLIGHT_NO) values (765,to_date('22/01/03','RR/MM/DD'),60,'LJ505');
Insert into SCHEDULE (S_NO,STIME,ETIME,FLIGHT_NO) values (766,to_date('22/01/04','RR/MM/DD'),60,'LJ505');
Insert into SCHEDULE (S_NO,STIME,ETIME,FLIGHT_NO) values (767,to_date('22/01/05','RR/MM/DD'),60,'LJ505');
Insert into SCHEDULE (S_NO,STIME,ETIME,FLIGHT_NO) values (768,to_date('22/01/06','RR/MM/DD'),60,'LJ505');
Insert into SCHEDULE (S_NO,STIME,ETIME,FLIGHT_NO) values (769,to_date('22/01/08','RR/MM/DD'),60,'LJ505');
Insert into SCHEDULE (S_NO,STIME,ETIME,FLIGHT_NO) values (770,to_date('22/01/09','RR/MM/DD'),60,'LJ505');
Insert into SCHEDULE (S_NO,STIME,ETIME,FLIGHT_NO) values (771,to_date('22/01/03','RR/MM/DD'),60,'LJ507');
Insert into SCHEDULE (S_NO,STIME,ETIME,FLIGHT_NO) values (772,to_date('22/01/04','RR/MM/DD'),60,'LJ507');
Insert into SCHEDULE (S_NO,STIME,ETIME,FLIGHT_NO) values (773,to_date('22/01/05','RR/MM/DD'),60,'LJ507');
Insert into SCHEDULE (S_NO,STIME,ETIME,FLIGHT_NO) values (774,to_date('22/01/06','RR/MM/DD'),60,'LJ507');
Insert into SCHEDULE (S_NO,STIME,ETIME,FLIGHT_NO) values (775,to_date('22/01/07','RR/MM/DD'),60,'LJ507');
Insert into SCHEDULE (S_NO,STIME,ETIME,FLIGHT_NO) values (776,to_date('22/01/08','RR/MM/DD'),60,'LJ507');
Insert into SCHEDULE (S_NO,STIME,ETIME,FLIGHT_NO) values (777,to_date('22/01/09','RR/MM/DD'),60,'LJ507');
Insert into SCHEDULE (S_NO,STIME,ETIME,FLIGHT_NO) values (778,to_date('22/01/09','RR/MM/DD'),60,'LJ511');
Insert into SCHEDULE (S_NO,STIME,ETIME,FLIGHT_NO) values (779,to_date('22/01/10','RR/MM/DD'),60,'LJ501');
Insert into SCHEDULE (S_NO,STIME,ETIME,FLIGHT_NO) values (780,to_date('22/01/12','RR/MM/DD'),60,'LJ501');
Insert into SCHEDULE (S_NO,STIME,ETIME,FLIGHT_NO) values (781,to_date('22/01/14','RR/MM/DD'),60,'LJ501');
Insert into SCHEDULE (S_NO,STIME,ETIME,FLIGHT_NO) values (782,to_date('22/01/15','RR/MM/DD'),60,'LJ501');
Insert into SCHEDULE (S_NO,STIME,ETIME,FLIGHT_NO) values (783,to_date('22/01/16','RR/MM/DD'),60,'LJ501');
Insert into SCHEDULE (S_NO,STIME,ETIME,FLIGHT_NO) values (784,to_date('22/01/10','RR/MM/DD'),60,'LJ503');
Insert into SCHEDULE (S_NO,STIME,ETIME,FLIGHT_NO) values (785,to_date('22/01/11','RR/MM/DD'),60,'LJ503');
Insert into SCHEDULE (S_NO,STIME,ETIME,FLIGHT_NO) values (786,to_date('22/01/13','RR/MM/DD'),60,'LJ503');
Insert into SCHEDULE (S_NO,STIME,ETIME,FLIGHT_NO) values (787,to_date('22/01/14','RR/MM/DD'),60,'LJ503');
Insert into SCHEDULE (S_NO,STIME,ETIME,FLIGHT_NO) values (788,to_date('22/01/15','RR/MM/DD'),60,'LJ503');
Insert into SCHEDULE (S_NO,STIME,ETIME,FLIGHT_NO) values (789,to_date('22/01/16','RR/MM/DD'),60,'LJ503');
Insert into SCHEDULE (S_NO,STIME,ETIME,FLIGHT_NO) values (790,to_date('22/01/16','RR/MM/DD'),55,'LJ509');
Insert into SCHEDULE (S_NO,STIME,ETIME,FLIGHT_NO) values (791,to_date('22/01/12','RR/MM/DD'),65,'LJ509');
Insert into SCHEDULE (S_NO,STIME,ETIME,FLIGHT_NO) values (792,to_date('22/01/15','RR/MM/DD'),65,'LJ509');
Insert into SCHEDULE (S_NO,STIME,ETIME,FLIGHT_NO) values (793,to_date('22/01/10','RR/MM/DD'),65,'LJ509');
Insert into SCHEDULE (S_NO,STIME,ETIME,FLIGHT_NO) values (794,to_date('22/01/11','RR/MM/DD'),65,'LJ509');
Insert into SCHEDULE (S_NO,STIME,ETIME,FLIGHT_NO) values (795,to_date('22/01/10','RR/MM/DD'),60,'LJ505');
Insert into SCHEDULE (S_NO,STIME,ETIME,FLIGHT_NO) values (796,to_date('22/01/11','RR/MM/DD'),60,'LJ505');
Insert into SCHEDULE (S_NO,STIME,ETIME,FLIGHT_NO) values (797,to_date('22/01/12','RR/MM/DD'),60,'LJ505');
Insert into SCHEDULE (S_NO,STIME,ETIME,FLIGHT_NO) values (798,to_date('22/01/13','RR/MM/DD'),60,'LJ505');
Insert into SCHEDULE (S_NO,STIME,ETIME,FLIGHT_NO) values (799,to_date('22/01/15','RR/MM/DD'),60,'LJ505');
Insert into SCHEDULE (S_NO,STIME,ETIME,FLIGHT_NO) values (800,to_date('22/01/16','RR/MM/DD'),60,'LJ505');
Insert into SCHEDULE (S_NO,STIME,ETIME,FLIGHT_NO) values (801,to_date('22/01/10','RR/MM/DD'),60,'LJ507');
Insert into SCHEDULE (S_NO,STIME,ETIME,FLIGHT_NO) values (802,to_date('22/01/11','RR/MM/DD'),60,'LJ507');
Insert into SCHEDULE (S_NO,STIME,ETIME,FLIGHT_NO) values (803,to_date('22/01/12','RR/MM/DD'),60,'LJ507');
Insert into SCHEDULE (S_NO,STIME,ETIME,FLIGHT_NO) values (804,to_date('22/01/13','RR/MM/DD'),60,'LJ507');
Insert into SCHEDULE (S_NO,STIME,ETIME,FLIGHT_NO) values (805,to_date('22/01/14','RR/MM/DD'),60,'LJ507');
Insert into SCHEDULE (S_NO,STIME,ETIME,FLIGHT_NO) values (806,to_date('22/01/15','RR/MM/DD'),60,'LJ507');
Insert into SCHEDULE (S_NO,STIME,ETIME,FLIGHT_NO) values (807,to_date('22/01/16','RR/MM/DD'),60,'LJ507');
Insert into SCHEDULE (S_NO,STIME,ETIME,FLIGHT_NO) values (808,to_date('22/01/16','RR/MM/DD'),60,'LJ511');
Insert into SCHEDULE (S_NO,STIME,ETIME,FLIGHT_NO) values (809,to_date('22/01/17','RR/MM/DD'),60,'LJ501');
Insert into SCHEDULE (S_NO,STIME,ETIME,FLIGHT_NO) values (810,to_date('22/01/21','RR/MM/DD'),60,'LJ501');
Insert into SCHEDULE (S_NO,STIME,ETIME,FLIGHT_NO) values (811,to_date('22/01/22','RR/MM/DD'),60,'LJ501');
Insert into SCHEDULE (S_NO,STIME,ETIME,FLIGHT_NO) values (812,to_date('22/01/23','RR/MM/DD'),60,'LJ501');
Insert into SCHEDULE (S_NO,STIME,ETIME,FLIGHT_NO) values (813,to_date('22/01/17','RR/MM/DD'),60,'LJ503');
Insert into SCHEDULE (S_NO,STIME,ETIME,FLIGHT_NO) values (814,to_date('22/01/18','RR/MM/DD'),60,'LJ503');
Insert into SCHEDULE (S_NO,STIME,ETIME,FLIGHT_NO) values (815,to_date('22/01/19','RR/MM/DD'),60,'LJ503');
Insert into SCHEDULE (S_NO,STIME,ETIME,FLIGHT_NO) values (816,to_date('22/01/20','RR/MM/DD'),60,'LJ503');
Insert into SCHEDULE (S_NO,STIME,ETIME,FLIGHT_NO) values (817,to_date('22/01/21','RR/MM/DD'),60,'LJ503');
Insert into SCHEDULE (S_NO,STIME,ETIME,FLIGHT_NO) values (818,to_date('22/01/22','RR/MM/DD'),60,'LJ503');
Insert into SCHEDULE (S_NO,STIME,ETIME,FLIGHT_NO) values (819,to_date('22/01/23','RR/MM/DD'),60,'LJ503');
Insert into SCHEDULE (S_NO,STIME,ETIME,FLIGHT_NO) values (820,to_date('22/01/23','RR/MM/DD'),55,'LJ509');
Insert into SCHEDULE (S_NO,STIME,ETIME,FLIGHT_NO) values (821,to_date('22/01/22','RR/MM/DD'),65,'LJ509');
Insert into SCHEDULE (S_NO,STIME,ETIME,FLIGHT_NO) values (822,to_date('22/01/18','RR/MM/DD'),65,'LJ509');
Insert into SCHEDULE (S_NO,STIME,ETIME,FLIGHT_NO) values (823,to_date('22/01/17','RR/MM/DD'),60,'LJ505');
Insert into SCHEDULE (S_NO,STIME,ETIME,FLIGHT_NO) values (824,to_date('22/01/18','RR/MM/DD'),60,'LJ505');
Insert into SCHEDULE (S_NO,STIME,ETIME,FLIGHT_NO) values (825,to_date('22/01/19','RR/MM/DD'),60,'LJ505');
Insert into SCHEDULE (S_NO,STIME,ETIME,FLIGHT_NO) values (826,to_date('22/01/20','RR/MM/DD'),60,'LJ505');
Insert into SCHEDULE (S_NO,STIME,ETIME,FLIGHT_NO) values (827,to_date('22/01/22','RR/MM/DD'),60,'LJ505');
Insert into SCHEDULE (S_NO,STIME,ETIME,FLIGHT_NO) values (828,to_date('22/01/23','RR/MM/DD'),60,'LJ505');
Insert into SCHEDULE (S_NO,STIME,ETIME,FLIGHT_NO) values (829,to_date('22/01/17','RR/MM/DD'),60,'LJ507');
Insert into SCHEDULE (S_NO,STIME,ETIME,FLIGHT_NO) values (830,to_date('22/01/19','RR/MM/DD'),60,'LJ507');
Insert into SCHEDULE (S_NO,STIME,ETIME,FLIGHT_NO) values (831,to_date('22/01/20','RR/MM/DD'),60,'LJ507');
Insert into SCHEDULE (S_NO,STIME,ETIME,FLIGHT_NO) values (832,to_date('22/01/21','RR/MM/DD'),60,'LJ507');
Insert into SCHEDULE (S_NO,STIME,ETIME,FLIGHT_NO) values (833,to_date('22/01/22','RR/MM/DD'),60,'LJ507');
Insert into SCHEDULE (S_NO,STIME,ETIME,FLIGHT_NO) values (834,to_date('22/01/23','RR/MM/DD'),60,'LJ507');
Insert into SCHEDULE (S_NO,STIME,ETIME,FLIGHT_NO) values (835,to_date('22/01/21','RR/MM/DD'),60,'LJ511');
Insert into SCHEDULE (S_NO,STIME,ETIME,FLIGHT_NO) values (836,to_date('22/01/23','RR/MM/DD'),60,'LJ511');
Insert into SCHEDULE (S_NO,STIME,ETIME,FLIGHT_NO) values (837,to_date('22/01/24','RR/MM/DD'),60,'LJ501');
Insert into SCHEDULE (S_NO,STIME,ETIME,FLIGHT_NO) values (838,to_date('22/01/25','RR/MM/DD'),60,'LJ501');
Insert into SCHEDULE (S_NO,STIME,ETIME,FLIGHT_NO) values (839,to_date('22/01/26','RR/MM/DD'),60,'LJ501');
Insert into SCHEDULE (S_NO,STIME,ETIME,FLIGHT_NO) values (840,to_date('22/01/27','RR/MM/DD'),60,'LJ501');
Insert into SCHEDULE (S_NO,STIME,ETIME,FLIGHT_NO) values (841,to_date('22/01/28','RR/MM/DD'),60,'LJ501');
Insert into SCHEDULE (S_NO,STIME,ETIME,FLIGHT_NO) values (842,to_date('22/01/29','RR/MM/DD'),60,'LJ501');
Insert into SCHEDULE (S_NO,STIME,ETIME,FLIGHT_NO) values (564,to_date('22/01/12','RR/MM/DD'),75,'LJ328');
Insert into SCHEDULE (S_NO,STIME,ETIME,FLIGHT_NO) values (565,to_date('22/01/13','RR/MM/DD'),75,'LJ328');
Insert into SCHEDULE (S_NO,STIME,ETIME,FLIGHT_NO) values (566,to_date('22/01/14','RR/MM/DD'),75,'LJ328');
Insert into SCHEDULE (S_NO,STIME,ETIME,FLIGHT_NO) values (567,to_date('22/01/15','RR/MM/DD'),75,'LJ328');
Insert into SCHEDULE (S_NO,STIME,ETIME,FLIGHT_NO) values (568,to_date('22/01/16','RR/MM/DD'),75,'LJ328');
Insert into SCHEDULE (S_NO,STIME,ETIME,FLIGHT_NO) values (569,to_date('22/01/10','RR/MM/DD'),75,'LJ408');
Insert into SCHEDULE (S_NO,STIME,ETIME,FLIGHT_NO) values (570,to_date('22/01/13','RR/MM/DD'),75,'LJ408');
Insert into SCHEDULE (S_NO,STIME,ETIME,FLIGHT_NO) values (571,to_date('22/01/14','RR/MM/DD'),75,'LJ408');
Insert into SCHEDULE (S_NO,STIME,ETIME,FLIGHT_NO) values (572,to_date('22/01/15','RR/MM/DD'),75,'LJ408');
Insert into SCHEDULE (S_NO,STIME,ETIME,FLIGHT_NO) values (573,to_date('22/01/16','RR/MM/DD'),75,'LJ408');
Insert into SCHEDULE (S_NO,STIME,ETIME,FLIGHT_NO) values (574,to_date('22/01/10','RR/MM/DD'),75,'LJ316');
Insert into SCHEDULE (S_NO,STIME,ETIME,FLIGHT_NO) values (575,to_date('22/01/11','RR/MM/DD'),75,'LJ316');
Insert into SCHEDULE (S_NO,STIME,ETIME,FLIGHT_NO) values (576,to_date('22/01/12','RR/MM/DD'),75,'LJ316');
Insert into SCHEDULE (S_NO,STIME,ETIME,FLIGHT_NO) values (577,to_date('22/01/13','RR/MM/DD'),75,'LJ316');
Insert into SCHEDULE (S_NO,STIME,ETIME,FLIGHT_NO) values (578,to_date('22/01/14','RR/MM/DD'),75,'LJ316');
Insert into SCHEDULE (S_NO,STIME,ETIME,FLIGHT_NO) values (579,to_date('22/01/15','RR/MM/DD'),75,'LJ316');
Insert into SCHEDULE (S_NO,STIME,ETIME,FLIGHT_NO) values (580,to_date('22/01/16','RR/MM/DD'),75,'LJ316');
Insert into SCHEDULE (S_NO,STIME,ETIME,FLIGHT_NO) values (581,to_date('22/01/10','RR/MM/DD'),75,'LJ332');
Insert into SCHEDULE (S_NO,STIME,ETIME,FLIGHT_NO) values (582,to_date('22/01/11','RR/MM/DD'),75,'LJ332');
Insert into SCHEDULE (S_NO,STIME,ETIME,FLIGHT_NO) values (583,to_date('22/01/12','RR/MM/DD'),75,'LJ332');
Insert into SCHEDULE (S_NO,STIME,ETIME,FLIGHT_NO) values (584,to_date('22/01/13','RR/MM/DD'),75,'LJ332');
Insert into SCHEDULE (S_NO,STIME,ETIME,FLIGHT_NO) values (585,to_date('22/01/14','RR/MM/DD'),75,'LJ332');
Insert into SCHEDULE (S_NO,STIME,ETIME,FLIGHT_NO) values (586,to_date('22/01/12','RR/MM/DD'),70,'LJ424');
Insert into SCHEDULE (S_NO,STIME,ETIME,FLIGHT_NO) values (587,to_date('22/01/13','RR/MM/DD'),70,'LJ424');
Insert into SCHEDULE (S_NO,STIME,ETIME,FLIGHT_NO) values (588,to_date('22/01/14','RR/MM/DD'),70,'LJ424');
Insert into SCHEDULE (S_NO,STIME,ETIME,FLIGHT_NO) values (589,to_date('22/01/15','RR/MM/DD'),70,'LJ424');
Insert into SCHEDULE (S_NO,STIME,ETIME,FLIGHT_NO) values (590,to_date('22/01/16','RR/MM/DD'),70,'LJ424');
Insert into SCHEDULE (S_NO,STIME,ETIME,FLIGHT_NO) values (591,to_date('22/01/17','RR/MM/DD'),75,'LJ304');
Insert into SCHEDULE (S_NO,STIME,ETIME,FLIGHT_NO) values (284,to_date('22/01/22','RR/MM/DD'),70,'LJ421');
Insert into SCHEDULE (S_NO,STIME,ETIME,FLIGHT_NO) values (285,to_date('22/01/23','RR/MM/DD'),70,'LJ421');
Insert into SCHEDULE (S_NO,STIME,ETIME,FLIGHT_NO) values (286,to_date('22/01/24','RR/MM/DD'),75,'LJ423');
Insert into SCHEDULE (S_NO,STIME,ETIME,FLIGHT_NO) values (287,to_date('22/01/27','RR/MM/DD'),75,'LJ423');
Insert into SCHEDULE (S_NO,STIME,ETIME,FLIGHT_NO) values (288,to_date('22/01/24','RR/MM/DD'),75,'LJ303');
Insert into SCHEDULE (S_NO,STIME,ETIME,FLIGHT_NO) values (289,to_date('22/01/25','RR/MM/DD'),75,'LJ303');
Insert into SCHEDULE (S_NO,STIME,ETIME,FLIGHT_NO) values (290,to_date('22/01/26','RR/MM/DD'),75,'LJ303');
Insert into SCHEDULE (S_NO,STIME,ETIME,FLIGHT_NO) values (291,to_date('22/01/27','RR/MM/DD'),75,'LJ303');
Insert into SCHEDULE (S_NO,STIME,ETIME,FLIGHT_NO) values (292,to_date('22/01/28','RR/MM/DD'),75,'LJ303');
Insert into SCHEDULE (S_NO,STIME,ETIME,FLIGHT_NO) values (293,to_date('22/01/29','RR/MM/DD'),75,'LJ303');
Insert into SCHEDULE (S_NO,STIME,ETIME,FLIGHT_NO) values (294,to_date('22/01/30','RR/MM/DD'),75,'LJ303');
Insert into SCHEDULE (S_NO,STIME,ETIME,FLIGHT_NO) values (295,to_date('22/01/24','RR/MM/DD'),70,'LJ401');
Insert into SCHEDULE (S_NO,STIME,ETIME,FLIGHT_NO) values (296,to_date('22/01/27','RR/MM/DD'),70,'LJ401');
Insert into SCHEDULE (S_NO,STIME,ETIME,FLIGHT_NO) values (297,to_date('22/01/28','RR/MM/DD'),70,'LJ401');
Insert into SCHEDULE (S_NO,STIME,ETIME,FLIGHT_NO) values (298,to_date('22/01/29','RR/MM/DD'),70,'LJ401');
Insert into SCHEDULE (S_NO,STIME,ETIME,FLIGHT_NO) values (299,to_date('22/01/30','RR/MM/DD'),70,'LJ401');
Insert into SCHEDULE (S_NO,STIME,ETIME,FLIGHT_NO) values (300,to_date('22/01/24','RR/MM/DD'),75,'LJ309');
Insert into SCHEDULE (S_NO,STIME,ETIME,FLIGHT_NO) values (301,to_date('22/01/25','RR/MM/DD'),75,'LJ309');
Insert into SCHEDULE (S_NO,STIME,ETIME,FLIGHT_NO) values (302,to_date('22/01/26','RR/MM/DD'),75,'LJ309');
Insert into SCHEDULE (S_NO,STIME,ETIME,FLIGHT_NO) values (303,to_date('22/01/27','RR/MM/DD'),75,'LJ309');
Insert into SCHEDULE (S_NO,STIME,ETIME,FLIGHT_NO) values (304,to_date('22/01/28','RR/MM/DD'),75,'LJ309');
Insert into SCHEDULE (S_NO,STIME,ETIME,FLIGHT_NO) values (305,to_date('22/01/29','RR/MM/DD'),75,'LJ309');
Insert into SCHEDULE (S_NO,STIME,ETIME,FLIGHT_NO) values (306,to_date('22/01/30','RR/MM/DD'),75,'LJ309');
Insert into SCHEDULE (S_NO,STIME,ETIME,FLIGHT_NO) values (307,to_date('22/01/24','RR/MM/DD'),70,'LJ307');
Insert into SCHEDULE (S_NO,STIME,ETIME,FLIGHT_NO) values (308,to_date('22/01/25','RR/MM/DD'),70,'LJ307');
Insert into SCHEDULE (S_NO,STIME,ETIME,FLIGHT_NO) values (309,to_date('22/01/26','RR/MM/DD'),70,'LJ307');
Insert into SCHEDULE (S_NO,STIME,ETIME,FLIGHT_NO) values (310,to_date('22/01/27','RR/MM/DD'),70,'LJ307');
Insert into SCHEDULE (S_NO,STIME,ETIME,FLIGHT_NO) values (311,to_date('22/01/24','RR/MM/DD'),70,'LJ311');
Insert into SCHEDULE (S_NO,STIME,ETIME,FLIGHT_NO) values (312,to_date('22/01/25','RR/MM/DD'),70,'LJ311');
Insert into SCHEDULE (S_NO,STIME,ETIME,FLIGHT_NO) values (313,to_date('22/01/26','RR/MM/DD'),70,'LJ311');
Insert into SCHEDULE (S_NO,STIME,ETIME,FLIGHT_NO) values (314,to_date('22/01/27','RR/MM/DD'),70,'LJ311');
Insert into SCHEDULE (S_NO,STIME,ETIME,FLIGHT_NO) values (315,to_date('22/01/28','RR/MM/DD'),70,'LJ311');
Insert into SCHEDULE (S_NO,STIME,ETIME,FLIGHT_NO) values (316,to_date('22/01/29','RR/MM/DD'),70,'LJ311');
Insert into SCHEDULE (S_NO,STIME,ETIME,FLIGHT_NO) values (317,to_date('22/01/30','RR/MM/DD'),70,'LJ311');
Insert into SCHEDULE (S_NO,STIME,ETIME,FLIGHT_NO) values (318,to_date('22/01/24','RR/MM/DD'),75,'LJ305');
Insert into SCHEDULE (S_NO,STIME,ETIME,FLIGHT_NO) values (319,to_date('22/01/25','RR/MM/DD'),75,'LJ305');
Insert into SCHEDULE (S_NO,STIME,ETIME,FLIGHT_NO) values (320,to_date('22/01/26','RR/MM/DD'),75,'LJ305');
Insert into SCHEDULE (S_NO,STIME,ETIME,FLIGHT_NO) values (321,to_date('22/01/27','RR/MM/DD'),75,'LJ305');
Insert into SCHEDULE (S_NO,STIME,ETIME,FLIGHT_NO) values (322,to_date('22/01/28','RR/MM/DD'),75,'LJ305');
Insert into SCHEDULE (S_NO,STIME,ETIME,FLIGHT_NO) values (323,to_date('22/01/29','RR/MM/DD'),75,'LJ305');
Insert into SCHEDULE (S_NO,STIME,ETIME,FLIGHT_NO) values (324,to_date('22/01/30','RR/MM/DD'),75,'LJ305');
Insert into SCHEDULE (S_NO,STIME,ETIME,FLIGHT_NO) values (325,to_date('22/01/24','RR/MM/DD'),75,'LJ315');
Insert into SCHEDULE (S_NO,STIME,ETIME,FLIGHT_NO) values (326,to_date('22/01/25','RR/MM/DD'),75,'LJ315');
Insert into SCHEDULE (S_NO,STIME,ETIME,FLIGHT_NO) values (327,to_date('22/01/26','RR/MM/DD'),75,'LJ315');
Insert into SCHEDULE (S_NO,STIME,ETIME,FLIGHT_NO) values (328,to_date('22/01/27','RR/MM/DD'),75,'LJ315');
Insert into SCHEDULE (S_NO,STIME,ETIME,FLIGHT_NO) values (329,to_date('22/01/28','RR/MM/DD'),75,'LJ315');
Insert into SCHEDULE (S_NO,STIME,ETIME,FLIGHT_NO) values (330,to_date('22/01/24','RR/MM/DD'),75,'LJ317');
Insert into SCHEDULE (S_NO,STIME,ETIME,FLIGHT_NO) values (331,to_date('22/01/25','RR/MM/DD'),75,'LJ317');
Insert into SCHEDULE (S_NO,STIME,ETIME,FLIGHT_NO) values (332,to_date('22/01/26','RR/MM/DD'),75,'LJ317');
Insert into SCHEDULE (S_NO,STIME,ETIME,FLIGHT_NO) values (333,to_date('22/01/27','RR/MM/DD'),75,'LJ317');
Insert into SCHEDULE (S_NO,STIME,ETIME,FLIGHT_NO) values (334,to_date('22/01/28','RR/MM/DD'),75,'LJ317');
Insert into SCHEDULE (S_NO,STIME,ETIME,FLIGHT_NO) values (335,to_date('22/01/29','RR/MM/DD'),75,'LJ317');
Insert into SCHEDULE (S_NO,STIME,ETIME,FLIGHT_NO) values (336,to_date('22/01/30','RR/MM/DD'),75,'LJ317');
Insert into SCHEDULE (S_NO,STIME,ETIME,FLIGHT_NO) values (337,to_date('22/01/24','RR/MM/DD'),75,'LJ323');
Insert into SCHEDULE (S_NO,STIME,ETIME,FLIGHT_NO) values (338,to_date('22/01/25','RR/MM/DD'),75,'LJ323');
Insert into SCHEDULE (S_NO,STIME,ETIME,FLIGHT_NO) values (339,to_date('22/01/26','RR/MM/DD'),75,'LJ323');
Insert into SCHEDULE (S_NO,STIME,ETIME,FLIGHT_NO) values (340,to_date('22/01/27','RR/MM/DD'),75,'LJ323');
Insert into SCHEDULE (S_NO,STIME,ETIME,FLIGHT_NO) values (341,to_date('22/01/28','RR/MM/DD'),75,'LJ323');
Insert into SCHEDULE (S_NO,STIME,ETIME,FLIGHT_NO) values (342,to_date('22/01/24','RR/MM/DD'),70,'LJ325');
Insert into SCHEDULE (S_NO,STIME,ETIME,FLIGHT_NO) values (343,to_date('22/01/25','RR/MM/DD'),70,'LJ325');
Insert into SCHEDULE (S_NO,STIME,ETIME,FLIGHT_NO) values (344,to_date('22/01/26','RR/MM/DD'),70,'LJ325');
Insert into SCHEDULE (S_NO,STIME,ETIME,FLIGHT_NO) values (345,to_date('22/01/27','RR/MM/DD'),70,'LJ325');
Insert into SCHEDULE (S_NO,STIME,ETIME,FLIGHT_NO) values (346,to_date('22/01/28','RR/MM/DD'),70,'LJ325');
Insert into SCHEDULE (S_NO,STIME,ETIME,FLIGHT_NO) values (347,to_date('22/01/29','RR/MM/DD'),70,'LJ325');
Insert into SCHEDULE (S_NO,STIME,ETIME,FLIGHT_NO) values (348,to_date('22/01/30','RR/MM/DD'),70,'LJ325');
Insert into SCHEDULE (S_NO,STIME,ETIME,FLIGHT_NO) values (349,to_date('22/01/24','RR/MM/DD'),75,'LJ411');
Insert into SCHEDULE (S_NO,STIME,ETIME,FLIGHT_NO) values (350,to_date('22/01/27','RR/MM/DD'),75,'LJ411');
Insert into SCHEDULE (S_NO,STIME,ETIME,FLIGHT_NO) values (351,to_date('22/01/28','RR/MM/DD'),75,'LJ411');
Insert into SCHEDULE (S_NO,STIME,ETIME,FLIGHT_NO) values (352,to_date('22/01/29','RR/MM/DD'),75,'LJ411');
Insert into SCHEDULE (S_NO,STIME,ETIME,FLIGHT_NO) values (353,to_date('22/01/30','RR/MM/DD'),75,'LJ411');
Insert into SCHEDULE (S_NO,STIME,ETIME,FLIGHT_NO) values (354,to_date('22/01/24','RR/MM/DD'),70,'LJ331');
Insert into SCHEDULE (S_NO,STIME,ETIME,FLIGHT_NO) values (355,to_date('22/01/25','RR/MM/DD'),70,'LJ331');
Insert into SCHEDULE (S_NO,STIME,ETIME,FLIGHT_NO) values (356,to_date('22/01/26','RR/MM/DD'),70,'LJ331');
Insert into SCHEDULE (S_NO,STIME,ETIME,FLIGHT_NO) values (357,to_date('22/01/27','RR/MM/DD'),70,'LJ331');
Insert into SCHEDULE (S_NO,STIME,ETIME,FLIGHT_NO) values (358,to_date('22/01/28','RR/MM/DD'),70,'LJ331');
Insert into SCHEDULE (S_NO,STIME,ETIME,FLIGHT_NO) values (359,to_date('22/01/29','RR/MM/DD'),70,'LJ331');
Insert into SCHEDULE (S_NO,STIME,ETIME,FLIGHT_NO) values (360,to_date('22/01/30','RR/MM/DD'),70,'LJ331');
Insert into SCHEDULE (S_NO,STIME,ETIME,FLIGHT_NO) values (361,to_date('22/01/24','RR/MM/DD'),75,'LJ329');
Insert into SCHEDULE (S_NO,STIME,ETIME,FLIGHT_NO) values (362,to_date('22/01/25','RR/MM/DD'),75,'LJ329');
Insert into SCHEDULE (S_NO,STIME,ETIME,FLIGHT_NO) values (363,to_date('22/01/26','RR/MM/DD'),75,'LJ329');
Insert into SCHEDULE (S_NO,STIME,ETIME,FLIGHT_NO) values (364,to_date('22/01/27','RR/MM/DD'),75,'LJ329');
Insert into SCHEDULE (S_NO,STIME,ETIME,FLIGHT_NO) values (365,to_date('22/01/28','RR/MM/DD'),75,'LJ329');
Insert into SCHEDULE (S_NO,STIME,ETIME,FLIGHT_NO) values (366,to_date('22/01/29','RR/MM/DD'),75,'LJ329');
Insert into SCHEDULE (S_NO,STIME,ETIME,FLIGHT_NO) values (367,to_date('22/01/30','RR/MM/DD'),75,'LJ329');
Insert into SCHEDULE (S_NO,STIME,ETIME,FLIGHT_NO) values (368,to_date('22/01/26','RR/MM/DD'),70,'LJ421');
Insert into SCHEDULE (S_NO,STIME,ETIME,FLIGHT_NO) values (369,to_date('22/01/28','RR/MM/DD'),70,'LJ421');
Insert into SCHEDULE (S_NO,STIME,ETIME,FLIGHT_NO) values (370,to_date('22/01/29','RR/MM/DD'),70,'LJ421');
Insert into SCHEDULE (S_NO,STIME,ETIME,FLIGHT_NO) values (371,to_date('22/01/30','RR/MM/DD'),70,'LJ421');
Insert into SCHEDULE (S_NO,STIME,ETIME,FLIGHT_NO) values (372,to_date('22/01/01','RR/MM/DD'),70,'LJ302');
Insert into SCHEDULE (S_NO,STIME,ETIME,FLIGHT_NO) values (373,to_date('22/01/01','RR/MM/DD'),75,'LJ304');
Insert into SCHEDULE (S_NO,STIME,ETIME,FLIGHT_NO) values (374,to_date('22/01/01','RR/MM/DD'),70,'LJ404');
Insert into SCHEDULE (S_NO,STIME,ETIME,FLIGHT_NO) values (376,to_date('22/01/01','RR/MM/DD'),70,'LJ312');
Insert into SCHEDULE (S_NO,STIME,ETIME,FLIGHT_NO) values (377,to_date('22/01/01','RR/MM/DD'),75,'LJ310');
Insert into SCHEDULE (S_NO,STIME,ETIME,FLIGHT_NO) values (378,to_date('22/01/01','RR/MM/DD'),75,'LJ314');
Insert into SCHEDULE (S_NO,STIME,ETIME,FLIGHT_NO) values (379,to_date('22/01/01','RR/MM/DD'),70,'LJ416');
Insert into SCHEDULE (S_NO,STIME,ETIME,FLIGHT_NO) values (380,to_date('22/01/01','RR/MM/DD'),75,'LJ318');
Insert into SCHEDULE (S_NO,STIME,ETIME,FLIGHT_NO) values (381,to_date('22/01/01','RR/MM/DD'),70,'LJ320');
Insert into SCHEDULE (S_NO,STIME,ETIME,FLIGHT_NO) values (382,to_date('22/01/01','RR/MM/DD'),75,'LJ322');
Insert into SCHEDULE (S_NO,STIME,ETIME,FLIGHT_NO) values (383,to_date('22/01/01','RR/MM/DD'),70,'LJ418');
Insert into SCHEDULE (S_NO,STIME,ETIME,FLIGHT_NO) values (384,to_date('22/01/01','RR/MM/DD'),75,'LJ328');
Insert into SCHEDULE (S_NO,STIME,ETIME,FLIGHT_NO) values (385,to_date('22/01/01','RR/MM/DD'),75,'LJ408');
Insert into SCHEDULE (S_NO,STIME,ETIME,FLIGHT_NO) values (386,to_date('22/01/01','RR/MM/DD'),75,'LJ316');
Insert into SCHEDULE (S_NO,STIME,ETIME,FLIGHT_NO) values (387,to_date('22/01/01','RR/MM/DD'),75,'LJ332');
Insert into SCHEDULE (S_NO,STIME,ETIME,FLIGHT_NO) values (388,to_date('22/01/01','RR/MM/DD'),70,'LJ424');
Insert into SCHEDULE (S_NO,STIME,ETIME,FLIGHT_NO) values (389,to_date('22/01/02','RR/MM/DD'),70,'LJ302');
Insert into SCHEDULE (S_NO,STIME,ETIME,FLIGHT_NO) values (390,to_date('22/01/02','RR/MM/DD'),70,'LJ422');
Insert into SCHEDULE (S_NO,STIME,ETIME,FLIGHT_NO) values (391,to_date('22/01/02','RR/MM/DD'),70,'LJ304');
Insert into SCHEDULE (S_NO,STIME,ETIME,FLIGHT_NO) values (392,to_date('22/01/02','RR/MM/DD'),70,'LJ404');
Insert into SCHEDULE (S_NO,STIME,ETIME,FLIGHT_NO) values (393,to_date('22/01/02','RR/MM/DD'),70,'LJ312');
Insert into SCHEDULE (S_NO,STIME,ETIME,FLIGHT_NO) values (394,to_date('22/01/02','RR/MM/DD'),75,'LJ310');
Insert into SCHEDULE (S_NO,STIME,ETIME,FLIGHT_NO) values (395,to_date('22/01/02','RR/MM/DD'),75,'LJ314');
Insert into SCHEDULE (S_NO,STIME,ETIME,FLIGHT_NO) values (396,to_date('22/01/02','RR/MM/DD'),75,'LJ318');
Insert into SCHEDULE (S_NO,STIME,ETIME,FLIGHT_NO) values (397,to_date('22/01/02','RR/MM/DD'),70,'LJ320');
Insert into SCHEDULE (S_NO,STIME,ETIME,FLIGHT_NO) values (398,to_date('22/01/02','RR/MM/DD'),75,'LJ322');
Insert into SCHEDULE (S_NO,STIME,ETIME,FLIGHT_NO) values (399,to_date('22/01/02','RR/MM/DD'),75,'LJ328');
Insert into SCHEDULE (S_NO,STIME,ETIME,FLIGHT_NO) values (400,to_date('22/01/02','RR/MM/DD'),75,'LJ408');
Insert into SCHEDULE (S_NO,STIME,ETIME,FLIGHT_NO) values (401,to_date('22/01/02','RR/MM/DD'),75,'LJ316');
Insert into SCHEDULE (S_NO,STIME,ETIME,FLIGHT_NO) values (402,to_date('22/01/02','RR/MM/DD'),75,'LJ332');
Insert into SCHEDULE (S_NO,STIME,ETIME,FLIGHT_NO) values (403,to_date('22/01/02','RR/MM/DD'),70,'LJ424');
Insert into SCHEDULE (S_NO,STIME,ETIME,FLIGHT_NO) values (404,to_date('22/01/03','RR/MM/DD'),70,'LJ302');
Insert into SCHEDULE (S_NO,STIME,ETIME,FLIGHT_NO) values (405,to_date('22/01/04','RR/MM/DD'),70,'LJ302');
Insert into SCHEDULE (S_NO,STIME,ETIME,FLIGHT_NO) values (406,to_date('22/01/05','RR/MM/DD'),70,'LJ302');
Insert into SCHEDULE (S_NO,STIME,ETIME,FLIGHT_NO) values (407,to_date('22/01/06','RR/MM/DD'),70,'LJ302');
Insert into SCHEDULE (S_NO,STIME,ETIME,FLIGHT_NO) values (408,to_date('22/01/07','RR/MM/DD'),70,'LJ302');
Insert into SCHEDULE (S_NO,STIME,ETIME,FLIGHT_NO) values (409,to_date('22/01/08','RR/MM/DD'),70,'LJ302');
Insert into SCHEDULE (S_NO,STIME,ETIME,FLIGHT_NO) values (410,to_date('22/01/09','RR/MM/DD'),70,'LJ302');
Insert into SCHEDULE (S_NO,STIME,ETIME,FLIGHT_NO) values (411,to_date('22/01/10','RR/MM/DD'),70,'LJ302');
Insert into SCHEDULE (S_NO,STIME,ETIME,FLIGHT_NO) values (412,to_date('22/01/11','RR/MM/DD'),70,'LJ302');
Insert into SCHEDULE (S_NO,STIME,ETIME,FLIGHT_NO) values (413,to_date('22/01/12','RR/MM/DD'),70,'LJ302');
Insert into SCHEDULE (S_NO,STIME,ETIME,FLIGHT_NO) values (414,to_date('22/01/13','RR/MM/DD'),70,'LJ302');
Insert into SCHEDULE (S_NO,STIME,ETIME,FLIGHT_NO) values (415,to_date('22/01/14','RR/MM/DD'),70,'LJ302');
Insert into SCHEDULE (S_NO,STIME,ETIME,FLIGHT_NO) values (416,to_date('22/01/15','RR/MM/DD'),70,'LJ302');
Insert into SCHEDULE (S_NO,STIME,ETIME,FLIGHT_NO) values (417,to_date('22/01/16','RR/MM/DD'),70,'LJ302');
Insert into SCHEDULE (S_NO,STIME,ETIME,FLIGHT_NO) values (418,to_date('22/01/17','RR/MM/DD'),70,'LJ302');
Insert into SCHEDULE (S_NO,STIME,ETIME,FLIGHT_NO) values (419,to_date('22/01/18','RR/MM/DD'),70,'LJ302');
Insert into SCHEDULE (S_NO,STIME,ETIME,FLIGHT_NO) values (420,to_date('22/01/19','RR/MM/DD'),70,'LJ302');
Insert into SCHEDULE (S_NO,STIME,ETIME,FLIGHT_NO) values (421,to_date('22/01/20','RR/MM/DD'),70,'LJ302');
Insert into SCHEDULE (S_NO,STIME,ETIME,FLIGHT_NO) values (422,to_date('22/01/21','RR/MM/DD'),70,'LJ302');
Insert into SCHEDULE (S_NO,STIME,ETIME,FLIGHT_NO) values (423,to_date('22/01/22','RR/MM/DD'),70,'LJ302');
Insert into SCHEDULE (S_NO,STIME,ETIME,FLIGHT_NO) values (424,to_date('22/01/23','RR/MM/DD'),70,'LJ302');
Insert into SCHEDULE (S_NO,STIME,ETIME,FLIGHT_NO) values (425,to_date('22/01/24','RR/MM/DD'),70,'LJ302');
Insert into SCHEDULE (S_NO,STIME,ETIME,FLIGHT_NO) values (426,to_date('22/01/25','RR/MM/DD'),70,'LJ302');
Insert into SCHEDULE (S_NO,STIME,ETIME,FLIGHT_NO) values (427,to_date('22/01/26','RR/MM/DD'),70,'LJ302');
Insert into SCHEDULE (S_NO,STIME,ETIME,FLIGHT_NO) values (428,to_date('22/01/27','RR/MM/DD'),70,'LJ302');
Insert into SCHEDULE (S_NO,STIME,ETIME,FLIGHT_NO) values (429,to_date('22/01/28','RR/MM/DD'),70,'LJ302');
Insert into SCHEDULE (S_NO,STIME,ETIME,FLIGHT_NO) values (430,to_date('22/01/29','RR/MM/DD'),70,'LJ302');
Insert into SCHEDULE (S_NO,STIME,ETIME,FLIGHT_NO) values (431,to_date('22/01/30','RR/MM/DD'),70,'LJ302');
Insert into SCHEDULE (S_NO,STIME,ETIME,FLIGHT_NO) values (432,to_date('22/01/03','RR/MM/DD'),70,'LJ422');
Insert into SCHEDULE (S_NO,STIME,ETIME,FLIGHT_NO) values (433,to_date('22/01/09','RR/MM/DD'),70,'LJ422');
Insert into SCHEDULE (S_NO,STIME,ETIME,FLIGHT_NO) values (434,to_date('22/01/10','RR/MM/DD'),70,'LJ422');
Insert into SCHEDULE (S_NO,STIME,ETIME,FLIGHT_NO) values (435,to_date('22/01/16','RR/MM/DD'),70,'LJ422');
Insert into SCHEDULE (S_NO,STIME,ETIME,FLIGHT_NO) values (436,to_date('22/01/17','RR/MM/DD'),70,'LJ422');
Insert into SCHEDULE (S_NO,STIME,ETIME,FLIGHT_NO) values (437,to_date('22/01/23','RR/MM/DD'),70,'LJ422');
Insert into SCHEDULE (S_NO,STIME,ETIME,FLIGHT_NO) values (438,to_date('22/01/24','RR/MM/DD'),70,'LJ422');
Insert into SCHEDULE (S_NO,STIME,ETIME,FLIGHT_NO) values (439,to_date('22/01/30','RR/MM/DD'),70,'LJ422');
Insert into SCHEDULE (S_NO,STIME,ETIME,FLIGHT_NO) values (440,to_date('22/01/03','RR/MM/DD'),75,'LJ304');
Insert into SCHEDULE (S_NO,STIME,ETIME,FLIGHT_NO) values (441,to_date('22/01/04','RR/MM/DD'),75,'LJ304');
Insert into SCHEDULE (S_NO,STIME,ETIME,FLIGHT_NO) values (442,to_date('22/01/05','RR/MM/DD'),75,'LJ304');
Insert into SCHEDULE (S_NO,STIME,ETIME,FLIGHT_NO) values (443,to_date('22/01/06','RR/MM/DD'),75,'LJ304');
Insert into SCHEDULE (S_NO,STIME,ETIME,FLIGHT_NO) values (444,to_date('22/01/08','RR/MM/DD'),70,'LJ404');
Insert into SCHEDULE (S_NO,STIME,ETIME,FLIGHT_NO) values (445,to_date('22/01/07','RR/MM/DD'),70,'LJ404');
Insert into SCHEDULE (S_NO,STIME,ETIME,FLIGHT_NO) values (446,to_date('22/01/09','RR/MM/DD'),70,'LJ404');
Insert into SCHEDULE (S_NO,STIME,ETIME,FLIGHT_NO) values (447,to_date('22/01/07','RR/MM/DD'),70,'LJ428');
Insert into SCHEDULE (S_NO,STIME,ETIME,FLIGHT_NO) values (448,to_date('22/01/08','RR/MM/DD'),70,'LJ428');
Insert into SCHEDULE (S_NO,STIME,ETIME,FLIGHT_NO) values (449,to_date('22/01/09','RR/MM/DD'),70,'LJ428');
Insert into SCHEDULE (S_NO,STIME,ETIME,FLIGHT_NO) values (450,to_date('22/01/03','RR/MM/DD'),70,'LJ312');
Insert into SCHEDULE (S_NO,STIME,ETIME,FLIGHT_NO) values (451,to_date('22/01/04','RR/MM/DD'),70,'LJ312');
Insert into SCHEDULE (S_NO,STIME,ETIME,FLIGHT_NO) values (452,to_date('22/01/05','RR/MM/DD'),70,'LJ312');
Insert into SCHEDULE (S_NO,STIME,ETIME,FLIGHT_NO) values (453,to_date('22/01/06','RR/MM/DD'),70,'LJ312');
Insert into SCHEDULE (S_NO,STIME,ETIME,FLIGHT_NO) values (454,to_date('22/01/03','RR/MM/DD'),75,'LJ310');
Insert into SCHEDULE (S_NO,STIME,ETIME,FLIGHT_NO) values (455,to_date('22/01/04','RR/MM/DD'),75,'LJ310');
Insert into SCHEDULE (S_NO,STIME,ETIME,FLIGHT_NO) values (456,to_date('22/01/05','RR/MM/DD'),75,'LJ310');
Insert into SCHEDULE (S_NO,STIME,ETIME,FLIGHT_NO) values (457,to_date('22/01/06','RR/MM/DD'),75,'LJ310');
Insert into SCHEDULE (S_NO,STIME,ETIME,FLIGHT_NO) values (458,to_date('22/01/07','RR/MM/DD'),75,'LJ310');
Insert into SCHEDULE (S_NO,STIME,ETIME,FLIGHT_NO) values (459,to_date('22/01/08','RR/MM/DD'),75,'LJ310');
Insert into SCHEDULE (S_NO,STIME,ETIME,FLIGHT_NO) values (460,to_date('22/01/09','RR/MM/DD'),75,'LJ310');
Insert into SCHEDULE (S_NO,STIME,ETIME,FLIGHT_NO) values (461,to_date('22/01/03','RR/MM/DD'),75,'LJ314');
Insert into SCHEDULE (S_NO,STIME,ETIME,FLIGHT_NO) values (462,to_date('22/01/04','RR/MM/DD'),75,'LJ314');
Insert into SCHEDULE (S_NO,STIME,ETIME,FLIGHT_NO) values (463,to_date('22/01/05','RR/MM/DD'),75,'LJ314');
Insert into SCHEDULE (S_NO,STIME,ETIME,FLIGHT_NO) values (464,to_date('22/01/06','RR/MM/DD'),75,'LJ314');
Insert into SCHEDULE (S_NO,STIME,ETIME,FLIGHT_NO) values (465,to_date('22/01/07','RR/MM/DD'),75,'LJ314');
Insert into SCHEDULE (S_NO,STIME,ETIME,FLIGHT_NO) values (466,to_date('22/01/08','RR/MM/DD'),75,'LJ314');
Insert into SCHEDULE (S_NO,STIME,ETIME,FLIGHT_NO) values (467,to_date('22/01/09','RR/MM/DD'),75,'LJ314');
Insert into SCHEDULE (S_NO,STIME,ETIME,FLIGHT_NO) values (468,to_date('22/01/03','RR/MM/DD'),75,'LJ318');
Insert into SCHEDULE (S_NO,STIME,ETIME,FLIGHT_NO) values (469,to_date('22/01/04','RR/MM/DD'),75,'LJ318');
Insert into SCHEDULE (S_NO,STIME,ETIME,FLIGHT_NO) values (470,to_date('22/01/05','RR/MM/DD'),75,'LJ318');
Insert into SCHEDULE (S_NO,STIME,ETIME,FLIGHT_NO) values (471,to_date('22/01/06','RR/MM/DD'),75,'LJ318');
Insert into SCHEDULE (S_NO,STIME,ETIME,FLIGHT_NO) values (472,to_date('22/01/07','RR/MM/DD'),75,'LJ318');
Insert into SCHEDULE (S_NO,STIME,ETIME,FLIGHT_NO) values (473,to_date('22/01/08','RR/MM/DD'),75,'LJ318');
Insert into SCHEDULE (S_NO,STIME,ETIME,FLIGHT_NO) values (474,to_date('22/01/09','RR/MM/DD'),75,'LJ318');
Insert into SCHEDULE (S_NO,STIME,ETIME,FLIGHT_NO) values (475,to_date('22/01/03','RR/MM/DD'),70,'LJ320');
Insert into SCHEDULE (S_NO,STIME,ETIME,FLIGHT_NO) values (476,to_date('22/01/04','RR/MM/DD'),70,'LJ320');
Insert into SCHEDULE (S_NO,STIME,ETIME,FLIGHT_NO) values (477,to_date('22/01/05','RR/MM/DD'),70,'LJ320');
Insert into SCHEDULE (S_NO,STIME,ETIME,FLIGHT_NO) values (478,to_date('22/01/06','RR/MM/DD'),70,'LJ320');
Insert into SCHEDULE (S_NO,STIME,ETIME,FLIGHT_NO) values (479,to_date('22/01/07','RR/MM/DD'),70,'LJ320');
Insert into SCHEDULE (S_NO,STIME,ETIME,FLIGHT_NO) values (480,to_date('22/01/03','RR/MM/DD'),75,'LJ322');
Insert into SCHEDULE (S_NO,STIME,ETIME,FLIGHT_NO) values (481,to_date('22/01/04','RR/MM/DD'),75,'LJ322');
Insert into SCHEDULE (S_NO,STIME,ETIME,FLIGHT_NO) values (482,to_date('22/01/05','RR/MM/DD'),75,'LJ322');
Insert into SCHEDULE (S_NO,STIME,ETIME,FLIGHT_NO) values (483,to_date('22/01/06','RR/MM/DD'),75,'LJ322');
Insert into SCHEDULE (S_NO,STIME,ETIME,FLIGHT_NO) values (484,to_date('22/01/07','RR/MM/DD'),75,'LJ322');
Insert into SCHEDULE (S_NO,STIME,ETIME,FLIGHT_NO) values (485,to_date('22/01/08','RR/MM/DD'),75,'LJ322');
Insert into SCHEDULE (S_NO,STIME,ETIME,FLIGHT_NO) values (486,to_date('22/01/09','RR/MM/DD'),75,'LJ322');
Insert into SCHEDULE (S_NO,STIME,ETIME,FLIGHT_NO) values (487,to_date('22/01/08','RR/MM/DD'),70,'LJ418');
Insert into SCHEDULE (S_NO,STIME,ETIME,FLIGHT_NO) values (488,to_date('22/01/03','RR/MM/DD'),75,'LJ328');
Insert into SCHEDULE (S_NO,STIME,ETIME,FLIGHT_NO) values (489,to_date('22/01/04','RR/MM/DD'),75,'LJ328');
Insert into SCHEDULE (S_NO,STIME,ETIME,FLIGHT_NO) values (490,to_date('22/01/05','RR/MM/DD'),75,'LJ328');
Insert into SCHEDULE (S_NO,STIME,ETIME,FLIGHT_NO) values (491,to_date('22/01/06','RR/MM/DD'),75,'LJ328');
Insert into SCHEDULE (S_NO,STIME,ETIME,FLIGHT_NO) values (492,to_date('22/01/07','RR/MM/DD'),75,'LJ328');
Insert into SCHEDULE (S_NO,STIME,ETIME,FLIGHT_NO) values (493,to_date('22/01/08','RR/MM/DD'),75,'LJ328');
Insert into SCHEDULE (S_NO,STIME,ETIME,FLIGHT_NO) values (494,to_date('22/01/09','RR/MM/DD'),75,'LJ328');
Insert into SCHEDULE (S_NO,STIME,ETIME,FLIGHT_NO) values (495,to_date('22/01/03','RR/MM/DD'),75,'LJ408');
Insert into SCHEDULE (S_NO,STIME,ETIME,FLIGHT_NO) values (496,to_date('22/01/06','RR/MM/DD'),75,'LJ408');
Insert into SCHEDULE (S_NO,STIME,ETIME,FLIGHT_NO) values (497,to_date('22/01/07','RR/MM/DD'),75,'LJ408');
Insert into SCHEDULE (S_NO,STIME,ETIME,FLIGHT_NO) values (498,to_date('22/01/08','RR/MM/DD'),75,'LJ408');
Insert into SCHEDULE (S_NO,STIME,ETIME,FLIGHT_NO) values (499,to_date('22/01/09','RR/MM/DD'),75,'LJ408');
Insert into SCHEDULE (S_NO,STIME,ETIME,FLIGHT_NO) values (500,to_date('22/01/03','RR/MM/DD'),75,'LJ316');
Insert into SCHEDULE (S_NO,STIME,ETIME,FLIGHT_NO) values (501,to_date('22/01/04','RR/MM/DD'),75,'LJ316');
Insert into SCHEDULE (S_NO,STIME,ETIME,FLIGHT_NO) values (502,to_date('22/01/05','RR/MM/DD'),75,'LJ316');
Insert into SCHEDULE (S_NO,STIME,ETIME,FLIGHT_NO) values (503,to_date('22/01/06','RR/MM/DD'),75,'LJ316');
Insert into SCHEDULE (S_NO,STIME,ETIME,FLIGHT_NO) values (504,to_date('22/01/07','RR/MM/DD'),75,'LJ316');
Insert into SCHEDULE (S_NO,STIME,ETIME,FLIGHT_NO) values (505,to_date('22/01/08','RR/MM/DD'),75,'LJ316');
Insert into SCHEDULE (S_NO,STIME,ETIME,FLIGHT_NO) values (506,to_date('22/01/09','RR/MM/DD'),75,'LJ316');
Insert into SCHEDULE (S_NO,STIME,ETIME,FLIGHT_NO) values (507,to_date('22/01/03','RR/MM/DD'),75,'LJ332');
Insert into SCHEDULE (S_NO,STIME,ETIME,FLIGHT_NO) values (508,to_date('22/01/04','RR/MM/DD'),75,'LJ332');
Insert into SCHEDULE (S_NO,STIME,ETIME,FLIGHT_NO) values (509,to_date('22/01/05','RR/MM/DD'),75,'LJ332');
Insert into SCHEDULE (S_NO,STIME,ETIME,FLIGHT_NO) values (510,to_date('22/01/06','RR/MM/DD'),75,'LJ332');
Insert into SCHEDULE (S_NO,STIME,ETIME,FLIGHT_NO) values (511,to_date('22/01/07','RR/MM/DD'),75,'LJ332');
Insert into SCHEDULE (S_NO,STIME,ETIME,FLIGHT_NO) values (512,to_date('22/01/06','RR/MM/DD'),70,'LJ424');
Insert into SCHEDULE (S_NO,STIME,ETIME,FLIGHT_NO) values (513,to_date('22/01/07','RR/MM/DD'),70,'LJ424');
Insert into SCHEDULE (S_NO,STIME,ETIME,FLIGHT_NO) values (514,to_date('22/01/08','RR/MM/DD'),70,'LJ424');
Insert into SCHEDULE (S_NO,STIME,ETIME,FLIGHT_NO) values (515,to_date('22/01/09','RR/MM/DD'),70,'LJ424');
Insert into SCHEDULE (S_NO,STIME,ETIME,FLIGHT_NO) values (516,to_date('22/01/10','RR/MM/DD'),75,'LJ304');
Insert into SCHEDULE (S_NO,STIME,ETIME,FLIGHT_NO) values (517,to_date('22/01/11','RR/MM/DD'),75,'LJ304');
Insert into SCHEDULE (S_NO,STIME,ETIME,FLIGHT_NO) values (518,to_date('22/01/12','RR/MM/DD'),75,'LJ304');
Insert into SCHEDULE (S_NO,STIME,ETIME,FLIGHT_NO) values (519,to_date('22/01/13','RR/MM/DD'),75,'LJ304');
Insert into SCHEDULE (S_NO,STIME,ETIME,FLIGHT_NO) values (520,to_date('22/01/15','RR/MM/DD'),70,'LJ404');
Insert into SCHEDULE (S_NO,STIME,ETIME,FLIGHT_NO) values (521,to_date('22/01/10','RR/MM/DD'),70,'LJ404');
Insert into SCHEDULE (S_NO,STIME,ETIME,FLIGHT_NO) values (522,to_date('22/01/13','RR/MM/DD'),70,'LJ404');
Insert into SCHEDULE (S_NO,STIME,ETIME,FLIGHT_NO) values (523,to_date('22/01/14','RR/MM/DD'),70,'LJ404');
Insert into SCHEDULE (S_NO,STIME,ETIME,FLIGHT_NO) values (524,to_date('22/01/16','RR/MM/DD'),70,'LJ404');
Insert into SCHEDULE (S_NO,STIME,ETIME,FLIGHT_NO) values (525,to_date('22/01/10','RR/MM/DD'),70,'LJ312');
Insert into SCHEDULE (S_NO,STIME,ETIME,FLIGHT_NO) values (526,to_date('22/01/11','RR/MM/DD'),70,'LJ312');
Insert into SCHEDULE (S_NO,STIME,ETIME,FLIGHT_NO) values (527,to_date('22/01/12','RR/MM/DD'),70,'LJ312');
Insert into SCHEDULE (S_NO,STIME,ETIME,FLIGHT_NO) values (528,to_date('22/01/13','RR/MM/DD'),70,'LJ312');
Insert into SCHEDULE (S_NO,STIME,ETIME,FLIGHT_NO) values (529,to_date('22/01/10','RR/MM/DD'),75,'LJ310');
Insert into SCHEDULE (S_NO,STIME,ETIME,FLIGHT_NO) values (530,to_date('22/01/11','RR/MM/DD'),75,'LJ310');
Insert into SCHEDULE (S_NO,STIME,ETIME,FLIGHT_NO) values (531,to_date('22/01/12','RR/MM/DD'),75,'LJ310');
Insert into SCHEDULE (S_NO,STIME,ETIME,FLIGHT_NO) values (532,to_date('22/01/13','RR/MM/DD'),75,'LJ310');
Insert into SCHEDULE (S_NO,STIME,ETIME,FLIGHT_NO) values (533,to_date('22/01/14','RR/MM/DD'),75,'LJ310');
Insert into SCHEDULE (S_NO,STIME,ETIME,FLIGHT_NO) values (534,to_date('22/01/15','RR/MM/DD'),75,'LJ310');
Insert into SCHEDULE (S_NO,STIME,ETIME,FLIGHT_NO) values (535,to_date('22/01/16','RR/MM/DD'),75,'LJ310');
Insert into SCHEDULE (S_NO,STIME,ETIME,FLIGHT_NO) values (536,to_date('22/01/10','RR/MM/DD'),75,'LJ314');
Insert into SCHEDULE (S_NO,STIME,ETIME,FLIGHT_NO) values (537,to_date('22/01/11','RR/MM/DD'),75,'LJ314');
Insert into SCHEDULE (S_NO,STIME,ETIME,FLIGHT_NO) values (538,to_date('22/01/12','RR/MM/DD'),75,'LJ314');
Insert into SCHEDULE (S_NO,STIME,ETIME,FLIGHT_NO) values (539,to_date('22/01/13','RR/MM/DD'),75,'LJ314');
Insert into SCHEDULE (S_NO,STIME,ETIME,FLIGHT_NO) values (540,to_date('22/01/14','RR/MM/DD'),75,'LJ314');
Insert into SCHEDULE (S_NO,STIME,ETIME,FLIGHT_NO) values (541,to_date('22/01/15','RR/MM/DD'),75,'LJ314');
Insert into SCHEDULE (S_NO,STIME,ETIME,FLIGHT_NO) values (542,to_date('22/01/16','RR/MM/DD'),75,'LJ314');
Insert into SCHEDULE (S_NO,STIME,ETIME,FLIGHT_NO) values (543,to_date('22/01/10','RR/MM/DD'),75,'LJ318');
Insert into SCHEDULE (S_NO,STIME,ETIME,FLIGHT_NO) values (544,to_date('22/01/11','RR/MM/DD'),75,'LJ318');
Insert into SCHEDULE (S_NO,STIME,ETIME,FLIGHT_NO) values (545,to_date('22/01/12','RR/MM/DD'),75,'LJ318');
Insert into SCHEDULE (S_NO,STIME,ETIME,FLIGHT_NO) values (546,to_date('22/01/13','RR/MM/DD'),75,'LJ318');
Insert into SCHEDULE (S_NO,STIME,ETIME,FLIGHT_NO) values (547,to_date('22/01/14','RR/MM/DD'),75,'LJ318');
Insert into SCHEDULE (S_NO,STIME,ETIME,FLIGHT_NO) values (548,to_date('22/01/15','RR/MM/DD'),75,'LJ318');
Insert into SCHEDULE (S_NO,STIME,ETIME,FLIGHT_NO) values (549,to_date('22/01/16','RR/MM/DD'),75,'LJ318');
Insert into SCHEDULE (S_NO,STIME,ETIME,FLIGHT_NO) values (550,to_date('22/01/10','RR/MM/DD'),70,'LJ320');
Insert into SCHEDULE (S_NO,STIME,ETIME,FLIGHT_NO) values (551,to_date('22/01/11','RR/MM/DD'),70,'LJ320');
Insert into SCHEDULE (S_NO,STIME,ETIME,FLIGHT_NO) values (552,to_date('22/01/12','RR/MM/DD'),70,'LJ320');
Insert into SCHEDULE (S_NO,STIME,ETIME,FLIGHT_NO) values (553,to_date('22/01/13','RR/MM/DD'),70,'LJ320');
Insert into SCHEDULE (S_NO,STIME,ETIME,FLIGHT_NO) values (554,to_date('22/01/14','RR/MM/DD'),70,'LJ320');
Insert into SCHEDULE (S_NO,STIME,ETIME,FLIGHT_NO) values (555,to_date('22/01/10','RR/MM/DD'),75,'LJ322');
Insert into SCHEDULE (S_NO,STIME,ETIME,FLIGHT_NO) values (556,to_date('22/01/11','RR/MM/DD'),75,'LJ322');
Insert into SCHEDULE (S_NO,STIME,ETIME,FLIGHT_NO) values (557,to_date('22/01/12','RR/MM/DD'),75,'LJ322');
Insert into SCHEDULE (S_NO,STIME,ETIME,FLIGHT_NO) values (558,to_date('22/01/13','RR/MM/DD'),75,'LJ322');
Insert into SCHEDULE (S_NO,STIME,ETIME,FLIGHT_NO) values (559,to_date('22/01/14','RR/MM/DD'),75,'LJ322');
Insert into SCHEDULE (S_NO,STIME,ETIME,FLIGHT_NO) values (560,to_date('22/01/15','RR/MM/DD'),75,'LJ322');
Insert into SCHEDULE (S_NO,STIME,ETIME,FLIGHT_NO) values (561,to_date('22/01/16','RR/MM/DD'),75,'LJ322');
Insert into SCHEDULE (S_NO,STIME,ETIME,FLIGHT_NO) values (562,to_date('22/01/10','RR/MM/DD'),75,'LJ328');
Insert into SCHEDULE (S_NO,STIME,ETIME,FLIGHT_NO) values (563,to_date('22/01/11','RR/MM/DD'),75,'LJ328');
Insert into SCHEDULE (S_NO,STIME,ETIME,FLIGHT_NO) values (198,to_date('22/01/15','RR/MM/DD'),70,'LJ421');
Insert into SCHEDULE (S_NO,STIME,ETIME,FLIGHT_NO) values (199,to_date('22/01/16','RR/MM/DD'),70,'LJ421');
Insert into SCHEDULE (S_NO,STIME,ETIME,FLIGHT_NO) values (200,to_date('22/01/17','RR/MM/DD'),75,'LJ423');
Insert into SCHEDULE (S_NO,STIME,ETIME,FLIGHT_NO) values (201,to_date('22/01/20','RR/MM/DD'),75,'LJ423');
Insert into SCHEDULE (S_NO,STIME,ETIME,FLIGHT_NO) values (202,to_date('22/01/17','RR/MM/DD'),75,'LJ303');
Insert into SCHEDULE (S_NO,STIME,ETIME,FLIGHT_NO) values (203,to_date('22/01/18','RR/MM/DD'),75,'LJ303');
Insert into SCHEDULE (S_NO,STIME,ETIME,FLIGHT_NO) values (204,to_date('22/01/19','RR/MM/DD'),75,'LJ303');
Insert into SCHEDULE (S_NO,STIME,ETIME,FLIGHT_NO) values (205,to_date('22/01/20','RR/MM/DD'),75,'LJ303');
Insert into SCHEDULE (S_NO,STIME,ETIME,FLIGHT_NO) values (206,to_date('22/01/21','RR/MM/DD'),75,'LJ303');
Insert into SCHEDULE (S_NO,STIME,ETIME,FLIGHT_NO) values (207,to_date('22/01/22','RR/MM/DD'),75,'LJ303');
Insert into SCHEDULE (S_NO,STIME,ETIME,FLIGHT_NO) values (208,to_date('22/01/23','RR/MM/DD'),75,'LJ303');
Insert into SCHEDULE (S_NO,STIME,ETIME,FLIGHT_NO) values (209,to_date('22/01/17','RR/MM/DD'),70,'LJ401');
Insert into SCHEDULE (S_NO,STIME,ETIME,FLIGHT_NO) values (210,to_date('22/01/20','RR/MM/DD'),70,'LJ401');
Insert into SCHEDULE (S_NO,STIME,ETIME,FLIGHT_NO) values (211,to_date('22/01/21','RR/MM/DD'),70,'LJ401');
Insert into SCHEDULE (S_NO,STIME,ETIME,FLIGHT_NO) values (212,to_date('22/01/22','RR/MM/DD'),70,'LJ401');
Insert into SCHEDULE (S_NO,STIME,ETIME,FLIGHT_NO) values (213,to_date('22/01/23','RR/MM/DD'),70,'LJ401');
Insert into SCHEDULE (S_NO,STIME,ETIME,FLIGHT_NO) values (214,to_date('22/01/17','RR/MM/DD'),75,'LJ309');
Insert into SCHEDULE (S_NO,STIME,ETIME,FLIGHT_NO) values (215,to_date('22/01/18','RR/MM/DD'),75,'LJ309');
Insert into SCHEDULE (S_NO,STIME,ETIME,FLIGHT_NO) values (216,to_date('22/01/19','RR/MM/DD'),75,'LJ309');
Insert into SCHEDULE (S_NO,STIME,ETIME,FLIGHT_NO) values (217,to_date('22/01/20','RR/MM/DD'),75,'LJ309');
Insert into SCHEDULE (S_NO,STIME,ETIME,FLIGHT_NO) values (218,to_date('22/01/21','RR/MM/DD'),75,'LJ309');
Insert into SCHEDULE (S_NO,STIME,ETIME,FLIGHT_NO) values (219,to_date('22/01/22','RR/MM/DD'),75,'LJ309');
Insert into SCHEDULE (S_NO,STIME,ETIME,FLIGHT_NO) values (220,to_date('22/01/23','RR/MM/DD'),75,'LJ309');
Insert into SCHEDULE (S_NO,STIME,ETIME,FLIGHT_NO) values (221,to_date('22/01/17','RR/MM/DD'),70,'LJ307');
Insert into SCHEDULE (S_NO,STIME,ETIME,FLIGHT_NO) values (222,to_date('22/01/18','RR/MM/DD'),70,'LJ307');
Insert into SCHEDULE (S_NO,STIME,ETIME,FLIGHT_NO) values (223,to_date('22/01/19','RR/MM/DD'),70,'LJ307');
Insert into SCHEDULE (S_NO,STIME,ETIME,FLIGHT_NO) values (224,to_date('22/01/20','RR/MM/DD'),70,'LJ307');
Insert into SCHEDULE (S_NO,STIME,ETIME,FLIGHT_NO) values (225,to_date('22/01/17','RR/MM/DD'),70,'LJ311');
Insert into SCHEDULE (S_NO,STIME,ETIME,FLIGHT_NO) values (226,to_date('22/01/18','RR/MM/DD'),70,'LJ311');
Insert into SCHEDULE (S_NO,STIME,ETIME,FLIGHT_NO) values (227,to_date('22/01/19','RR/MM/DD'),70,'LJ311');
Insert into SCHEDULE (S_NO,STIME,ETIME,FLIGHT_NO) values (228,to_date('22/01/20','RR/MM/DD'),70,'LJ311');
Insert into SCHEDULE (S_NO,STIME,ETIME,FLIGHT_NO) values (229,to_date('22/01/21','RR/MM/DD'),70,'LJ311');
Insert into SCHEDULE (S_NO,STIME,ETIME,FLIGHT_NO) values (230,to_date('22/01/22','RR/MM/DD'),70,'LJ311');
Insert into SCHEDULE (S_NO,STIME,ETIME,FLIGHT_NO) values (231,to_date('22/01/23','RR/MM/DD'),70,'LJ311');
Insert into SCHEDULE (S_NO,STIME,ETIME,FLIGHT_NO) values (232,to_date('22/01/17','RR/MM/DD'),75,'LJ305');
Insert into SCHEDULE (S_NO,STIME,ETIME,FLIGHT_NO) values (233,to_date('22/01/18','RR/MM/DD'),75,'LJ305');
Insert into SCHEDULE (S_NO,STIME,ETIME,FLIGHT_NO) values (234,to_date('22/01/19','RR/MM/DD'),75,'LJ305');
Insert into SCHEDULE (S_NO,STIME,ETIME,FLIGHT_NO) values (235,to_date('22/01/20','RR/MM/DD'),75,'LJ305');
Insert into SCHEDULE (S_NO,STIME,ETIME,FLIGHT_NO) values (236,to_date('22/01/21','RR/MM/DD'),75,'LJ305');
Insert into SCHEDULE (S_NO,STIME,ETIME,FLIGHT_NO) values (237,to_date('22/01/22','RR/MM/DD'),75,'LJ305');
Insert into SCHEDULE (S_NO,STIME,ETIME,FLIGHT_NO) values (238,to_date('22/01/23','RR/MM/DD'),75,'LJ305');
Insert into SCHEDULE (S_NO,STIME,ETIME,FLIGHT_NO) values (239,to_date('22/01/17','RR/MM/DD'),75,'LJ315');
Insert into SCHEDULE (S_NO,STIME,ETIME,FLIGHT_NO) values (240,to_date('22/01/18','RR/MM/DD'),75,'LJ315');
Insert into SCHEDULE (S_NO,STIME,ETIME,FLIGHT_NO) values (241,to_date('22/01/19','RR/MM/DD'),75,'LJ315');
Insert into SCHEDULE (S_NO,STIME,ETIME,FLIGHT_NO) values (242,to_date('22/01/20','RR/MM/DD'),75,'LJ315');
Insert into SCHEDULE (S_NO,STIME,ETIME,FLIGHT_NO) values (243,to_date('22/01/21','RR/MM/DD'),75,'LJ315');
Insert into SCHEDULE (S_NO,STIME,ETIME,FLIGHT_NO) values (244,to_date('22/01/17','RR/MM/DD'),75,'LJ317');
Insert into SCHEDULE (S_NO,STIME,ETIME,FLIGHT_NO) values (245,to_date('22/01/18','RR/MM/DD'),75,'LJ317');
Insert into SCHEDULE (S_NO,STIME,ETIME,FLIGHT_NO) values (246,to_date('22/01/19','RR/MM/DD'),75,'LJ317');
Insert into SCHEDULE (S_NO,STIME,ETIME,FLIGHT_NO) values (247,to_date('22/01/20','RR/MM/DD'),75,'LJ317');
Insert into SCHEDULE (S_NO,STIME,ETIME,FLIGHT_NO) values (248,to_date('22/01/21','RR/MM/DD'),75,'LJ317');
Insert into SCHEDULE (S_NO,STIME,ETIME,FLIGHT_NO) values (249,to_date('22/01/22','RR/MM/DD'),75,'LJ317');
Insert into SCHEDULE (S_NO,STIME,ETIME,FLIGHT_NO) values (250,to_date('22/01/23','RR/MM/DD'),75,'LJ317');
Insert into SCHEDULE (S_NO,STIME,ETIME,FLIGHT_NO) values (251,to_date('22/01/17','RR/MM/DD'),75,'LJ323');
Insert into SCHEDULE (S_NO,STIME,ETIME,FLIGHT_NO) values (252,to_date('22/01/18','RR/MM/DD'),75,'LJ323');
Insert into SCHEDULE (S_NO,STIME,ETIME,FLIGHT_NO) values (253,to_date('22/01/19','RR/MM/DD'),75,'LJ323');
Insert into SCHEDULE (S_NO,STIME,ETIME,FLIGHT_NO) values (254,to_date('22/01/20','RR/MM/DD'),75,'LJ323');
Insert into SCHEDULE (S_NO,STIME,ETIME,FLIGHT_NO) values (255,to_date('22/01/21','RR/MM/DD'),75,'LJ323');
Insert into SCHEDULE (S_NO,STIME,ETIME,FLIGHT_NO) values (256,to_date('22/01/17','RR/MM/DD'),70,'LJ325');
Insert into SCHEDULE (S_NO,STIME,ETIME,FLIGHT_NO) values (257,to_date('22/01/18','RR/MM/DD'),70,'LJ325');
Insert into SCHEDULE (S_NO,STIME,ETIME,FLIGHT_NO) values (258,to_date('22/01/19','RR/MM/DD'),70,'LJ325');
Insert into SCHEDULE (S_NO,STIME,ETIME,FLIGHT_NO) values (259,to_date('22/01/20','RR/MM/DD'),70,'LJ325');
Insert into SCHEDULE (S_NO,STIME,ETIME,FLIGHT_NO) values (260,to_date('22/01/21','RR/MM/DD'),70,'LJ325');
Insert into SCHEDULE (S_NO,STIME,ETIME,FLIGHT_NO) values (261,to_date('22/01/22','RR/MM/DD'),70,'LJ325');
Insert into SCHEDULE (S_NO,STIME,ETIME,FLIGHT_NO) values (262,to_date('22/01/23','RR/MM/DD'),70,'LJ325');
Insert into SCHEDULE (S_NO,STIME,ETIME,FLIGHT_NO) values (263,to_date('22/01/17','RR/MM/DD'),75,'LJ411');
Insert into SCHEDULE (S_NO,STIME,ETIME,FLIGHT_NO) values (264,to_date('22/01/20','RR/MM/DD'),75,'LJ411');
Insert into SCHEDULE (S_NO,STIME,ETIME,FLIGHT_NO) values (265,to_date('22/01/21','RR/MM/DD'),75,'LJ411');
Insert into SCHEDULE (S_NO,STIME,ETIME,FLIGHT_NO) values (266,to_date('22/01/22','RR/MM/DD'),75,'LJ411');
Insert into SCHEDULE (S_NO,STIME,ETIME,FLIGHT_NO) values (267,to_date('22/01/23','RR/MM/DD'),75,'LJ411');
Insert into SCHEDULE (S_NO,STIME,ETIME,FLIGHT_NO) values (268,to_date('22/01/17','RR/MM/DD'),70,'LJ331');
Insert into SCHEDULE (S_NO,STIME,ETIME,FLIGHT_NO) values (269,to_date('22/01/18','RR/MM/DD'),70,'LJ331');
Insert into SCHEDULE (S_NO,STIME,ETIME,FLIGHT_NO) values (270,to_date('22/01/19','RR/MM/DD'),70,'LJ331');
Insert into SCHEDULE (S_NO,STIME,ETIME,FLIGHT_NO) values (271,to_date('22/01/20','RR/MM/DD'),70,'LJ331');
Insert into SCHEDULE (S_NO,STIME,ETIME,FLIGHT_NO) values (272,to_date('22/01/21','RR/MM/DD'),70,'LJ331');
Insert into SCHEDULE (S_NO,STIME,ETIME,FLIGHT_NO) values (273,to_date('22/01/22','RR/MM/DD'),70,'LJ331');
Insert into SCHEDULE (S_NO,STIME,ETIME,FLIGHT_NO) values (274,to_date('22/01/23','RR/MM/DD'),70,'LJ331');
Insert into SCHEDULE (S_NO,STIME,ETIME,FLIGHT_NO) values (275,to_date('22/01/17','RR/MM/DD'),75,'LJ329');
Insert into SCHEDULE (S_NO,STIME,ETIME,FLIGHT_NO) values (276,to_date('22/01/18','RR/MM/DD'),75,'LJ329');
Insert into SCHEDULE (S_NO,STIME,ETIME,FLIGHT_NO) values (277,to_date('22/01/19','RR/MM/DD'),75,'LJ329');
Insert into SCHEDULE (S_NO,STIME,ETIME,FLIGHT_NO) values (278,to_date('22/01/20','RR/MM/DD'),75,'LJ329');
Insert into SCHEDULE (S_NO,STIME,ETIME,FLIGHT_NO) values (279,to_date('22/01/21','RR/MM/DD'),75,'LJ329');
Insert into SCHEDULE (S_NO,STIME,ETIME,FLIGHT_NO) values (280,to_date('22/01/22','RR/MM/DD'),75,'LJ329');
Insert into SCHEDULE (S_NO,STIME,ETIME,FLIGHT_NO) values (281,to_date('22/01/23','RR/MM/DD'),75,'LJ329');
Insert into SCHEDULE (S_NO,STIME,ETIME,FLIGHT_NO) values (282,to_date('22/01/19','RR/MM/DD'),70,'LJ421');
Insert into SCHEDULE (S_NO,STIME,ETIME,FLIGHT_NO) values (283,to_date('22/01/21','RR/MM/DD'),70,'LJ421');
Insert into SCHEDULE (S_NO,STIME,ETIME,FLIGHT_NO) values (1,to_date('22/01/01','RR/MM/DD'),75,'LJ423');
Insert into SCHEDULE (S_NO,STIME,ETIME,FLIGHT_NO) values (2,to_date('22/01/01','RR/MM/DD'),75,'LJ303');
Insert into SCHEDULE (S_NO,STIME,ETIME,FLIGHT_NO) values (3,to_date('22/01/01','RR/MM/DD'),70,'LJ401');
Insert into SCHEDULE (S_NO,STIME,ETIME,FLIGHT_NO) values (4,to_date('22/01/01','RR/MM/DD'),75,'LJ309');
Insert into SCHEDULE (S_NO,STIME,ETIME,FLIGHT_NO) values (5,to_date('22/01/01','RR/MM/DD'),75,'LJ301');
Insert into SCHEDULE (S_NO,STIME,ETIME,FLIGHT_NO) values (6,to_date('22/01/01','RR/MM/DD'),70,'LJ307');
Insert into SCHEDULE (S_NO,STIME,ETIME,FLIGHT_NO) values (7,to_date('22/01/01','RR/MM/DD'),70,'LJ415');
Insert into SCHEDULE (S_NO,STIME,ETIME,FLIGHT_NO) values (8,to_date('22/01/01','RR/MM/DD'),70,'LJ311');
Insert into SCHEDULE (S_NO,STIME,ETIME,FLIGHT_NO) values (9,to_date('22/01/01','RR/MM/DD'),75,'LJ305');
Insert into SCHEDULE (S_NO,STIME,ETIME,FLIGHT_NO) values (10,to_date('22/01/01','RR/MM/DD'),75,'LJ315');
Insert into SCHEDULE (S_NO,STIME,ETIME,FLIGHT_NO) values (11,to_date('22/01/01','RR/MM/DD'),75,'LJ317');
Insert into SCHEDULE (S_NO,STIME,ETIME,FLIGHT_NO) values (12,to_date('22/01/01','RR/MM/DD'),75,'LJ323');
Insert into SCHEDULE (S_NO,STIME,ETIME,FLIGHT_NO) values (13,to_date('22/01/01','RR/MM/DD'),70,'LJ325');
Insert into SCHEDULE (S_NO,STIME,ETIME,FLIGHT_NO) values (14,to_date('22/01/01','RR/MM/DD'),75,'LJ411');
Insert into SCHEDULE (S_NO,STIME,ETIME,FLIGHT_NO) values (15,to_date('22/01/01','RR/MM/DD'),70,'LJ331');
Insert into SCHEDULE (S_NO,STIME,ETIME,FLIGHT_NO) values (16,to_date('22/01/01','RR/MM/DD'),75,'LJ329');
Insert into SCHEDULE (S_NO,STIME,ETIME,FLIGHT_NO) values (17,to_date('22/01/01','RR/MM/DD'),70,'LJ421');
Insert into SCHEDULE (S_NO,STIME,ETIME,FLIGHT_NO) values (18,to_date('22/01/02','RR/MM/DD'),75,'LJ303');
Insert into SCHEDULE (S_NO,STIME,ETIME,FLIGHT_NO) values (19,to_date('22/01/02','RR/MM/DD'),70,'LJ401');
Insert into SCHEDULE (S_NO,STIME,ETIME,FLIGHT_NO) values (20,to_date('22/01/02','RR/MM/DD'),75,'LJ309');
Insert into SCHEDULE (S_NO,STIME,ETIME,FLIGHT_NO) values (21,to_date('22/01/02','RR/MM/DD'),70,'LJ311');
Insert into SCHEDULE (S_NO,STIME,ETIME,FLIGHT_NO) values (22,to_date('22/01/02','RR/MM/DD'),75,'LJ305');
Insert into SCHEDULE (S_NO,STIME,ETIME,FLIGHT_NO) values (23,to_date('22/01/02','RR/MM/DD'),75,'LJ317');
Insert into SCHEDULE (S_NO,STIME,ETIME,FLIGHT_NO) values (24,to_date('22/01/02','RR/MM/DD'),70,'LJ325');
Insert into SCHEDULE (S_NO,STIME,ETIME,FLIGHT_NO) values (25,to_date('22/01/02','RR/MM/DD'),75,'LJ411');
Insert into SCHEDULE (S_NO,STIME,ETIME,FLIGHT_NO) values (26,to_date('22/01/02','RR/MM/DD'),70,'LJ331');
Insert into SCHEDULE (S_NO,STIME,ETIME,FLIGHT_NO) values (27,to_date('22/01/02','RR/MM/DD'),75,'LJ329');
Insert into SCHEDULE (S_NO,STIME,ETIME,FLIGHT_NO) values (28,to_date('22/01/02','RR/MM/DD'),70,'LJ421');
Insert into SCHEDULE (S_NO,STIME,ETIME,FLIGHT_NO) values (29,to_date('22/01/03','RR/MM/DD'),75,'LJ303');
Insert into SCHEDULE (S_NO,STIME,ETIME,FLIGHT_NO) values (30,to_date('22/01/04','RR/MM/DD'),75,'LJ303');
Insert into SCHEDULE (S_NO,STIME,ETIME,FLIGHT_NO) values (31,to_date('22/01/05','RR/MM/DD'),75,'LJ303');
Insert into SCHEDULE (S_NO,STIME,ETIME,FLIGHT_NO) values (32,to_date('22/01/06','RR/MM/DD'),75,'LJ303');
Insert into SCHEDULE (S_NO,STIME,ETIME,FLIGHT_NO) values (33,to_date('22/01/07','RR/MM/DD'),75,'LJ303');
Insert into SCHEDULE (S_NO,STIME,ETIME,FLIGHT_NO) values (34,to_date('22/01/08','RR/MM/DD'),75,'LJ303');
Insert into SCHEDULE (S_NO,STIME,ETIME,FLIGHT_NO) values (35,to_date('22/01/09','RR/MM/DD'),75,'LJ303');
Insert into SCHEDULE (S_NO,STIME,ETIME,FLIGHT_NO) values (36,to_date('22/01/03','RR/MM/DD'),70,'LJ401');
Insert into SCHEDULE (S_NO,STIME,ETIME,FLIGHT_NO) values (37,to_date('22/01/06','RR/MM/DD'),70,'LJ401');
Insert into SCHEDULE (S_NO,STIME,ETIME,FLIGHT_NO) values (38,to_date('22/01/07','RR/MM/DD'),70,'LJ401');
Insert into SCHEDULE (S_NO,STIME,ETIME,FLIGHT_NO) values (39,to_date('22/01/08','RR/MM/DD'),70,'LJ401');
Insert into SCHEDULE (S_NO,STIME,ETIME,FLIGHT_NO) values (40,to_date('22/01/09','RR/MM/DD'),70,'LJ401');
Insert into SCHEDULE (S_NO,STIME,ETIME,FLIGHT_NO) values (41,to_date('22/01/03','RR/MM/DD'),75,'LJ309');
Insert into SCHEDULE (S_NO,STIME,ETIME,FLIGHT_NO) values (42,to_date('22/01/04','RR/MM/DD'),75,'LJ309');
Insert into SCHEDULE (S_NO,STIME,ETIME,FLIGHT_NO) values (43,to_date('22/01/05','RR/MM/DD'),75,'LJ309');
Insert into SCHEDULE (S_NO,STIME,ETIME,FLIGHT_NO) values (44,to_date('22/01/06','RR/MM/DD'),75,'LJ309');
Insert into SCHEDULE (S_NO,STIME,ETIME,FLIGHT_NO) values (45,to_date('22/01/07','RR/MM/DD'),75,'LJ309');
Insert into SCHEDULE (S_NO,STIME,ETIME,FLIGHT_NO) values (46,to_date('22/01/08','RR/MM/DD'),75,'LJ309');
Insert into SCHEDULE (S_NO,STIME,ETIME,FLIGHT_NO) values (47,to_date('22/01/09','RR/MM/DD'),75,'LJ309');
Insert into SCHEDULE (S_NO,STIME,ETIME,FLIGHT_NO) values (48,to_date('22/01/03','RR/MM/DD'),70,'LJ307');
Insert into SCHEDULE (S_NO,STIME,ETIME,FLIGHT_NO) values (49,to_date('22/01/04','RR/MM/DD'),70,'LJ307');
Insert into SCHEDULE (S_NO,STIME,ETIME,FLIGHT_NO) values (50,to_date('22/01/05','RR/MM/DD'),70,'LJ307');
Insert into SCHEDULE (S_NO,STIME,ETIME,FLIGHT_NO) values (51,to_date('22/01/06','RR/MM/DD'),70,'LJ307');
Insert into SCHEDULE (S_NO,STIME,ETIME,FLIGHT_NO) values (52,to_date('22/01/07','RR/MM/DD'),70,'LJ427');
Insert into SCHEDULE (S_NO,STIME,ETIME,FLIGHT_NO) values (53,to_date('22/01/08','RR/MM/DD'),70,'LJ427');
Insert into SCHEDULE (S_NO,STIME,ETIME,FLIGHT_NO) values (54,to_date('22/01/09','RR/MM/DD'),70,'LJ427');
Insert into SCHEDULE (S_NO,STIME,ETIME,FLIGHT_NO) values (55,to_date('22/01/03','RR/MM/DD'),70,'LJ311');
Insert into SCHEDULE (S_NO,STIME,ETIME,FLIGHT_NO) values (56,to_date('22/01/04','RR/MM/DD'),70,'LJ311');
Insert into SCHEDULE (S_NO,STIME,ETIME,FLIGHT_NO) values (57,to_date('22/01/05','RR/MM/DD'),70,'LJ311');
Insert into SCHEDULE (S_NO,STIME,ETIME,FLIGHT_NO) values (58,to_date('22/01/06','RR/MM/DD'),70,'LJ311');
Insert into SCHEDULE (S_NO,STIME,ETIME,FLIGHT_NO) values (59,to_date('22/01/07','RR/MM/DD'),70,'LJ311');
Insert into SCHEDULE (S_NO,STIME,ETIME,FLIGHT_NO) values (60,to_date('22/01/08','RR/MM/DD'),70,'LJ311');
Insert into SCHEDULE (S_NO,STIME,ETIME,FLIGHT_NO) values (61,to_date('22/01/09','RR/MM/DD'),70,'LJ311');
Insert into SCHEDULE (S_NO,STIME,ETIME,FLIGHT_NO) values (62,to_date('22/01/03','RR/MM/DD'),75,'LJ305');
Insert into SCHEDULE (S_NO,STIME,ETIME,FLIGHT_NO) values (63,to_date('22/01/04','RR/MM/DD'),75,'LJ305');
Insert into SCHEDULE (S_NO,STIME,ETIME,FLIGHT_NO) values (64,to_date('22/01/05','RR/MM/DD'),75,'LJ305');
Insert into SCHEDULE (S_NO,STIME,ETIME,FLIGHT_NO) values (65,to_date('22/01/06','RR/MM/DD'),75,'LJ305');
Insert into SCHEDULE (S_NO,STIME,ETIME,FLIGHT_NO) values (66,to_date('22/01/07','RR/MM/DD'),75,'LJ305');
Insert into SCHEDULE (S_NO,STIME,ETIME,FLIGHT_NO) values (67,to_date('22/01/08','RR/MM/DD'),75,'LJ305');
Insert into SCHEDULE (S_NO,STIME,ETIME,FLIGHT_NO) values (68,to_date('22/01/09','RR/MM/DD'),75,'LJ305');
Insert into SCHEDULE (S_NO,STIME,ETIME,FLIGHT_NO) values (69,to_date('22/01/03','RR/MM/DD'),75,'LJ315');
Insert into SCHEDULE (S_NO,STIME,ETIME,FLIGHT_NO) values (70,to_date('22/01/04','RR/MM/DD'),75,'LJ315');
Insert into SCHEDULE (S_NO,STIME,ETIME,FLIGHT_NO) values (71,to_date('22/01/05','RR/MM/DD'),75,'LJ315');
Insert into SCHEDULE (S_NO,STIME,ETIME,FLIGHT_NO) values (72,to_date('22/01/06','RR/MM/DD'),75,'LJ315');
Insert into SCHEDULE (S_NO,STIME,ETIME,FLIGHT_NO) values (73,to_date('22/01/07','RR/MM/DD'),75,'LJ315');
Insert into SCHEDULE (S_NO,STIME,ETIME,FLIGHT_NO) values (74,to_date('22/01/03','RR/MM/DD'),75,'LJ317');
Insert into SCHEDULE (S_NO,STIME,ETIME,FLIGHT_NO) values (75,to_date('22/01/04','RR/MM/DD'),75,'LJ317');
Insert into SCHEDULE (S_NO,STIME,ETIME,FLIGHT_NO) values (76,to_date('22/01/05','RR/MM/DD'),75,'LJ317');
Insert into SCHEDULE (S_NO,STIME,ETIME,FLIGHT_NO) values (77,to_date('22/01/06','RR/MM/DD'),75,'LJ317');
Insert into SCHEDULE (S_NO,STIME,ETIME,FLIGHT_NO) values (78,to_date('22/01/07','RR/MM/DD'),75,'LJ317');
Insert into SCHEDULE (S_NO,STIME,ETIME,FLIGHT_NO) values (79,to_date('22/01/08','RR/MM/DD'),75,'LJ317');
Insert into SCHEDULE (S_NO,STIME,ETIME,FLIGHT_NO) values (80,to_date('22/01/09','RR/MM/DD'),75,'LJ317');
Insert into SCHEDULE (S_NO,STIME,ETIME,FLIGHT_NO) values (81,to_date('22/01/08','RR/MM/DD'),70,'LJ417');
Insert into SCHEDULE (S_NO,STIME,ETIME,FLIGHT_NO) values (82,to_date('22/01/03','RR/MM/DD'),75,'LJ323');
Insert into SCHEDULE (S_NO,STIME,ETIME,FLIGHT_NO) values (83,to_date('22/01/04','RR/MM/DD'),75,'LJ323');
Insert into SCHEDULE (S_NO,STIME,ETIME,FLIGHT_NO) values (84,to_date('22/01/05','RR/MM/DD'),75,'LJ323');
Insert into SCHEDULE (S_NO,STIME,ETIME,FLIGHT_NO) values (85,to_date('22/01/06','RR/MM/DD'),75,'LJ323');
Insert into SCHEDULE (S_NO,STIME,ETIME,FLIGHT_NO) values (86,to_date('22/01/07','RR/MM/DD'),75,'LJ323');
Insert into SCHEDULE (S_NO,STIME,ETIME,FLIGHT_NO) values (87,to_date('22/01/03','RR/MM/DD'),70,'LJ325');
Insert into SCHEDULE (S_NO,STIME,ETIME,FLIGHT_NO) values (88,to_date('22/01/04','RR/MM/DD'),70,'LJ325');
Insert into SCHEDULE (S_NO,STIME,ETIME,FLIGHT_NO) values (89,to_date('22/01/05','RR/MM/DD'),70,'LJ325');
Insert into SCHEDULE (S_NO,STIME,ETIME,FLIGHT_NO) values (90,to_date('22/01/06','RR/MM/DD'),70,'LJ325');
Insert into SCHEDULE (S_NO,STIME,ETIME,FLIGHT_NO) values (91,to_date('22/01/07','RR/MM/DD'),70,'LJ325');
Insert into SCHEDULE (S_NO,STIME,ETIME,FLIGHT_NO) values (92,to_date('22/01/08','RR/MM/DD'),70,'LJ325');
Insert into SCHEDULE (S_NO,STIME,ETIME,FLIGHT_NO) values (93,to_date('22/01/09','RR/MM/DD'),70,'LJ325');
Insert into SCHEDULE (S_NO,STIME,ETIME,FLIGHT_NO) values (94,to_date('22/01/03','RR/MM/DD'),75,'LJ411');
Insert into SCHEDULE (S_NO,STIME,ETIME,FLIGHT_NO) values (95,to_date('22/01/06','RR/MM/DD'),75,'LJ411');
Insert into SCHEDULE (S_NO,STIME,ETIME,FLIGHT_NO) values (96,to_date('22/01/08','RR/MM/DD'),75,'LJ411');
Insert into SCHEDULE (S_NO,STIME,ETIME,FLIGHT_NO) values (97,to_date('22/01/09','RR/MM/DD'),75,'LJ411');
Insert into SCHEDULE (S_NO,STIME,ETIME,FLIGHT_NO) values (98,to_date('22/01/03','RR/MM/DD'),70,'LJ331');
Insert into SCHEDULE (S_NO,STIME,ETIME,FLIGHT_NO) values (99,to_date('22/01/04','RR/MM/DD'),70,'LJ331');
Insert into SCHEDULE (S_NO,STIME,ETIME,FLIGHT_NO) values (100,to_date('22/01/05','RR/MM/DD'),70,'LJ331');
Insert into SCHEDULE (S_NO,STIME,ETIME,FLIGHT_NO) values (101,to_date('22/01/06','RR/MM/DD'),70,'LJ331');
Insert into SCHEDULE (S_NO,STIME,ETIME,FLIGHT_NO) values (102,to_date('22/01/07','RR/MM/DD'),70,'LJ331');
Insert into SCHEDULE (S_NO,STIME,ETIME,FLIGHT_NO) values (103,to_date('22/01/08','RR/MM/DD'),70,'LJ331');
Insert into SCHEDULE (S_NO,STIME,ETIME,FLIGHT_NO) values (104,to_date('22/01/09','RR/MM/DD'),70,'LJ331');
Insert into SCHEDULE (S_NO,STIME,ETIME,FLIGHT_NO) values (105,to_date('22/01/03','RR/MM/DD'),75,'LJ329');
Insert into SCHEDULE (S_NO,STIME,ETIME,FLIGHT_NO) values (106,to_date('22/01/04','RR/MM/DD'),75,'LJ329');
Insert into SCHEDULE (S_NO,STIME,ETIME,FLIGHT_NO) values (107,to_date('22/01/05','RR/MM/DD'),75,'LJ329');
Insert into SCHEDULE (S_NO,STIME,ETIME,FLIGHT_NO) values (108,to_date('22/01/06','RR/MM/DD'),75,'LJ329');
Insert into SCHEDULE (S_NO,STIME,ETIME,FLIGHT_NO) values (109,to_date('22/01/07','RR/MM/DD'),75,'LJ329');
Insert into SCHEDULE (S_NO,STIME,ETIME,FLIGHT_NO) values (110,to_date('22/01/08','RR/MM/DD'),75,'LJ329');
Insert into SCHEDULE (S_NO,STIME,ETIME,FLIGHT_NO) values (111,to_date('22/01/09','RR/MM/DD'),75,'LJ329');
Insert into SCHEDULE (S_NO,STIME,ETIME,FLIGHT_NO) values (112,to_date('22/01/07','RR/MM/DD'),70,'LJ421');
Insert into SCHEDULE (S_NO,STIME,ETIME,FLIGHT_NO) values (113,to_date('22/01/08','RR/MM/DD'),70,'LJ421');
Insert into SCHEDULE (S_NO,STIME,ETIME,FLIGHT_NO) values (114,to_date('22/01/09','RR/MM/DD'),70,'LJ421');
Insert into SCHEDULE (S_NO,STIME,ETIME,FLIGHT_NO) values (115,to_date('22/01/10','RR/MM/DD'),75,'LJ423');
Insert into SCHEDULE (S_NO,STIME,ETIME,FLIGHT_NO) values (116,to_date('22/01/13','RR/MM/DD'),75,'LJ423');
Insert into SCHEDULE (S_NO,STIME,ETIME,FLIGHT_NO) values (117,to_date('22/01/10','RR/MM/DD'),75,'LJ303');
Insert into SCHEDULE (S_NO,STIME,ETIME,FLIGHT_NO) values (118,to_date('22/01/11','RR/MM/DD'),75,'LJ303');
Insert into SCHEDULE (S_NO,STIME,ETIME,FLIGHT_NO) values (119,to_date('22/01/12','RR/MM/DD'),75,'LJ303');
Insert into SCHEDULE (S_NO,STIME,ETIME,FLIGHT_NO) values (120,to_date('22/01/13','RR/MM/DD'),75,'LJ303');
Insert into SCHEDULE (S_NO,STIME,ETIME,FLIGHT_NO) values (121,to_date('22/01/14','RR/MM/DD'),75,'LJ303');
Insert into SCHEDULE (S_NO,STIME,ETIME,FLIGHT_NO) values (122,to_date('22/01/15','RR/MM/DD'),75,'LJ303');
Insert into SCHEDULE (S_NO,STIME,ETIME,FLIGHT_NO) values (123,to_date('22/01/16','RR/MM/DD'),75,'LJ303');
Insert into SCHEDULE (S_NO,STIME,ETIME,FLIGHT_NO) values (124,to_date('22/01/10','RR/MM/DD'),70,'LJ401');
Insert into SCHEDULE (S_NO,STIME,ETIME,FLIGHT_NO) values (125,to_date('22/01/13','RR/MM/DD'),70,'LJ401');
Insert into SCHEDULE (S_NO,STIME,ETIME,FLIGHT_NO) values (126,to_date('22/01/14','RR/MM/DD'),70,'LJ401');
Insert into SCHEDULE (S_NO,STIME,ETIME,FLIGHT_NO) values (127,to_date('22/01/15','RR/MM/DD'),70,'LJ401');
Insert into SCHEDULE (S_NO,STIME,ETIME,FLIGHT_NO) values (128,to_date('22/01/16','RR/MM/DD'),70,'LJ401');
Insert into SCHEDULE (S_NO,STIME,ETIME,FLIGHT_NO) values (129,to_date('22/01/10','RR/MM/DD'),75,'LJ309');
Insert into SCHEDULE (S_NO,STIME,ETIME,FLIGHT_NO) values (130,to_date('22/01/11','RR/MM/DD'),75,'LJ309');
Insert into SCHEDULE (S_NO,STIME,ETIME,FLIGHT_NO) values (131,to_date('22/01/12','RR/MM/DD'),75,'LJ309');
Insert into SCHEDULE (S_NO,STIME,ETIME,FLIGHT_NO) values (132,to_date('22/01/13','RR/MM/DD'),75,'LJ309');
Insert into SCHEDULE (S_NO,STIME,ETIME,FLIGHT_NO) values (133,to_date('22/01/14','RR/MM/DD'),75,'LJ309');
Insert into SCHEDULE (S_NO,STIME,ETIME,FLIGHT_NO) values (134,to_date('22/01/15','RR/MM/DD'),75,'LJ309');
Insert into SCHEDULE (S_NO,STIME,ETIME,FLIGHT_NO) values (135,to_date('22/01/16','RR/MM/DD'),75,'LJ309');
Insert into SCHEDULE (S_NO,STIME,ETIME,FLIGHT_NO) values (136,to_date('22/01/10','RR/MM/DD'),70,'LJ307');
Insert into SCHEDULE (S_NO,STIME,ETIME,FLIGHT_NO) values (137,to_date('22/01/11','RR/MM/DD'),70,'LJ307');
Insert into SCHEDULE (S_NO,STIME,ETIME,FLIGHT_NO) values (138,to_date('22/01/12','RR/MM/DD'),70,'LJ307');
Insert into SCHEDULE (S_NO,STIME,ETIME,FLIGHT_NO) values (139,to_date('22/01/13','RR/MM/DD'),70,'LJ307');
Insert into SCHEDULE (S_NO,STIME,ETIME,FLIGHT_NO) values (140,to_date('22/01/10','RR/MM/DD'),70,'LJ311');
Insert into SCHEDULE (S_NO,STIME,ETIME,FLIGHT_NO) values (141,to_date('22/01/11','RR/MM/DD'),70,'LJ311');
Insert into SCHEDULE (S_NO,STIME,ETIME,FLIGHT_NO) values (142,to_date('22/01/12','RR/MM/DD'),70,'LJ311');
Insert into SCHEDULE (S_NO,STIME,ETIME,FLIGHT_NO) values (143,to_date('22/01/13','RR/MM/DD'),70,'LJ311');
Insert into SCHEDULE (S_NO,STIME,ETIME,FLIGHT_NO) values (144,to_date('22/01/14','RR/MM/DD'),70,'LJ311');
Insert into SCHEDULE (S_NO,STIME,ETIME,FLIGHT_NO) values (145,to_date('22/01/15','RR/MM/DD'),70,'LJ311');
Insert into SCHEDULE (S_NO,STIME,ETIME,FLIGHT_NO) values (146,to_date('22/01/16','RR/MM/DD'),70,'LJ311');
Insert into SCHEDULE (S_NO,STIME,ETIME,FLIGHT_NO) values (147,to_date('22/01/10','RR/MM/DD'),75,'LJ305');
Insert into SCHEDULE (S_NO,STIME,ETIME,FLIGHT_NO) values (148,to_date('22/01/11','RR/MM/DD'),75,'LJ305');
Insert into SCHEDULE (S_NO,STIME,ETIME,FLIGHT_NO) values (149,to_date('22/01/12','RR/MM/DD'),75,'LJ305');
Insert into SCHEDULE (S_NO,STIME,ETIME,FLIGHT_NO) values (150,to_date('22/01/13','RR/MM/DD'),75,'LJ305');
Insert into SCHEDULE (S_NO,STIME,ETIME,FLIGHT_NO) values (151,to_date('22/01/14','RR/MM/DD'),75,'LJ305');
Insert into SCHEDULE (S_NO,STIME,ETIME,FLIGHT_NO) values (152,to_date('22/01/15','RR/MM/DD'),75,'LJ305');
Insert into SCHEDULE (S_NO,STIME,ETIME,FLIGHT_NO) values (153,to_date('22/01/16','RR/MM/DD'),75,'LJ305');
Insert into SCHEDULE (S_NO,STIME,ETIME,FLIGHT_NO) values (154,to_date('22/01/10','RR/MM/DD'),75,'LJ315');
Insert into SCHEDULE (S_NO,STIME,ETIME,FLIGHT_NO) values (155,to_date('22/01/11','RR/MM/DD'),75,'LJ315');
Insert into SCHEDULE (S_NO,STIME,ETIME,FLIGHT_NO) values (156,to_date('22/01/12','RR/MM/DD'),75,'LJ315');
Insert into SCHEDULE (S_NO,STIME,ETIME,FLIGHT_NO) values (157,to_date('22/01/13','RR/MM/DD'),75,'LJ315');
Insert into SCHEDULE (S_NO,STIME,ETIME,FLIGHT_NO) values (158,to_date('22/01/14','RR/MM/DD'),75,'LJ315');
Insert into SCHEDULE (S_NO,STIME,ETIME,FLIGHT_NO) values (159,to_date('22/01/10','RR/MM/DD'),75,'LJ317');
Insert into SCHEDULE (S_NO,STIME,ETIME,FLIGHT_NO) values (160,to_date('22/01/11','RR/MM/DD'),75,'LJ317');
Insert into SCHEDULE (S_NO,STIME,ETIME,FLIGHT_NO) values (161,to_date('22/01/12','RR/MM/DD'),75,'LJ317');
Insert into SCHEDULE (S_NO,STIME,ETIME,FLIGHT_NO) values (162,to_date('22/01/13','RR/MM/DD'),75,'LJ317');
Insert into SCHEDULE (S_NO,STIME,ETIME,FLIGHT_NO) values (163,to_date('22/01/14','RR/MM/DD'),75,'LJ317');
Insert into SCHEDULE (S_NO,STIME,ETIME,FLIGHT_NO) values (164,to_date('22/01/15','RR/MM/DD'),75,'LJ317');
Insert into SCHEDULE (S_NO,STIME,ETIME,FLIGHT_NO) values (165,to_date('22/01/16','RR/MM/DD'),75,'LJ317');
Insert into SCHEDULE (S_NO,STIME,ETIME,FLIGHT_NO) values (166,to_date('22/01/10','RR/MM/DD'),75,'LJ323');
Insert into SCHEDULE (S_NO,STIME,ETIME,FLIGHT_NO) values (167,to_date('22/01/11','RR/MM/DD'),75,'LJ323');
Insert into SCHEDULE (S_NO,STIME,ETIME,FLIGHT_NO) values (168,to_date('22/01/12','RR/MM/DD'),75,'LJ323');
Insert into SCHEDULE (S_NO,STIME,ETIME,FLIGHT_NO) values (169,to_date('22/01/13','RR/MM/DD'),75,'LJ323');
Insert into SCHEDULE (S_NO,STIME,ETIME,FLIGHT_NO) values (170,to_date('22/01/14','RR/MM/DD'),75,'LJ323');
Insert into SCHEDULE (S_NO,STIME,ETIME,FLIGHT_NO) values (171,to_date('22/01/10','RR/MM/DD'),70,'LJ325');
Insert into SCHEDULE (S_NO,STIME,ETIME,FLIGHT_NO) values (172,to_date('22/01/11','RR/MM/DD'),70,'LJ325');
Insert into SCHEDULE (S_NO,STIME,ETIME,FLIGHT_NO) values (173,to_date('22/01/12','RR/MM/DD'),70,'LJ325');
Insert into SCHEDULE (S_NO,STIME,ETIME,FLIGHT_NO) values (174,to_date('22/01/13','RR/MM/DD'),70,'LJ325');
Insert into SCHEDULE (S_NO,STIME,ETIME,FLIGHT_NO) values (175,to_date('22/01/14','RR/MM/DD'),70,'LJ325');
Insert into SCHEDULE (S_NO,STIME,ETIME,FLIGHT_NO) values (176,to_date('22/01/15','RR/MM/DD'),70,'LJ325');
Insert into SCHEDULE (S_NO,STIME,ETIME,FLIGHT_NO) values (177,to_date('22/01/16','RR/MM/DD'),70,'LJ325');
Insert into SCHEDULE (S_NO,STIME,ETIME,FLIGHT_NO) values (178,to_date('22/01/10','RR/MM/DD'),75,'LJ411');
Insert into SCHEDULE (S_NO,STIME,ETIME,FLIGHT_NO) values (179,to_date('22/01/13','RR/MM/DD'),75,'LJ411');
Insert into SCHEDULE (S_NO,STIME,ETIME,FLIGHT_NO) values (180,to_date('22/01/14','RR/MM/DD'),75,'LJ411');
Insert into SCHEDULE (S_NO,STIME,ETIME,FLIGHT_NO) values (181,to_date('22/01/15','RR/MM/DD'),75,'LJ411');
Insert into SCHEDULE (S_NO,STIME,ETIME,FLIGHT_NO) values (182,to_date('22/01/10','RR/MM/DD'),70,'LJ331');
Insert into SCHEDULE (S_NO,STIME,ETIME,FLIGHT_NO) values (183,to_date('22/01/11','RR/MM/DD'),70,'LJ331');
Insert into SCHEDULE (S_NO,STIME,ETIME,FLIGHT_NO) values (184,to_date('22/01/12','RR/MM/DD'),70,'LJ331');
Insert into SCHEDULE (S_NO,STIME,ETIME,FLIGHT_NO) values (185,to_date('22/01/13','RR/MM/DD'),70,'LJ331');
Insert into SCHEDULE (S_NO,STIME,ETIME,FLIGHT_NO) values (186,to_date('22/01/14','RR/MM/DD'),70,'LJ331');
Insert into SCHEDULE (S_NO,STIME,ETIME,FLIGHT_NO) values (187,to_date('22/01/15','RR/MM/DD'),70,'LJ331');
Insert into SCHEDULE (S_NO,STIME,ETIME,FLIGHT_NO) values (188,to_date('22/01/16','RR/MM/DD'),70,'LJ331');
Insert into SCHEDULE (S_NO,STIME,ETIME,FLIGHT_NO) values (189,to_date('22/01/10','RR/MM/DD'),75,'LJ329');
Insert into SCHEDULE (S_NO,STIME,ETIME,FLIGHT_NO) values (190,to_date('22/01/11','RR/MM/DD'),75,'LJ329');
Insert into SCHEDULE (S_NO,STIME,ETIME,FLIGHT_NO) values (191,to_date('22/01/12','RR/MM/DD'),75,'LJ329');
Insert into SCHEDULE (S_NO,STIME,ETIME,FLIGHT_NO) values (192,to_date('22/01/13','RR/MM/DD'),75,'LJ329');
Insert into SCHEDULE (S_NO,STIME,ETIME,FLIGHT_NO) values (193,to_date('22/01/14','RR/MM/DD'),75,'LJ329');
Insert into SCHEDULE (S_NO,STIME,ETIME,FLIGHT_NO) values (194,to_date('22/01/15','RR/MM/DD'),75,'LJ329');
Insert into SCHEDULE (S_NO,STIME,ETIME,FLIGHT_NO) values (195,to_date('22/01/16','RR/MM/DD'),75,'LJ329');
Insert into SCHEDULE (S_NO,STIME,ETIME,FLIGHT_NO) values (196,to_date('22/01/12','RR/MM/DD'),70,'LJ421');
Insert into SCHEDULE (S_NO,STIME,ETIME,FLIGHT_NO) values (197,to_date('22/01/14','RR/MM/DD'),70,'LJ421');
Insert into SCHEDULE (S_NO,STIME,ETIME,FLIGHT_NO) values (843,to_date('22/01/30','RR/MM/DD'),60,'LJ501');
Insert into SCHEDULE (S_NO,STIME,ETIME,FLIGHT_NO) values (844,to_date('22/01/24','RR/MM/DD'),60,'LJ503');
Insert into SCHEDULE (S_NO,STIME,ETIME,FLIGHT_NO) values (845,to_date('22/01/25','RR/MM/DD'),60,'LJ503');
Insert into SCHEDULE (S_NO,STIME,ETIME,FLIGHT_NO) values (846,to_date('22/01/26','RR/MM/DD'),60,'LJ503');
Insert into SCHEDULE (S_NO,STIME,ETIME,FLIGHT_NO) values (847,to_date('22/01/27','RR/MM/DD'),60,'LJ503');
Insert into SCHEDULE (S_NO,STIME,ETIME,FLIGHT_NO) values (848,to_date('22/01/28','RR/MM/DD'),60,'LJ503');
Insert into SCHEDULE (S_NO,STIME,ETIME,FLIGHT_NO) values (849,to_date('22/01/29','RR/MM/DD'),60,'LJ503');
Insert into SCHEDULE (S_NO,STIME,ETIME,FLIGHT_NO) values (850,to_date('22/01/30','RR/MM/DD'),60,'LJ503');
Insert into SCHEDULE (S_NO,STIME,ETIME,FLIGHT_NO) values (851,to_date('22/01/30','RR/MM/DD'),55,'LJ509');
Insert into SCHEDULE (S_NO,STIME,ETIME,FLIGHT_NO) values (852,to_date('22/01/26','RR/MM/DD'),65,'LJ509');
Insert into SCHEDULE (S_NO,STIME,ETIME,FLIGHT_NO) values (853,to_date('22/01/29','RR/MM/DD'),65,'LJ509');
Insert into SCHEDULE (S_NO,STIME,ETIME,FLIGHT_NO) values (854,to_date('22/01/24','RR/MM/DD'),65,'LJ509');
Insert into SCHEDULE (S_NO,STIME,ETIME,FLIGHT_NO) values (855,to_date('22/01/25','RR/MM/DD'),65,'LJ509');
Insert into SCHEDULE (S_NO,STIME,ETIME,FLIGHT_NO) values (856,to_date('22/01/24','RR/MM/DD'),60,'LJ505');
Insert into SCHEDULE (S_NO,STIME,ETIME,FLIGHT_NO) values (857,to_date('22/01/25','RR/MM/DD'),60,'LJ505');
Insert into SCHEDULE (S_NO,STIME,ETIME,FLIGHT_NO) values (858,to_date('22/01/26','RR/MM/DD'),60,'LJ505');
Insert into SCHEDULE (S_NO,STIME,ETIME,FLIGHT_NO) values (859,to_date('22/01/27','RR/MM/DD'),60,'LJ505');
Insert into SCHEDULE (S_NO,STIME,ETIME,FLIGHT_NO) values (860,to_date('22/01/29','RR/MM/DD'),60,'LJ505');
Insert into SCHEDULE (S_NO,STIME,ETIME,FLIGHT_NO) values (861,to_date('22/01/30','RR/MM/DD'),60,'LJ505');
Insert into SCHEDULE (S_NO,STIME,ETIME,FLIGHT_NO) values (862,to_date('22/01/24','RR/MM/DD'),60,'LJ507');
Insert into SCHEDULE (S_NO,STIME,ETIME,FLIGHT_NO) values (863,to_date('22/01/25','RR/MM/DD'),60,'LJ507');
Insert into SCHEDULE (S_NO,STIME,ETIME,FLIGHT_NO) values (864,to_date('22/01/26','RR/MM/DD'),60,'LJ507');
Insert into SCHEDULE (S_NO,STIME,ETIME,FLIGHT_NO) values (865,to_date('22/01/27','RR/MM/DD'),60,'LJ507');
Insert into SCHEDULE (S_NO,STIME,ETIME,FLIGHT_NO) values (866,to_date('22/01/28','RR/MM/DD'),60,'LJ507');
Insert into SCHEDULE (S_NO,STIME,ETIME,FLIGHT_NO) values (867,to_date('22/01/29','RR/MM/DD'),60,'LJ507');
Insert into SCHEDULE (S_NO,STIME,ETIME,FLIGHT_NO) values (868,to_date('22/01/30','RR/MM/DD'),60,'LJ507');
Insert into SCHEDULE (S_NO,STIME,ETIME,FLIGHT_NO) values (869,to_date('22/01/29','RR/MM/DD'),60,'LJ511');
Insert into SCHEDULE (S_NO,STIME,ETIME,FLIGHT_NO) values (870,to_date('22/01/30','RR/MM/DD'),60,'LJ511');
Insert into SCHEDULE (S_NO,STIME,ETIME,FLIGHT_NO) values (871,to_date('22/01/01','RR/MM/DD'),60,'LJ502');
Insert into SCHEDULE (S_NO,STIME,ETIME,FLIGHT_NO) values (872,to_date('22/01/01','RR/MM/DD'),60,'LJ504');
Insert into SCHEDULE (S_NO,STIME,ETIME,FLIGHT_NO) values (873,to_date('22/01/01','RR/MM/DD'),60,'LJ510');
Insert into SCHEDULE (S_NO,STIME,ETIME,FLIGHT_NO) values (874,to_date('22/01/01','RR/MM/DD'),60,'LJ506');
Insert into SCHEDULE (S_NO,STIME,ETIME,FLIGHT_NO) values (875,to_date('22/01/01','RR/MM/DD'),60,'LJ508');
Insert into SCHEDULE (S_NO,STIME,ETIME,FLIGHT_NO) values (876,to_date('22/01/02','RR/MM/DD'),60,'LJ502');
Insert into SCHEDULE (S_NO,STIME,ETIME,FLIGHT_NO) values (877,to_date('22/01/02','RR/MM/DD'),60,'LJ504');
Insert into SCHEDULE (S_NO,STIME,ETIME,FLIGHT_NO) values (878,to_date('22/01/02','RR/MM/DD'),55,'LJ510');
Insert into SCHEDULE (S_NO,STIME,ETIME,FLIGHT_NO) values (879,to_date('22/01/02','RR/MM/DD'),60,'LJ506');
Insert into SCHEDULE (S_NO,STIME,ETIME,FLIGHT_NO) values (880,to_date('22/01/02','RR/MM/DD'),60,'LJ508');
Insert into SCHEDULE (S_NO,STIME,ETIME,FLIGHT_NO) values (881,to_date('22/01/02','RR/MM/DD'),60,'LJ512');
Insert into SCHEDULE (S_NO,STIME,ETIME,FLIGHT_NO) values (882,to_date('22/01/03','RR/MM/DD'),60,'LJ502');
Insert into SCHEDULE (S_NO,STIME,ETIME,FLIGHT_NO) values (883,to_date('22/01/07','RR/MM/DD'),60,'LJ502');
Insert into SCHEDULE (S_NO,STIME,ETIME,FLIGHT_NO) values (884,to_date('22/01/08','RR/MM/DD'),60,'LJ502');
Insert into SCHEDULE (S_NO,STIME,ETIME,FLIGHT_NO) values (885,to_date('22/01/09','RR/MM/DD'),60,'LJ502');
Insert into SCHEDULE (S_NO,STIME,ETIME,FLIGHT_NO) values (886,to_date('22/01/03','RR/MM/DD'),60,'LJ504');
Insert into SCHEDULE (S_NO,STIME,ETIME,FLIGHT_NO) values (887,to_date('22/01/04','RR/MM/DD'),60,'LJ504');
Insert into SCHEDULE (S_NO,STIME,ETIME,FLIGHT_NO) values (888,to_date('22/01/05','RR/MM/DD'),60,'LJ504');
Insert into SCHEDULE (S_NO,STIME,ETIME,FLIGHT_NO) values (889,to_date('22/01/06','RR/MM/DD'),60,'LJ504');
Insert into SCHEDULE (S_NO,STIME,ETIME,FLIGHT_NO) values (890,to_date('22/01/07','RR/MM/DD'),60,'LJ504');
Insert into SCHEDULE (S_NO,STIME,ETIME,FLIGHT_NO) values (891,to_date('22/01/08','RR/MM/DD'),60,'LJ504');
Insert into SCHEDULE (S_NO,STIME,ETIME,FLIGHT_NO) values (892,to_date('22/01/09','RR/MM/DD'),60,'LJ504');
Insert into SCHEDULE (S_NO,STIME,ETIME,FLIGHT_NO) values (893,to_date('22/01/09','RR/MM/DD'),65,'LJ510');
Insert into SCHEDULE (S_NO,STIME,ETIME,FLIGHT_NO) values (894,to_date('22/01/08','RR/MM/DD'),60,'LJ510');
Insert into SCHEDULE (S_NO,STIME,ETIME,FLIGHT_NO) values (895,to_date('22/01/04','RR/MM/DD'),60,'LJ506');
Insert into SCHEDULE (S_NO,STIME,ETIME,FLIGHT_NO) values (896,to_date('22/01/08','RR/MM/DD'),60,'LJ506');
Insert into SCHEDULE (S_NO,STIME,ETIME,FLIGHT_NO) values (897,to_date('22/01/09','RR/MM/DD'),60,'LJ506');
Insert into SCHEDULE (S_NO,STIME,ETIME,FLIGHT_NO) values (898,to_date('22/01/03','RR/MM/DD'),55,'LJ506');
Insert into SCHEDULE (S_NO,STIME,ETIME,FLIGHT_NO) values (899,to_date('22/01/05','RR/MM/DD'),55,'LJ506');
Insert into SCHEDULE (S_NO,STIME,ETIME,FLIGHT_NO) values (900,to_date('22/01/06','RR/MM/DD'),55,'LJ506');
Insert into SCHEDULE (S_NO,STIME,ETIME,FLIGHT_NO) values (901,to_date('22/01/03','RR/MM/DD'),60,'LJ508');
Insert into SCHEDULE (S_NO,STIME,ETIME,FLIGHT_NO) values (902,to_date('22/01/04','RR/MM/DD'),60,'LJ508');
Insert into SCHEDULE (S_NO,STIME,ETIME,FLIGHT_NO) values (903,to_date('22/01/05','RR/MM/DD'),60,'LJ508');
Insert into SCHEDULE (S_NO,STIME,ETIME,FLIGHT_NO) values (904,to_date('22/01/06','RR/MM/DD'),60,'LJ508');
Insert into SCHEDULE (S_NO,STIME,ETIME,FLIGHT_NO) values (905,to_date('22/01/07','RR/MM/DD'),60,'LJ508');
Insert into SCHEDULE (S_NO,STIME,ETIME,FLIGHT_NO) values (906,to_date('22/01/08','RR/MM/DD'),60,'LJ508');
Insert into SCHEDULE (S_NO,STIME,ETIME,FLIGHT_NO) values (907,to_date('22/01/09','RR/MM/DD'),60,'LJ508');
Insert into SCHEDULE (S_NO,STIME,ETIME,FLIGHT_NO) values (908,to_date('22/01/09','RR/MM/DD'),60,'LJ512');
Insert into SCHEDULE (S_NO,STIME,ETIME,FLIGHT_NO) values (909,to_date('22/01/10','RR/MM/DD'),60,'LJ502');
Insert into SCHEDULE (S_NO,STIME,ETIME,FLIGHT_NO) values (910,to_date('22/01/12','RR/MM/DD'),60,'LJ502');
Insert into SCHEDULE (S_NO,STIME,ETIME,FLIGHT_NO) values (911,to_date('22/01/14','RR/MM/DD'),60,'LJ502');
Insert into SCHEDULE (S_NO,STIME,ETIME,FLIGHT_NO) values (912,to_date('22/01/15','RR/MM/DD'),60,'LJ502');
Insert into SCHEDULE (S_NO,STIME,ETIME,FLIGHT_NO) values (913,to_date('22/01/16','RR/MM/DD'),60,'LJ502');
Insert into SCHEDULE (S_NO,STIME,ETIME,FLIGHT_NO) values (914,to_date('22/01/10','RR/MM/DD'),60,'LJ504');
Insert into SCHEDULE (S_NO,STIME,ETIME,FLIGHT_NO) values (915,to_date('22/01/11','RR/MM/DD'),60,'LJ504');
Insert into SCHEDULE (S_NO,STIME,ETIME,FLIGHT_NO) values (916,to_date('22/01/13','RR/MM/DD'),60,'LJ504');
Insert into SCHEDULE (S_NO,STIME,ETIME,FLIGHT_NO) values (917,to_date('22/01/14','RR/MM/DD'),60,'LJ504');
Insert into SCHEDULE (S_NO,STIME,ETIME,FLIGHT_NO) values (918,to_date('22/01/15','RR/MM/DD'),60,'LJ504');
Insert into SCHEDULE (S_NO,STIME,ETIME,FLIGHT_NO) values (919,to_date('22/01/16','RR/MM/DD'),60,'LJ504');
Insert into SCHEDULE (S_NO,STIME,ETIME,FLIGHT_NO) values (920,to_date('22/01/16','RR/MM/DD'),65,'LJ510');
Insert into SCHEDULE (S_NO,STIME,ETIME,FLIGHT_NO) values (921,to_date('22/01/12','RR/MM/DD'),60,'LJ510');
Insert into SCHEDULE (S_NO,STIME,ETIME,FLIGHT_NO) values (922,to_date('22/01/15','RR/MM/DD'),60,'LJ510');
Insert into SCHEDULE (S_NO,STIME,ETIME,FLIGHT_NO) values (923,to_date('22/01/10','RR/MM/DD'),60,'LJ510');
Insert into SCHEDULE (S_NO,STIME,ETIME,FLIGHT_NO) values (924,to_date('22/01/11','RR/MM/DD'),60,'LJ510');
Insert into SCHEDULE (S_NO,STIME,ETIME,FLIGHT_NO) values (925,to_date('22/01/11','RR/MM/DD'),60,'LJ506');
Insert into SCHEDULE (S_NO,STIME,ETIME,FLIGHT_NO) values (926,to_date('22/01/15','RR/MM/DD'),60,'LJ506');
Insert into SCHEDULE (S_NO,STIME,ETIME,FLIGHT_NO) values (927,to_date('22/01/16','RR/MM/DD'),60,'LJ506');
Insert into SCHEDULE (S_NO,STIME,ETIME,FLIGHT_NO) values (928,to_date('22/01/10','RR/MM/DD'),55,'LJ506');
Insert into SCHEDULE (S_NO,STIME,ETIME,FLIGHT_NO) values (929,to_date('22/01/12','RR/MM/DD'),55,'LJ506');
Insert into SCHEDULE (S_NO,STIME,ETIME,FLIGHT_NO) values (930,to_date('22/01/13','RR/MM/DD'),55,'LJ506');
Insert into SCHEDULE (S_NO,STIME,ETIME,FLIGHT_NO) values (931,to_date('22/01/10','RR/MM/DD'),60,'LJ508');
Insert into SCHEDULE (S_NO,STIME,ETIME,FLIGHT_NO) values (932,to_date('22/01/11','RR/MM/DD'),60,'LJ508');
Insert into SCHEDULE (S_NO,STIME,ETIME,FLIGHT_NO) values (933,to_date('22/01/12','RR/MM/DD'),60,'LJ508');
Insert into SCHEDULE (S_NO,STIME,ETIME,FLIGHT_NO) values (934,to_date('22/01/13','RR/MM/DD'),60,'LJ508');
Insert into SCHEDULE (S_NO,STIME,ETIME,FLIGHT_NO) values (935,to_date('22/01/14','RR/MM/DD'),60,'LJ508');
Insert into SCHEDULE (S_NO,STIME,ETIME,FLIGHT_NO) values (936,to_date('22/01/15','RR/MM/DD'),60,'LJ508');
Insert into SCHEDULE (S_NO,STIME,ETIME,FLIGHT_NO) values (937,to_date('22/01/16','RR/MM/DD'),60,'LJ508');
Insert into SCHEDULE (S_NO,STIME,ETIME,FLIGHT_NO) values (938,to_date('22/01/14','RR/MM/DD'),60,'LJ512');
Insert into SCHEDULE (S_NO,STIME,ETIME,FLIGHT_NO) values (939,to_date('22/01/16','RR/MM/DD'),60,'LJ512');
Insert into SCHEDULE (S_NO,STIME,ETIME,FLIGHT_NO) values (940,to_date('22/01/17','RR/MM/DD'),60,'LJ502');
Insert into SCHEDULE (S_NO,STIME,ETIME,FLIGHT_NO) values (941,to_date('22/01/21','RR/MM/DD'),60,'LJ502');
Insert into SCHEDULE (S_NO,STIME,ETIME,FLIGHT_NO) values (942,to_date('22/01/22','RR/MM/DD'),60,'LJ502');
Insert into SCHEDULE (S_NO,STIME,ETIME,FLIGHT_NO) values (943,to_date('22/01/23','RR/MM/DD'),60,'LJ502');
Insert into SCHEDULE (S_NO,STIME,ETIME,FLIGHT_NO) values (944,to_date('22/01/17','RR/MM/DD'),60,'LJ504');
Insert into SCHEDULE (S_NO,STIME,ETIME,FLIGHT_NO) values (945,to_date('22/01/18','RR/MM/DD'),60,'LJ504');
Insert into SCHEDULE (S_NO,STIME,ETIME,FLIGHT_NO) values (946,to_date('22/01/19','RR/MM/DD'),60,'LJ504');
Insert into SCHEDULE (S_NO,STIME,ETIME,FLIGHT_NO) values (947,to_date('22/01/20','RR/MM/DD'),60,'LJ504');
Insert into SCHEDULE (S_NO,STIME,ETIME,FLIGHT_NO) values (948,to_date('22/01/21','RR/MM/DD'),60,'LJ504');
Insert into SCHEDULE (S_NO,STIME,ETIME,FLIGHT_NO) values (949,to_date('22/01/22','RR/MM/DD'),60,'LJ504');
Insert into SCHEDULE (S_NO,STIME,ETIME,FLIGHT_NO) values (950,to_date('22/01/23','RR/MM/DD'),60,'LJ504');
Insert into SCHEDULE (S_NO,STIME,ETIME,FLIGHT_NO) values (951,to_date('22/01/23','RR/MM/DD'),65,'LJ510');
Insert into SCHEDULE (S_NO,STIME,ETIME,FLIGHT_NO) values (952,to_date('22/01/22','RR/MM/DD'),60,'LJ510');
Insert into SCHEDULE (S_NO,STIME,ETIME,FLIGHT_NO) values (953,to_date('22/01/17','RR/MM/DD'),60,'LJ510');
Insert into SCHEDULE (S_NO,STIME,ETIME,FLIGHT_NO) values (954,to_date('22/01/18','RR/MM/DD'),60,'LJ506');
Insert into SCHEDULE (S_NO,STIME,ETIME,FLIGHT_NO) values (955,to_date('22/01/22','RR/MM/DD'),60,'LJ506');
Insert into SCHEDULE (S_NO,STIME,ETIME,FLIGHT_NO) values (956,to_date('22/01/23','RR/MM/DD'),60,'LJ506');
Insert into SCHEDULE (S_NO,STIME,ETIME,FLIGHT_NO) values (957,to_date('22/01/17','RR/MM/DD'),55,'LJ506');
Insert into SCHEDULE (S_NO,STIME,ETIME,FLIGHT_NO) values (958,to_date('22/01/19','RR/MM/DD'),55,'LJ506');
Insert into SCHEDULE (S_NO,STIME,ETIME,FLIGHT_NO) values (959,to_date('22/01/20','RR/MM/DD'),55,'LJ506');
Insert into SCHEDULE (S_NO,STIME,ETIME,FLIGHT_NO) values (960,to_date('22/01/17','RR/MM/DD'),60,'LJ508');
Insert into SCHEDULE (S_NO,STIME,ETIME,FLIGHT_NO) values (961,to_date('22/01/19','RR/MM/DD'),60,'LJ508');
Insert into SCHEDULE (S_NO,STIME,ETIME,FLIGHT_NO) values (962,to_date('22/01/20','RR/MM/DD'),60,'LJ508');
Insert into SCHEDULE (S_NO,STIME,ETIME,FLIGHT_NO) values (963,to_date('22/01/21','RR/MM/DD'),60,'LJ508');
Insert into SCHEDULE (S_NO,STIME,ETIME,FLIGHT_NO) values (964,to_date('22/01/22','RR/MM/DD'),60,'LJ508');
Insert into SCHEDULE (S_NO,STIME,ETIME,FLIGHT_NO) values (965,to_date('22/01/23','RR/MM/DD'),60,'LJ508');
Insert into SCHEDULE (S_NO,STIME,ETIME,FLIGHT_NO) values (966,to_date('22/01/21','RR/MM/DD'),60,'LJ512');
Insert into SCHEDULE (S_NO,STIME,ETIME,FLIGHT_NO) values (967,to_date('22/01/23','RR/MM/DD'),60,'LJ512');
Insert into SCHEDULE (S_NO,STIME,ETIME,FLIGHT_NO) values (968,to_date('22/01/24','RR/MM/DD'),60,'LJ502');
Insert into SCHEDULE (S_NO,STIME,ETIME,FLIGHT_NO) values (969,to_date('22/01/25','RR/MM/DD'),60,'LJ502');
Insert into SCHEDULE (S_NO,STIME,ETIME,FLIGHT_NO) values (970,to_date('22/01/26','RR/MM/DD'),60,'LJ502');
Insert into SCHEDULE (S_NO,STIME,ETIME,FLIGHT_NO) values (971,to_date('22/01/27','RR/MM/DD'),60,'LJ502');
Insert into SCHEDULE (S_NO,STIME,ETIME,FLIGHT_NO) values (972,to_date('22/01/28','RR/MM/DD'),60,'LJ502');
Insert into SCHEDULE (S_NO,STIME,ETIME,FLIGHT_NO) values (973,to_date('22/01/29','RR/MM/DD'),60,'LJ502');
Insert into SCHEDULE (S_NO,STIME,ETIME,FLIGHT_NO) values (974,to_date('22/01/30','RR/MM/DD'),60,'LJ502');
Insert into SCHEDULE (S_NO,STIME,ETIME,FLIGHT_NO) values (975,to_date('22/01/24','RR/MM/DD'),60,'LJ504');
Insert into SCHEDULE (S_NO,STIME,ETIME,FLIGHT_NO) values (976,to_date('22/01/25','RR/MM/DD'),60,'LJ504');
Insert into SCHEDULE (S_NO,STIME,ETIME,FLIGHT_NO) values (977,to_date('22/01/26','RR/MM/DD'),60,'LJ504');
Insert into SCHEDULE (S_NO,STIME,ETIME,FLIGHT_NO) values (978,to_date('22/01/27','RR/MM/DD'),60,'LJ504');
Insert into SCHEDULE (S_NO,STIME,ETIME,FLIGHT_NO) values (979,to_date('22/01/28','RR/MM/DD'),60,'LJ504');
Insert into SCHEDULE (S_NO,STIME,ETIME,FLIGHT_NO) values (980,to_date('22/01/29','RR/MM/DD'),60,'LJ504');
Insert into SCHEDULE (S_NO,STIME,ETIME,FLIGHT_NO) values (981,to_date('22/01/30','RR/MM/DD'),60,'LJ504');
Insert into SCHEDULE (S_NO,STIME,ETIME,FLIGHT_NO) values (982,to_date('22/01/30','RR/MM/DD'),65,'LJ510');
Insert into SCHEDULE (S_NO,STIME,ETIME,FLIGHT_NO) values (983,to_date('22/01/26','RR/MM/DD'),60,'LJ510');
Insert into SCHEDULE (S_NO,STIME,ETIME,FLIGHT_NO) values (984,to_date('22/01/29','RR/MM/DD'),60,'LJ510');
Insert into SCHEDULE (S_NO,STIME,ETIME,FLIGHT_NO) values (985,to_date('22/01/24','RR/MM/DD'),60,'LJ510');
Insert into SCHEDULE (S_NO,STIME,ETIME,FLIGHT_NO) values (986,to_date('22/01/25','RR/MM/DD'),60,'LJ510');
Insert into SCHEDULE (S_NO,STIME,ETIME,FLIGHT_NO) values (987,to_date('22/01/25','RR/MM/DD'),60,'LJ506');
Insert into SCHEDULE (S_NO,STIME,ETIME,FLIGHT_NO) values (988,to_date('22/01/29','RR/MM/DD'),60,'LJ506');
Insert into SCHEDULE (S_NO,STIME,ETIME,FLIGHT_NO) values (989,to_date('22/01/30','RR/MM/DD'),60,'LJ506');
Insert into SCHEDULE (S_NO,STIME,ETIME,FLIGHT_NO) values (990,to_date('22/01/24','RR/MM/DD'),55,'LJ506');
Insert into SCHEDULE (S_NO,STIME,ETIME,FLIGHT_NO) values (991,to_date('22/01/26','RR/MM/DD'),55,'LJ506');
Insert into SCHEDULE (S_NO,STIME,ETIME,FLIGHT_NO) values (992,to_date('22/01/27','RR/MM/DD'),55,'LJ506');
Insert into SCHEDULE (S_NO,STIME,ETIME,FLIGHT_NO) values (993,to_date('22/01/24','RR/MM/DD'),60,'LJ508');
Insert into SCHEDULE (S_NO,STIME,ETIME,FLIGHT_NO) values (994,to_date('22/01/25','RR/MM/DD'),60,'LJ508');
Insert into SCHEDULE (S_NO,STIME,ETIME,FLIGHT_NO) values (995,to_date('22/01/26','RR/MM/DD'),60,'LJ508');
Insert into SCHEDULE (S_NO,STIME,ETIME,FLIGHT_NO) values (996,to_date('22/01/27','RR/MM/DD'),60,'LJ508');
Insert into SCHEDULE (S_NO,STIME,ETIME,FLIGHT_NO) values (997,to_date('22/01/28','RR/MM/DD'),60,'LJ508');
Insert into SCHEDULE (S_NO,STIME,ETIME,FLIGHT_NO) values (998,to_date('22/01/29','RR/MM/DD'),60,'LJ508');
Insert into SCHEDULE (S_NO,STIME,ETIME,FLIGHT_NO) values (999,to_date('22/01/30','RR/MM/DD'),60,'LJ508');
Insert into SCHEDULE (S_NO,STIME,ETIME,FLIGHT_NO) values (1000,to_date('22/01/28','RR/MM/DD'),60,'LJ512');
Insert into SCHEDULE (S_NO,STIME,ETIME,FLIGHT_NO) values (1001,to_date('22/01/29','RR/MM/DD'),60,'LJ512');
Insert into SCHEDULE (S_NO,STIME,ETIME,FLIGHT_NO) values (1002,to_date('22/01/30','RR/MM/DD'),60,'LJ512');
Insert into SCHEDULE (S_NO,STIME,ETIME,FLIGHT_NO) values (1003,to_date('22/01/01','RR/MM/DD'),70,'LJ551');
Insert into SCHEDULE (S_NO,STIME,ETIME,FLIGHT_NO) values (1004,to_date('22/01/01','RR/MM/DD'),65,'LJ583');
Insert into SCHEDULE (S_NO,STIME,ETIME,FLIGHT_NO) values (1005,to_date('22/01/01','RR/MM/DD'),70,'LJ553');
Insert into SCHEDULE (S_NO,STIME,ETIME,FLIGHT_NO) values (1006,to_date('22/01/01','RR/MM/DD'),75,'LJ557');
Insert into SCHEDULE (S_NO,STIME,ETIME,FLIGHT_NO) values (1007,to_date('22/01/01','RR/MM/DD'),75,'LJ587');
Insert into SCHEDULE (S_NO,STIME,ETIME,FLIGHT_NO) values (1008,to_date('22/01/01','RR/MM/DD'),65,'LJ559');
Insert into SCHEDULE (S_NO,STIME,ETIME,FLIGHT_NO) values (1009,to_date('22/01/02','RR/MM/DD'),70,'LJ551');
Insert into SCHEDULE (S_NO,STIME,ETIME,FLIGHT_NO) values (1010,to_date('22/01/02','RR/MM/DD'),65,'LJ583');
Insert into SCHEDULE (S_NO,STIME,ETIME,FLIGHT_NO) values (1011,to_date('22/01/02','RR/MM/DD'),70,'LJ553');
Insert into SCHEDULE (S_NO,STIME,ETIME,FLIGHT_NO) values (1012,to_date('22/01/02','RR/MM/DD'),75,'LJ589');
Insert into SCHEDULE (S_NO,STIME,ETIME,FLIGHT_NO) values (1013,to_date('22/01/02','RR/MM/DD'),75,'LJ557');
Insert into SCHEDULE (S_NO,STIME,ETIME,FLIGHT_NO) values (1014,to_date('22/01/02','RR/MM/DD'),75,'LJ587');
Insert into SCHEDULE (S_NO,STIME,ETIME,FLIGHT_NO) values (1015,to_date('22/01/02','RR/MM/DD'),65,'LJ559');
Insert into SCHEDULE (S_NO,STIME,ETIME,FLIGHT_NO) values (1016,to_date('22/01/03','RR/MM/DD'),70,'LJ551');
Insert into SCHEDULE (S_NO,STIME,ETIME,FLIGHT_NO) values (1017,to_date('22/01/04','RR/MM/DD'),70,'LJ551');
Insert into SCHEDULE (S_NO,STIME,ETIME,FLIGHT_NO) values (1018,to_date('22/01/05','RR/MM/DD'),70,'LJ551');
Insert into SCHEDULE (S_NO,STIME,ETIME,FLIGHT_NO) values (1019,to_date('22/01/06','RR/MM/DD'),70,'LJ551');
Insert into SCHEDULE (S_NO,STIME,ETIME,FLIGHT_NO) values (1020,to_date('22/01/07','RR/MM/DD'),70,'LJ551');
Insert into SCHEDULE (S_NO,STIME,ETIME,FLIGHT_NO) values (1021,to_date('22/01/08','RR/MM/DD'),70,'LJ551');
Insert into SCHEDULE (S_NO,STIME,ETIME,FLIGHT_NO) values (1022,to_date('22/01/09','RR/MM/DD'),70,'LJ551');
Insert into SCHEDULE (S_NO,STIME,ETIME,FLIGHT_NO) values (1023,to_date('22/01/10','RR/MM/DD'),70,'LJ551');
Insert into SCHEDULE (S_NO,STIME,ETIME,FLIGHT_NO) values (1024,to_date('22/01/11','RR/MM/DD'),70,'LJ551');
Insert into SCHEDULE (S_NO,STIME,ETIME,FLIGHT_NO) values (1025,to_date('22/01/12','RR/MM/DD'),70,'LJ551');
Insert into SCHEDULE (S_NO,STIME,ETIME,FLIGHT_NO) values (1026,to_date('22/01/13','RR/MM/DD'),70,'LJ551');
Insert into SCHEDULE (S_NO,STIME,ETIME,FLIGHT_NO) values (1027,to_date('22/01/14','RR/MM/DD'),70,'LJ551');
Insert into SCHEDULE (S_NO,STIME,ETIME,FLIGHT_NO) values (1028,to_date('22/01/15','RR/MM/DD'),70,'LJ551');
Insert into SCHEDULE (S_NO,STIME,ETIME,FLIGHT_NO) values (1029,to_date('22/01/16','RR/MM/DD'),70,'LJ551');
Insert into SCHEDULE (S_NO,STIME,ETIME,FLIGHT_NO) values (1030,to_date('22/01/17','RR/MM/DD'),70,'LJ551');
Insert into SCHEDULE (S_NO,STIME,ETIME,FLIGHT_NO) values (1031,to_date('22/01/18','RR/MM/DD'),70,'LJ551');
Insert into SCHEDULE (S_NO,STIME,ETIME,FLIGHT_NO) values (1032,to_date('22/01/19','RR/MM/DD'),70,'LJ551');
Insert into SCHEDULE (S_NO,STIME,ETIME,FLIGHT_NO) values (1033,to_date('22/01/20','RR/MM/DD'),70,'LJ551');
Insert into SCHEDULE (S_NO,STIME,ETIME,FLIGHT_NO) values (1034,to_date('22/01/21','RR/MM/DD'),70,'LJ551');
Insert into SCHEDULE (S_NO,STIME,ETIME,FLIGHT_NO) values (1035,to_date('22/01/22','RR/MM/DD'),70,'LJ551');
Insert into SCHEDULE (S_NO,STIME,ETIME,FLIGHT_NO) values (1036,to_date('22/01/23','RR/MM/DD'),70,'LJ551');
Insert into SCHEDULE (S_NO,STIME,ETIME,FLIGHT_NO) values (1037,to_date('22/01/24','RR/MM/DD'),70,'LJ551');
Insert into SCHEDULE (S_NO,STIME,ETIME,FLIGHT_NO) values (1038,to_date('22/01/25','RR/MM/DD'),70,'LJ551');
Insert into SCHEDULE (S_NO,STIME,ETIME,FLIGHT_NO) values (1039,to_date('22/01/26','RR/MM/DD'),70,'LJ551');
Insert into SCHEDULE (S_NO,STIME,ETIME,FLIGHT_NO) values (1040,to_date('22/01/27','RR/MM/DD'),70,'LJ551');
Insert into SCHEDULE (S_NO,STIME,ETIME,FLIGHT_NO) values (1041,to_date('22/01/28','RR/MM/DD'),70,'LJ551');
Insert into SCHEDULE (S_NO,STIME,ETIME,FLIGHT_NO) values (1042,to_date('22/01/29','RR/MM/DD'),70,'LJ551');
Insert into SCHEDULE (S_NO,STIME,ETIME,FLIGHT_NO) values (1043,to_date('22/01/30','RR/MM/DD'),70,'LJ551');
Insert into SCHEDULE (S_NO,STIME,ETIME,FLIGHT_NO) values (1044,to_date('22/01/03','RR/MM/DD'),65,'LJ583');
Insert into SCHEDULE (S_NO,STIME,ETIME,FLIGHT_NO) values (1045,to_date('22/01/04','RR/MM/DD'),65,'LJ583');
Insert into SCHEDULE (S_NO,STIME,ETIME,FLIGHT_NO) values (1046,to_date('22/01/05','RR/MM/DD'),65,'LJ583');
Insert into SCHEDULE (S_NO,STIME,ETIME,FLIGHT_NO) values (1047,to_date('22/01/06','RR/MM/DD'),65,'LJ583');
Insert into SCHEDULE (S_NO,STIME,ETIME,FLIGHT_NO) values (1048,to_date('22/01/07','RR/MM/DD'),65,'LJ583');
Insert into SCHEDULE (S_NO,STIME,ETIME,FLIGHT_NO) values (1049,to_date('22/01/08','RR/MM/DD'),65,'LJ583');
Insert into SCHEDULE (S_NO,STIME,ETIME,FLIGHT_NO) values (1050,to_date('22/01/09','RR/MM/DD'),65,'LJ583');
Insert into SCHEDULE (S_NO,STIME,ETIME,FLIGHT_NO) values (1051,to_date('22/01/10','RR/MM/DD'),65,'LJ583');
Insert into SCHEDULE (S_NO,STIME,ETIME,FLIGHT_NO) values (1052,to_date('22/01/11','RR/MM/DD'),65,'LJ583');
Insert into SCHEDULE (S_NO,STIME,ETIME,FLIGHT_NO) values (1053,to_date('22/01/12','RR/MM/DD'),65,'LJ583');
Insert into SCHEDULE (S_NO,STIME,ETIME,FLIGHT_NO) values (1054,to_date('22/01/13','RR/MM/DD'),65,'LJ583');
Insert into SCHEDULE (S_NO,STIME,ETIME,FLIGHT_NO) values (1055,to_date('22/01/14','RR/MM/DD'),65,'LJ583');
Insert into SCHEDULE (S_NO,STIME,ETIME,FLIGHT_NO) values (1056,to_date('22/01/15','RR/MM/DD'),65,'LJ583');
Insert into SCHEDULE (S_NO,STIME,ETIME,FLIGHT_NO) values (1057,to_date('22/01/16','RR/MM/DD'),65,'LJ583');
Insert into SCHEDULE (S_NO,STIME,ETIME,FLIGHT_NO) values (1058,to_date('22/01/17','RR/MM/DD'),65,'LJ583');
Insert into SCHEDULE (S_NO,STIME,ETIME,FLIGHT_NO) values (1059,to_date('22/01/18','RR/MM/DD'),65,'LJ583');
Insert into SCHEDULE (S_NO,STIME,ETIME,FLIGHT_NO) values (1060,to_date('22/01/19','RR/MM/DD'),65,'LJ583');
Insert into SCHEDULE (S_NO,STIME,ETIME,FLIGHT_NO) values (1061,to_date('22/01/20','RR/MM/DD'),65,'LJ583');
Insert into SCHEDULE (S_NO,STIME,ETIME,FLIGHT_NO) values (1062,to_date('22/01/21','RR/MM/DD'),65,'LJ583');
Insert into SCHEDULE (S_NO,STIME,ETIME,FLIGHT_NO) values (1063,to_date('22/01/22','RR/MM/DD'),65,'LJ583');
Insert into SCHEDULE (S_NO,STIME,ETIME,FLIGHT_NO) values (1064,to_date('22/01/23','RR/MM/DD'),65,'LJ583');
Insert into SCHEDULE (S_NO,STIME,ETIME,FLIGHT_NO) values (1065,to_date('22/01/24','RR/MM/DD'),65,'LJ583');
Insert into SCHEDULE (S_NO,STIME,ETIME,FLIGHT_NO) values (1066,to_date('22/01/25','RR/MM/DD'),65,'LJ583');
Insert into SCHEDULE (S_NO,STIME,ETIME,FLIGHT_NO) values (1067,to_date('22/01/26','RR/MM/DD'),65,'LJ583');
Insert into SCHEDULE (S_NO,STIME,ETIME,FLIGHT_NO) values (1068,to_date('22/01/27','RR/MM/DD'),65,'LJ583');
Insert into SCHEDULE (S_NO,STIME,ETIME,FLIGHT_NO) values (1069,to_date('22/01/28','RR/MM/DD'),65,'LJ583');
Insert into SCHEDULE (S_NO,STIME,ETIME,FLIGHT_NO) values (1070,to_date('22/01/29','RR/MM/DD'),65,'LJ583');
Insert into SCHEDULE (S_NO,STIME,ETIME,FLIGHT_NO) values (1071,to_date('22/01/30','RR/MM/DD'),65,'LJ583');
Insert into SCHEDULE (S_NO,STIME,ETIME,FLIGHT_NO) values (1072,to_date('22/01/03','RR/MM/DD'),70,'LJ553');
Insert into SCHEDULE (S_NO,STIME,ETIME,FLIGHT_NO) values (1073,to_date('22/01/04','RR/MM/DD'),70,'LJ553');
Insert into SCHEDULE (S_NO,STIME,ETIME,FLIGHT_NO) values (1074,to_date('22/01/05','RR/MM/DD'),70,'LJ553');
Insert into SCHEDULE (S_NO,STIME,ETIME,FLIGHT_NO) values (1075,to_date('22/01/06','RR/MM/DD'),70,'LJ553');
Insert into SCHEDULE (S_NO,STIME,ETIME,FLIGHT_NO) values (1076,to_date('22/01/07','RR/MM/DD'),70,'LJ553');
Insert into SCHEDULE (S_NO,STIME,ETIME,FLIGHT_NO) values (1077,to_date('22/01/08','RR/MM/DD'),70,'LJ553');
Insert into SCHEDULE (S_NO,STIME,ETIME,FLIGHT_NO) values (1078,to_date('22/01/09','RR/MM/DD'),70,'LJ553');
Insert into SCHEDULE (S_NO,STIME,ETIME,FLIGHT_NO) values (1079,to_date('22/01/10','RR/MM/DD'),70,'LJ553');
Insert into SCHEDULE (S_NO,STIME,ETIME,FLIGHT_NO) values (1080,to_date('22/01/11','RR/MM/DD'),70,'LJ553');
Insert into SCHEDULE (S_NO,STIME,ETIME,FLIGHT_NO) values (1081,to_date('22/01/12','RR/MM/DD'),70,'LJ553');
Insert into SCHEDULE (S_NO,STIME,ETIME,FLIGHT_NO) values (1082,to_date('22/01/13','RR/MM/DD'),70,'LJ553');
Insert into SCHEDULE (S_NO,STIME,ETIME,FLIGHT_NO) values (1083,to_date('22/01/14','RR/MM/DD'),70,'LJ553');
Insert into SCHEDULE (S_NO,STIME,ETIME,FLIGHT_NO) values (1084,to_date('22/01/15','RR/MM/DD'),70,'LJ553');
Insert into SCHEDULE (S_NO,STIME,ETIME,FLIGHT_NO) values (1085,to_date('22/01/16','RR/MM/DD'),70,'LJ553');
Insert into SCHEDULE (S_NO,STIME,ETIME,FLIGHT_NO) values (1086,to_date('22/01/17','RR/MM/DD'),70,'LJ553');
Insert into SCHEDULE (S_NO,STIME,ETIME,FLIGHT_NO) values (1087,to_date('22/01/18','RR/MM/DD'),70,'LJ553');
Insert into SCHEDULE (S_NO,STIME,ETIME,FLIGHT_NO) values (1088,to_date('22/01/19','RR/MM/DD'),70,'LJ553');
Insert into SCHEDULE (S_NO,STIME,ETIME,FLIGHT_NO) values (1089,to_date('22/01/20','RR/MM/DD'),70,'LJ553');
Insert into SCHEDULE (S_NO,STIME,ETIME,FLIGHT_NO) values (1090,to_date('22/01/21','RR/MM/DD'),70,'LJ553');
Insert into SCHEDULE (S_NO,STIME,ETIME,FLIGHT_NO) values (1091,to_date('22/01/22','RR/MM/DD'),70,'LJ553');
Insert into SCHEDULE (S_NO,STIME,ETIME,FLIGHT_NO) values (1092,to_date('22/01/23','RR/MM/DD'),70,'LJ553');
Insert into SCHEDULE (S_NO,STIME,ETIME,FLIGHT_NO) values (1093,to_date('22/01/24','RR/MM/DD'),70,'LJ553');
Insert into SCHEDULE (S_NO,STIME,ETIME,FLIGHT_NO) values (1094,to_date('22/01/25','RR/MM/DD'),70,'LJ553');
Insert into SCHEDULE (S_NO,STIME,ETIME,FLIGHT_NO) values (1095,to_date('22/01/26','RR/MM/DD'),70,'LJ553');
Insert into SCHEDULE (S_NO,STIME,ETIME,FLIGHT_NO) values (1096,to_date('22/01/27','RR/MM/DD'),70,'LJ553');
Insert into SCHEDULE (S_NO,STIME,ETIME,FLIGHT_NO) values (1097,to_date('22/01/28','RR/MM/DD'),70,'LJ553');
Insert into SCHEDULE (S_NO,STIME,ETIME,FLIGHT_NO) values (1098,to_date('22/01/29','RR/MM/DD'),70,'LJ553');
Insert into SCHEDULE (S_NO,STIME,ETIME,FLIGHT_NO) values (1099,to_date('22/01/30','RR/MM/DD'),70,'LJ553');
Insert into SCHEDULE (S_NO,STIME,ETIME,FLIGHT_NO) values (1100,to_date('22/01/03','RR/MM/DD'),75,'LJ557');
Insert into SCHEDULE (S_NO,STIME,ETIME,FLIGHT_NO) values (1101,to_date('22/01/04','RR/MM/DD'),75,'LJ557');
Insert into SCHEDULE (S_NO,STIME,ETIME,FLIGHT_NO) values (1102,to_date('22/01/05','RR/MM/DD'),75,'LJ557');
Insert into SCHEDULE (S_NO,STIME,ETIME,FLIGHT_NO) values (1103,to_date('22/01/06','RR/MM/DD'),75,'LJ557');
Insert into SCHEDULE (S_NO,STIME,ETIME,FLIGHT_NO) values (1104,to_date('22/01/07','RR/MM/DD'),75,'LJ557');
Insert into SCHEDULE (S_NO,STIME,ETIME,FLIGHT_NO) values (1105,to_date('22/01/08','RR/MM/DD'),75,'LJ557');
Insert into SCHEDULE (S_NO,STIME,ETIME,FLIGHT_NO) values (1106,to_date('22/01/09','RR/MM/DD'),75,'LJ557');
Insert into SCHEDULE (S_NO,STIME,ETIME,FLIGHT_NO) values (1107,to_date('22/01/10','RR/MM/DD'),75,'LJ557');
Insert into SCHEDULE (S_NO,STIME,ETIME,FLIGHT_NO) values (1108,to_date('22/01/11','RR/MM/DD'),75,'LJ557');
Insert into SCHEDULE (S_NO,STIME,ETIME,FLIGHT_NO) values (1109,to_date('22/01/12','RR/MM/DD'),75,'LJ557');
Insert into SCHEDULE (S_NO,STIME,ETIME,FLIGHT_NO) values (1110,to_date('22/01/13','RR/MM/DD'),75,'LJ557');
Insert into SCHEDULE (S_NO,STIME,ETIME,FLIGHT_NO) values (1111,to_date('22/01/14','RR/MM/DD'),75,'LJ557');
Insert into SCHEDULE (S_NO,STIME,ETIME,FLIGHT_NO) values (1112,to_date('22/01/15','RR/MM/DD'),75,'LJ557');
Insert into SCHEDULE (S_NO,STIME,ETIME,FLIGHT_NO) values (1113,to_date('22/01/16','RR/MM/DD'),75,'LJ557');
Insert into SCHEDULE (S_NO,STIME,ETIME,FLIGHT_NO) values (1114,to_date('22/01/17','RR/MM/DD'),75,'LJ557');
Insert into SCHEDULE (S_NO,STIME,ETIME,FLIGHT_NO) values (1115,to_date('22/01/18','RR/MM/DD'),75,'LJ557');
Insert into SCHEDULE (S_NO,STIME,ETIME,FLIGHT_NO) values (1116,to_date('22/01/19','RR/MM/DD'),75,'LJ557');
Insert into SCHEDULE (S_NO,STIME,ETIME,FLIGHT_NO) values (1117,to_date('22/01/20','RR/MM/DD'),75,'LJ557');
Insert into SCHEDULE (S_NO,STIME,ETIME,FLIGHT_NO) values (1118,to_date('22/01/21','RR/MM/DD'),75,'LJ557');
Insert into SCHEDULE (S_NO,STIME,ETIME,FLIGHT_NO) values (1119,to_date('22/01/22','RR/MM/DD'),75,'LJ557');
Insert into SCHEDULE (S_NO,STIME,ETIME,FLIGHT_NO) values (1120,to_date('22/01/23','RR/MM/DD'),75,'LJ557');
Insert into SCHEDULE (S_NO,STIME,ETIME,FLIGHT_NO) values (1121,to_date('22/01/24','RR/MM/DD'),75,'LJ557');
Insert into SCHEDULE (S_NO,STIME,ETIME,FLIGHT_NO) values (1122,to_date('22/01/25','RR/MM/DD'),75,'LJ557');
Insert into SCHEDULE (S_NO,STIME,ETIME,FLIGHT_NO) values (1123,to_date('22/01/26','RR/MM/DD'),75,'LJ557');
Insert into SCHEDULE (S_NO,STIME,ETIME,FLIGHT_NO) values (1124,to_date('22/01/27','RR/MM/DD'),75,'LJ557');
Insert into SCHEDULE (S_NO,STIME,ETIME,FLIGHT_NO) values (1125,to_date('22/01/28','RR/MM/DD'),75,'LJ557');
Insert into SCHEDULE (S_NO,STIME,ETIME,FLIGHT_NO) values (1126,to_date('22/01/29','RR/MM/DD'),75,'LJ557');
Insert into SCHEDULE (S_NO,STIME,ETIME,FLIGHT_NO) values (1127,to_date('22/01/30','RR/MM/DD'),75,'LJ557');
Insert into SCHEDULE (S_NO,STIME,ETIME,FLIGHT_NO) values (1128,to_date('22/01/03','RR/MM/DD'),75,'LJ587');
Insert into SCHEDULE (S_NO,STIME,ETIME,FLIGHT_NO) values (1129,to_date('22/01/04','RR/MM/DD'),75,'LJ587');
Insert into SCHEDULE (S_NO,STIME,ETIME,FLIGHT_NO) values (1130,to_date('22/01/05','RR/MM/DD'),75,'LJ587');
Insert into SCHEDULE (S_NO,STIME,ETIME,FLIGHT_NO) values (1131,to_date('22/01/06','RR/MM/DD'),75,'LJ587');
Insert into SCHEDULE (S_NO,STIME,ETIME,FLIGHT_NO) values (1132,to_date('22/01/07','RR/MM/DD'),75,'LJ587');
Insert into SCHEDULE (S_NO,STIME,ETIME,FLIGHT_NO) values (1133,to_date('22/01/08','RR/MM/DD'),75,'LJ587');
Insert into SCHEDULE (S_NO,STIME,ETIME,FLIGHT_NO) values (1134,to_date('22/01/09','RR/MM/DD'),75,'LJ587');
Insert into SCHEDULE (S_NO,STIME,ETIME,FLIGHT_NO) values (1135,to_date('22/01/10','RR/MM/DD'),75,'LJ587');
Insert into SCHEDULE (S_NO,STIME,ETIME,FLIGHT_NO) values (1136,to_date('22/01/11','RR/MM/DD'),75,'LJ587');
Insert into SCHEDULE (S_NO,STIME,ETIME,FLIGHT_NO) values (1137,to_date('22/01/12','RR/MM/DD'),75,'LJ587');
Insert into SCHEDULE (S_NO,STIME,ETIME,FLIGHT_NO) values (1138,to_date('22/01/13','RR/MM/DD'),75,'LJ587');
Insert into SCHEDULE (S_NO,STIME,ETIME,FLIGHT_NO) values (1139,to_date('22/01/14','RR/MM/DD'),75,'LJ587');
Insert into SCHEDULE (S_NO,STIME,ETIME,FLIGHT_NO) values (1140,to_date('22/01/15','RR/MM/DD'),75,'LJ587');
Insert into SCHEDULE (S_NO,STIME,ETIME,FLIGHT_NO) values (1141,to_date('22/01/16','RR/MM/DD'),75,'LJ587');
Insert into SCHEDULE (S_NO,STIME,ETIME,FLIGHT_NO) values (1142,to_date('22/01/17','RR/MM/DD'),75,'LJ587');
Insert into SCHEDULE (S_NO,STIME,ETIME,FLIGHT_NO) values (1143,to_date('22/01/18','RR/MM/DD'),75,'LJ587');
Insert into SCHEDULE (S_NO,STIME,ETIME,FLIGHT_NO) values (1144,to_date('22/01/19','RR/MM/DD'),75,'LJ587');
Insert into SCHEDULE (S_NO,STIME,ETIME,FLIGHT_NO) values (1145,to_date('22/01/20','RR/MM/DD'),75,'LJ587');
Insert into SCHEDULE (S_NO,STIME,ETIME,FLIGHT_NO) values (1146,to_date('22/01/21','RR/MM/DD'),75,'LJ587');
Insert into SCHEDULE (S_NO,STIME,ETIME,FLIGHT_NO) values (1147,to_date('22/01/22','RR/MM/DD'),75,'LJ587');
Insert into SCHEDULE (S_NO,STIME,ETIME,FLIGHT_NO) values (1148,to_date('22/01/23','RR/MM/DD'),75,'LJ587');
Insert into SCHEDULE (S_NO,STIME,ETIME,FLIGHT_NO) values (1149,to_date('22/01/24','RR/MM/DD'),75,'LJ587');
Insert into SCHEDULE (S_NO,STIME,ETIME,FLIGHT_NO) values (1150,to_date('22/01/25','RR/MM/DD'),75,'LJ587');
Insert into SCHEDULE (S_NO,STIME,ETIME,FLIGHT_NO) values (1151,to_date('22/01/26','RR/MM/DD'),75,'LJ587');
Insert into SCHEDULE (S_NO,STIME,ETIME,FLIGHT_NO) values (1152,to_date('22/01/27','RR/MM/DD'),75,'LJ587');
Insert into SCHEDULE (S_NO,STIME,ETIME,FLIGHT_NO) values (1153,to_date('22/01/28','RR/MM/DD'),75,'LJ587');
Insert into SCHEDULE (S_NO,STIME,ETIME,FLIGHT_NO) values (1154,to_date('22/01/29','RR/MM/DD'),75,'LJ587');
Insert into SCHEDULE (S_NO,STIME,ETIME,FLIGHT_NO) values (1155,to_date('22/01/30','RR/MM/DD'),75,'LJ587');
Insert into SCHEDULE (S_NO,STIME,ETIME,FLIGHT_NO) values (1156,to_date('22/01/03','RR/MM/DD'),65,'LJ559');
Insert into SCHEDULE (S_NO,STIME,ETIME,FLIGHT_NO) values (1157,to_date('22/01/04','RR/MM/DD'),65,'LJ559');
Insert into SCHEDULE (S_NO,STIME,ETIME,FLIGHT_NO) values (1158,to_date('22/01/05','RR/MM/DD'),65,'LJ559');
Insert into SCHEDULE (S_NO,STIME,ETIME,FLIGHT_NO) values (1159,to_date('22/01/06','RR/MM/DD'),65,'LJ559');
Insert into SCHEDULE (S_NO,STIME,ETIME,FLIGHT_NO) values (1160,to_date('22/01/07','RR/MM/DD'),65,'LJ559');
Insert into SCHEDULE (S_NO,STIME,ETIME,FLIGHT_NO) values (1161,to_date('22/01/08','RR/MM/DD'),65,'LJ559');
Insert into SCHEDULE (S_NO,STIME,ETIME,FLIGHT_NO) values (1162,to_date('22/01/09','RR/MM/DD'),65,'LJ559');
Insert into SCHEDULE (S_NO,STIME,ETIME,FLIGHT_NO) values (1163,to_date('22/01/10','RR/MM/DD'),65,'LJ559');
Insert into SCHEDULE (S_NO,STIME,ETIME,FLIGHT_NO) values (1164,to_date('22/01/11','RR/MM/DD'),65,'LJ559');
Insert into SCHEDULE (S_NO,STIME,ETIME,FLIGHT_NO) values (1165,to_date('22/01/12','RR/MM/DD'),65,'LJ559');
Insert into SCHEDULE (S_NO,STIME,ETIME,FLIGHT_NO) values (1166,to_date('22/01/13','RR/MM/DD'),65,'LJ559');
Insert into SCHEDULE (S_NO,STIME,ETIME,FLIGHT_NO) values (1167,to_date('22/01/14','RR/MM/DD'),65,'LJ559');
Insert into SCHEDULE (S_NO,STIME,ETIME,FLIGHT_NO) values (1168,to_date('22/01/15','RR/MM/DD'),65,'LJ559');
Insert into SCHEDULE (S_NO,STIME,ETIME,FLIGHT_NO) values (1169,to_date('22/01/16','RR/MM/DD'),65,'LJ559');
Insert into SCHEDULE (S_NO,STIME,ETIME,FLIGHT_NO) values (1170,to_date('22/01/17','RR/MM/DD'),65,'LJ559');
Insert into SCHEDULE (S_NO,STIME,ETIME,FLIGHT_NO) values (1171,to_date('22/01/18','RR/MM/DD'),65,'LJ559');
Insert into SCHEDULE (S_NO,STIME,ETIME,FLIGHT_NO) values (1172,to_date('22/01/19','RR/MM/DD'),65,'LJ559');
Insert into SCHEDULE (S_NO,STIME,ETIME,FLIGHT_NO) values (1173,to_date('22/01/20','RR/MM/DD'),65,'LJ559');
Insert into SCHEDULE (S_NO,STIME,ETIME,FLIGHT_NO) values (1174,to_date('22/01/21','RR/MM/DD'),65,'LJ559');
Insert into SCHEDULE (S_NO,STIME,ETIME,FLIGHT_NO) values (1175,to_date('22/01/22','RR/MM/DD'),65,'LJ559');
Insert into SCHEDULE (S_NO,STIME,ETIME,FLIGHT_NO) values (1176,to_date('22/01/23','RR/MM/DD'),65,'LJ559');
Insert into SCHEDULE (S_NO,STIME,ETIME,FLIGHT_NO) values (1177,to_date('22/01/24','RR/MM/DD'),65,'LJ559');
Insert into SCHEDULE (S_NO,STIME,ETIME,FLIGHT_NO) values (1178,to_date('22/01/25','RR/MM/DD'),65,'LJ559');
Insert into SCHEDULE (S_NO,STIME,ETIME,FLIGHT_NO) values (1179,to_date('22/01/26','RR/MM/DD'),65,'LJ559');
Insert into SCHEDULE (S_NO,STIME,ETIME,FLIGHT_NO) values (1180,to_date('22/01/27','RR/MM/DD'),65,'LJ559');
Insert into SCHEDULE (S_NO,STIME,ETIME,FLIGHT_NO) values (1181,to_date('22/01/28','RR/MM/DD'),65,'LJ559');
Insert into SCHEDULE (S_NO,STIME,ETIME,FLIGHT_NO) values (1182,to_date('22/01/29','RR/MM/DD'),65,'LJ559');
Insert into SCHEDULE (S_NO,STIME,ETIME,FLIGHT_NO) values (1183,to_date('22/01/30','RR/MM/DD'),65,'LJ559');
Insert into SCHEDULE (S_NO,STIME,ETIME,FLIGHT_NO) values (1184,to_date('22/01/10','RR/MM/DD'),65,'LJ589');
Insert into SCHEDULE (S_NO,STIME,ETIME,FLIGHT_NO) values (1185,to_date('22/01/11','RR/MM/DD'),65,'LJ589');
Insert into SCHEDULE (S_NO,STIME,ETIME,FLIGHT_NO) values (1186,to_date('22/01/12','RR/MM/DD'),65,'LJ589');
Insert into SCHEDULE (S_NO,STIME,ETIME,FLIGHT_NO) values (1187,to_date('22/01/13','RR/MM/DD'),65,'LJ589');
Insert into SCHEDULE (S_NO,STIME,ETIME,FLIGHT_NO) values (1188,to_date('22/01/14','RR/MM/DD'),65,'LJ589');
Insert into SCHEDULE (S_NO,STIME,ETIME,FLIGHT_NO) values (1189,to_date('22/01/15','RR/MM/DD'),60,'LJ589');
Insert into SCHEDULE (S_NO,STIME,ETIME,FLIGHT_NO) values (1190,to_date('22/01/16','RR/MM/DD'),65,'LJ589');
Insert into SCHEDULE (S_NO,STIME,ETIME,FLIGHT_NO) values (1191,to_date('22/01/17','RR/MM/DD'),65,'LJ589');
Insert into SCHEDULE (S_NO,STIME,ETIME,FLIGHT_NO) values (1192,to_date('22/01/18','RR/MM/DD'),65,'LJ589');
Insert into SCHEDULE (S_NO,STIME,ETIME,FLIGHT_NO) values (1193,to_date('22/01/19','RR/MM/DD'),65,'LJ589');
Insert into SCHEDULE (S_NO,STIME,ETIME,FLIGHT_NO) values (1194,to_date('22/01/20','RR/MM/DD'),65,'LJ589');
Insert into SCHEDULE (S_NO,STIME,ETIME,FLIGHT_NO) values (1195,to_date('22/01/21','RR/MM/DD'),65,'LJ589');
Insert into SCHEDULE (S_NO,STIME,ETIME,FLIGHT_NO) values (1196,to_date('22/01/22','RR/MM/DD'),60,'LJ589');
Insert into SCHEDULE (S_NO,STIME,ETIME,FLIGHT_NO) values (1197,to_date('22/01/23','RR/MM/DD'),65,'LJ589');
Insert into SCHEDULE (S_NO,STIME,ETIME,FLIGHT_NO) values (1198,to_date('22/01/24','RR/MM/DD'),65,'LJ589');
Insert into SCHEDULE (S_NO,STIME,ETIME,FLIGHT_NO) values (1199,to_date('22/01/25','RR/MM/DD'),65,'LJ589');
Insert into SCHEDULE (S_NO,STIME,ETIME,FLIGHT_NO) values (1200,to_date('22/01/26','RR/MM/DD'),65,'LJ589');
Insert into SCHEDULE (S_NO,STIME,ETIME,FLIGHT_NO) values (1201,to_date('22/01/27','RR/MM/DD'),65,'LJ589');
Insert into SCHEDULE (S_NO,STIME,ETIME,FLIGHT_NO) values (1202,to_date('22/01/28','RR/MM/DD'),65,'LJ589');
Insert into SCHEDULE (S_NO,STIME,ETIME,FLIGHT_NO) values (1203,to_date('22/01/29','RR/MM/DD'),60,'LJ589');
Insert into SCHEDULE (S_NO,STIME,ETIME,FLIGHT_NO) values (1204,to_date('22/01/30','RR/MM/DD'),65,'LJ589');
Insert into SCHEDULE (S_NO,STIME,ETIME,FLIGHT_NO) values (1205,to_date('22/01/01','RR/MM/DD'),70,'LJ552');
Insert into SCHEDULE (S_NO,STIME,ETIME,FLIGHT_NO) values (1206,to_date('22/01/01','RR/MM/DD'),70,'LJ554');
Insert into SCHEDULE (S_NO,STIME,ETIME,FLIGHT_NO) values (1207,to_date('22/01/01','RR/MM/DD'),75,'LJ586');
Insert into SCHEDULE (S_NO,STIME,ETIME,FLIGHT_NO) values (1208,to_date('22/01/01','RR/MM/DD'),65,'LJ558');
Insert into SCHEDULE (S_NO,STIME,ETIME,FLIGHT_NO) values (1209,to_date('22/01/01','RR/MM/DD'),75,'LJ560');
Insert into SCHEDULE (S_NO,STIME,ETIME,FLIGHT_NO) values (1210,to_date('22/01/01','RR/MM/DD'),75,'LJ582');
Insert into SCHEDULE (S_NO,STIME,ETIME,FLIGHT_NO) values (1211,to_date('22/01/02','RR/MM/DD'),70,'LJ552');
Insert into SCHEDULE (S_NO,STIME,ETIME,FLIGHT_NO) values (1212,to_date('22/01/02','RR/MM/DD'),70,'LJ554');
Insert into SCHEDULE (S_NO,STIME,ETIME,FLIGHT_NO) values (1213,to_date('22/01/02','RR/MM/DD'),75,'LJ586');
Insert into SCHEDULE (S_NO,STIME,ETIME,FLIGHT_NO) values (1214,to_date('22/01/02','RR/MM/DD'),65,'LJ558');
Insert into SCHEDULE (S_NO,STIME,ETIME,FLIGHT_NO) values (1215,to_date('22/01/02','RR/MM/DD'),75,'LJ560');
Insert into SCHEDULE (S_NO,STIME,ETIME,FLIGHT_NO) values (1216,to_date('22/01/02','RR/MM/DD'),75,'LJ582');
Insert into SCHEDULE (S_NO,STIME,ETIME,FLIGHT_NO) values (1217,to_date('22/01/03','RR/MM/DD'),70,'LJ552');
Insert into SCHEDULE (S_NO,STIME,ETIME,FLIGHT_NO) values (1218,to_date('22/01/04','RR/MM/DD'),70,'LJ552');
Insert into SCHEDULE (S_NO,STIME,ETIME,FLIGHT_NO) values (1219,to_date('22/01/05','RR/MM/DD'),70,'LJ552');
Insert into SCHEDULE (S_NO,STIME,ETIME,FLIGHT_NO) values (1220,to_date('22/01/06','RR/MM/DD'),70,'LJ552');
Insert into SCHEDULE (S_NO,STIME,ETIME,FLIGHT_NO) values (1221,to_date('22/01/07','RR/MM/DD'),70,'LJ552');
Insert into SCHEDULE (S_NO,STIME,ETIME,FLIGHT_NO) values (1222,to_date('22/01/08','RR/MM/DD'),70,'LJ552');
Insert into SCHEDULE (S_NO,STIME,ETIME,FLIGHT_NO) values (1223,to_date('22/01/09','RR/MM/DD'),70,'LJ552');
Insert into SCHEDULE (S_NO,STIME,ETIME,FLIGHT_NO) values (1224,to_date('22/01/03','RR/MM/DD'),70,'LJ554');
Insert into SCHEDULE (S_NO,STIME,ETIME,FLIGHT_NO) values (1225,to_date('22/01/04','RR/MM/DD'),70,'LJ554');
Insert into SCHEDULE (S_NO,STIME,ETIME,FLIGHT_NO) values (1226,to_date('22/01/05','RR/MM/DD'),70,'LJ554');
Insert into SCHEDULE (S_NO,STIME,ETIME,FLIGHT_NO) values (1227,to_date('22/01/06','RR/MM/DD'),70,'LJ554');
Insert into SCHEDULE (S_NO,STIME,ETIME,FLIGHT_NO) values (1228,to_date('22/01/07','RR/MM/DD'),70,'LJ554');
Insert into SCHEDULE (S_NO,STIME,ETIME,FLIGHT_NO) values (1229,to_date('22/01/08','RR/MM/DD'),70,'LJ554');
Insert into SCHEDULE (S_NO,STIME,ETIME,FLIGHT_NO) values (1230,to_date('22/01/09','RR/MM/DD'),70,'LJ554');
Insert into SCHEDULE (S_NO,STIME,ETIME,FLIGHT_NO) values (1231,to_date('22/01/03','RR/MM/DD'),75,'LJ586');
Insert into SCHEDULE (S_NO,STIME,ETIME,FLIGHT_NO) values (1232,to_date('22/01/04','RR/MM/DD'),75,'LJ586');
Insert into SCHEDULE (S_NO,STIME,ETIME,FLIGHT_NO) values (1233,to_date('22/01/05','RR/MM/DD'),75,'LJ586');
Insert into SCHEDULE (S_NO,STIME,ETIME,FLIGHT_NO) values (1234,to_date('22/01/06','RR/MM/DD'),75,'LJ586');
Insert into SCHEDULE (S_NO,STIME,ETIME,FLIGHT_NO) values (1235,to_date('22/01/07','RR/MM/DD'),75,'LJ586');
Insert into SCHEDULE (S_NO,STIME,ETIME,FLIGHT_NO) values (1236,to_date('22/01/08','RR/MM/DD'),75,'LJ586');
Insert into SCHEDULE (S_NO,STIME,ETIME,FLIGHT_NO) values (1237,to_date('22/01/09','RR/MM/DD'),75,'LJ586');
Insert into SCHEDULE (S_NO,STIME,ETIME,FLIGHT_NO) values (1238,to_date('22/01/03','RR/MM/DD'),65,'LJ558');
Insert into SCHEDULE (S_NO,STIME,ETIME,FLIGHT_NO) values (1239,to_date('22/01/04','RR/MM/DD'),65,'LJ558');
Insert into SCHEDULE (S_NO,STIME,ETIME,FLIGHT_NO) values (1240,to_date('22/01/05','RR/MM/DD'),65,'LJ558');
Insert into SCHEDULE (S_NO,STIME,ETIME,FLIGHT_NO) values (1241,to_date('22/01/06','RR/MM/DD'),65,'LJ558');
Insert into SCHEDULE (S_NO,STIME,ETIME,FLIGHT_NO) values (1242,to_date('22/01/07','RR/MM/DD'),65,'LJ558');
Insert into SCHEDULE (S_NO,STIME,ETIME,FLIGHT_NO) values (1243,to_date('22/01/08','RR/MM/DD'),65,'LJ558');
Insert into SCHEDULE (S_NO,STIME,ETIME,FLIGHT_NO) values (1244,to_date('22/01/09','RR/MM/DD'),65,'LJ558');
Insert into SCHEDULE (S_NO,STIME,ETIME,FLIGHT_NO) values (1245,to_date('22/01/03','RR/MM/DD'),75,'LJ560');
Insert into SCHEDULE (S_NO,STIME,ETIME,FLIGHT_NO) values (1246,to_date('22/01/04','RR/MM/DD'),75,'LJ560');
Insert into SCHEDULE (S_NO,STIME,ETIME,FLIGHT_NO) values (1247,to_date('22/01/05','RR/MM/DD'),75,'LJ560');
Insert into SCHEDULE (S_NO,STIME,ETIME,FLIGHT_NO) values (1248,to_date('22/01/06','RR/MM/DD'),75,'LJ560');
Insert into SCHEDULE (S_NO,STIME,ETIME,FLIGHT_NO) values (1249,to_date('22/01/07','RR/MM/DD'),75,'LJ560');
Insert into SCHEDULE (S_NO,STIME,ETIME,FLIGHT_NO) values (1250,to_date('22/01/08','RR/MM/DD'),75,'LJ560');
Insert into SCHEDULE (S_NO,STIME,ETIME,FLIGHT_NO) values (1251,to_date('22/01/09','RR/MM/DD'),75,'LJ560');
Insert into SCHEDULE (S_NO,STIME,ETIME,FLIGHT_NO) values (1252,to_date('22/01/03','RR/MM/DD'),75,'LJ582');
Insert into SCHEDULE (S_NO,STIME,ETIME,FLIGHT_NO) values (1253,to_date('22/01/04','RR/MM/DD'),75,'LJ582');
Insert into SCHEDULE (S_NO,STIME,ETIME,FLIGHT_NO) values (1254,to_date('22/01/05','RR/MM/DD'),75,'LJ582');
Insert into SCHEDULE (S_NO,STIME,ETIME,FLIGHT_NO) values (1255,to_date('22/01/06','RR/MM/DD'),75,'LJ582');
Insert into SCHEDULE (S_NO,STIME,ETIME,FLIGHT_NO) values (1256,to_date('22/01/08','RR/MM/DD'),75,'LJ582');
Insert into SCHEDULE (S_NO,STIME,ETIME,FLIGHT_NO) values (1257,to_date('22/01/07','RR/MM/DD'),60,'LJ582');
Insert into SCHEDULE (S_NO,STIME,ETIME,FLIGHT_NO) values (1258,to_date('22/01/09','RR/MM/DD'),60,'LJ582');
Insert into SCHEDULE (S_NO,STIME,ETIME,FLIGHT_NO) values (1259,to_date('22/01/10','RR/MM/DD'),70,'LJ552');
Insert into SCHEDULE (S_NO,STIME,ETIME,FLIGHT_NO) values (1260,to_date('22/01/11','RR/MM/DD'),70,'LJ552');
Insert into SCHEDULE (S_NO,STIME,ETIME,FLIGHT_NO) values (1261,to_date('22/01/12','RR/MM/DD'),70,'LJ552');
Insert into SCHEDULE (S_NO,STIME,ETIME,FLIGHT_NO) values (1262,to_date('22/01/13','RR/MM/DD'),70,'LJ552');
Insert into SCHEDULE (S_NO,STIME,ETIME,FLIGHT_NO) values (1263,to_date('22/01/14','RR/MM/DD'),70,'LJ552');
Insert into SCHEDULE (S_NO,STIME,ETIME,FLIGHT_NO) values (1264,to_date('22/01/15','RR/MM/DD'),70,'LJ552');
Insert into SCHEDULE (S_NO,STIME,ETIME,FLIGHT_NO) values (1265,to_date('22/01/16','RR/MM/DD'),70,'LJ552');
Insert into SCHEDULE (S_NO,STIME,ETIME,FLIGHT_NO) values (1266,to_date('22/01/10','RR/MM/DD'),70,'LJ554');
Insert into SCHEDULE (S_NO,STIME,ETIME,FLIGHT_NO) values (1267,to_date('22/01/11','RR/MM/DD'),70,'LJ554');
Insert into SCHEDULE (S_NO,STIME,ETIME,FLIGHT_NO) values (1268,to_date('22/01/12','RR/MM/DD'),70,'LJ554');
Insert into SCHEDULE (S_NO,STIME,ETIME,FLIGHT_NO) values (1269,to_date('22/01/13','RR/MM/DD'),70,'LJ554');
Insert into SCHEDULE (S_NO,STIME,ETIME,FLIGHT_NO) values (1270,to_date('22/01/14','RR/MM/DD'),70,'LJ554');
Insert into SCHEDULE (S_NO,STIME,ETIME,FLIGHT_NO) values (1271,to_date('22/01/15','RR/MM/DD'),70,'LJ554');
Insert into SCHEDULE (S_NO,STIME,ETIME,FLIGHT_NO) values (1272,to_date('22/01/16','RR/MM/DD'),70,'LJ554');
Insert into SCHEDULE (S_NO,STIME,ETIME,FLIGHT_NO) values (1273,to_date('22/01/10','RR/MM/DD'),75,'LJ586');
Insert into SCHEDULE (S_NO,STIME,ETIME,FLIGHT_NO) values (1274,to_date('22/01/11','RR/MM/DD'),75,'LJ586');
Insert into SCHEDULE (S_NO,STIME,ETIME,FLIGHT_NO) values (1275,to_date('22/01/12','RR/MM/DD'),75,'LJ586');
Insert into SCHEDULE (S_NO,STIME,ETIME,FLIGHT_NO) values (1276,to_date('22/01/13','RR/MM/DD'),75,'LJ586');
Insert into SCHEDULE (S_NO,STIME,ETIME,FLIGHT_NO) values (1277,to_date('22/01/14','RR/MM/DD'),75,'LJ586');
Insert into SCHEDULE (S_NO,STIME,ETIME,FLIGHT_NO) values (1278,to_date('22/01/15','RR/MM/DD'),75,'LJ586');
Insert into SCHEDULE (S_NO,STIME,ETIME,FLIGHT_NO) values (1279,to_date('22/01/16','RR/MM/DD'),75,'LJ586');
Insert into SCHEDULE (S_NO,STIME,ETIME,FLIGHT_NO) values (1280,to_date('22/01/10','RR/MM/DD'),65,'LJ558');
Insert into SCHEDULE (S_NO,STIME,ETIME,FLIGHT_NO) values (1281,to_date('22/01/11','RR/MM/DD'),65,'LJ558');
Insert into SCHEDULE (S_NO,STIME,ETIME,FLIGHT_NO) values (1282,to_date('22/01/12','RR/MM/DD'),65,'LJ558');
Insert into SCHEDULE (S_NO,STIME,ETIME,FLIGHT_NO) values (1283,to_date('22/01/13','RR/MM/DD'),65,'LJ558');
Insert into SCHEDULE (S_NO,STIME,ETIME,FLIGHT_NO) values (1284,to_date('22/01/14','RR/MM/DD'),65,'LJ558');
Insert into SCHEDULE (S_NO,STIME,ETIME,FLIGHT_NO) values (1285,to_date('22/01/15','RR/MM/DD'),65,'LJ558');
Insert into SCHEDULE (S_NO,STIME,ETIME,FLIGHT_NO) values (1286,to_date('22/01/16','RR/MM/DD'),65,'LJ558');
Insert into SCHEDULE (S_NO,STIME,ETIME,FLIGHT_NO) values (1287,to_date('22/01/10','RR/MM/DD'),75,'LJ560');
Insert into SCHEDULE (S_NO,STIME,ETIME,FLIGHT_NO) values (1288,to_date('22/01/11','RR/MM/DD'),75,'LJ560');
Insert into SCHEDULE (S_NO,STIME,ETIME,FLIGHT_NO) values (1289,to_date('22/01/12','RR/MM/DD'),75,'LJ560');
Insert into SCHEDULE (S_NO,STIME,ETIME,FLIGHT_NO) values (1290,to_date('22/01/13','RR/MM/DD'),75,'LJ560');
Insert into SCHEDULE (S_NO,STIME,ETIME,FLIGHT_NO) values (1291,to_date('22/01/14','RR/MM/DD'),75,'LJ560');
Insert into SCHEDULE (S_NO,STIME,ETIME,FLIGHT_NO) values (1292,to_date('22/01/15','RR/MM/DD'),75,'LJ560');
Insert into SCHEDULE (S_NO,STIME,ETIME,FLIGHT_NO) values (1293,to_date('22/01/16','RR/MM/DD'),75,'LJ560');
Insert into SCHEDULE (S_NO,STIME,ETIME,FLIGHT_NO) values (1294,to_date('22/01/10','RR/MM/DD'),75,'LJ582');
Insert into SCHEDULE (S_NO,STIME,ETIME,FLIGHT_NO) values (1295,to_date('22/01/11','RR/MM/DD'),75,'LJ582');
Insert into SCHEDULE (S_NO,STIME,ETIME,FLIGHT_NO) values (1296,to_date('22/01/12','RR/MM/DD'),75,'LJ582');
Insert into SCHEDULE (S_NO,STIME,ETIME,FLIGHT_NO) values (1297,to_date('22/01/13','RR/MM/DD'),75,'LJ582');
Insert into SCHEDULE (S_NO,STIME,ETIME,FLIGHT_NO) values (1298,to_date('22/01/15','RR/MM/DD'),75,'LJ582');
Insert into SCHEDULE (S_NO,STIME,ETIME,FLIGHT_NO) values (1299,to_date('22/01/14','RR/MM/DD'),60,'LJ582');
Insert into SCHEDULE (S_NO,STIME,ETIME,FLIGHT_NO) values (1300,to_date('22/01/16','RR/MM/DD'),60,'LJ582');
Insert into SCHEDULE (S_NO,STIME,ETIME,FLIGHT_NO) values (1301,to_date('22/01/10','RR/MM/DD'),85,'LJ588');
Insert into SCHEDULE (S_NO,STIME,ETIME,FLIGHT_NO) values (1302,to_date('22/01/11','RR/MM/DD'),85,'LJ588');
Insert into SCHEDULE (S_NO,STIME,ETIME,FLIGHT_NO) values (1303,to_date('22/01/12','RR/MM/DD'),85,'LJ588');
Insert into SCHEDULE (S_NO,STIME,ETIME,FLIGHT_NO) values (1304,to_date('22/01/14','RR/MM/DD'),85,'LJ588');
Insert into SCHEDULE (S_NO,STIME,ETIME,FLIGHT_NO) values (1305,to_date('22/01/15','RR/MM/DD'),85,'LJ588');
Insert into SCHEDULE (S_NO,STIME,ETIME,FLIGHT_NO) values (1306,to_date('22/01/16','RR/MM/DD'),85,'LJ588');
Insert into SCHEDULE (S_NO,STIME,ETIME,FLIGHT_NO) values (1307,to_date('22/01/13','RR/MM/DD'),75,'LJ556');
Insert into SCHEDULE (S_NO,STIME,ETIME,FLIGHT_NO) values (1308,to_date('22/01/17','RR/MM/DD'),70,'LJ552');
Insert into SCHEDULE (S_NO,STIME,ETIME,FLIGHT_NO) values (1309,to_date('22/01/18','RR/MM/DD'),70,'LJ552');
Insert into SCHEDULE (S_NO,STIME,ETIME,FLIGHT_NO) values (1310,to_date('22/01/19','RR/MM/DD'),70,'LJ552');
Insert into SCHEDULE (S_NO,STIME,ETIME,FLIGHT_NO) values (1311,to_date('22/01/20','RR/MM/DD'),70,'LJ552');
Insert into SCHEDULE (S_NO,STIME,ETIME,FLIGHT_NO) values (1312,to_date('22/01/21','RR/MM/DD'),70,'LJ552');
Insert into SCHEDULE (S_NO,STIME,ETIME,FLIGHT_NO) values (1313,to_date('22/01/22','RR/MM/DD'),70,'LJ552');
Insert into SCHEDULE (S_NO,STIME,ETIME,FLIGHT_NO) values (1314,to_date('22/01/23','RR/MM/DD'),70,'LJ552');
Insert into SCHEDULE (S_NO,STIME,ETIME,FLIGHT_NO) values (1315,to_date('22/01/17','RR/MM/DD'),70,'LJ554');
Insert into SCHEDULE (S_NO,STIME,ETIME,FLIGHT_NO) values (1316,to_date('22/01/18','RR/MM/DD'),70,'LJ554');
Insert into SCHEDULE (S_NO,STIME,ETIME,FLIGHT_NO) values (1317,to_date('22/01/19','RR/MM/DD'),70,'LJ554');
Insert into SCHEDULE (S_NO,STIME,ETIME,FLIGHT_NO) values (1318,to_date('22/01/20','RR/MM/DD'),70,'LJ554');
Insert into SCHEDULE (S_NO,STIME,ETIME,FLIGHT_NO) values (1319,to_date('22/01/21','RR/MM/DD'),70,'LJ554');
Insert into SCHEDULE (S_NO,STIME,ETIME,FLIGHT_NO) values (1320,to_date('22/01/22','RR/MM/DD'),70,'LJ554');
Insert into SCHEDULE (S_NO,STIME,ETIME,FLIGHT_NO) values (1321,to_date('22/01/23','RR/MM/DD'),70,'LJ554');
Insert into SCHEDULE (S_NO,STIME,ETIME,FLIGHT_NO) values (1322,to_date('22/01/17','RR/MM/DD'),75,'LJ586');
Insert into SCHEDULE (S_NO,STIME,ETIME,FLIGHT_NO) values (1323,to_date('22/01/18','RR/MM/DD'),75,'LJ586');
Insert into SCHEDULE (S_NO,STIME,ETIME,FLIGHT_NO) values (1324,to_date('22/01/19','RR/MM/DD'),75,'LJ586');
Insert into SCHEDULE (S_NO,STIME,ETIME,FLIGHT_NO) values (1325,to_date('22/01/20','RR/MM/DD'),75,'LJ586');
Insert into SCHEDULE (S_NO,STIME,ETIME,FLIGHT_NO) values (1326,to_date('22/01/21','RR/MM/DD'),75,'LJ586');
Insert into SCHEDULE (S_NO,STIME,ETIME,FLIGHT_NO) values (1327,to_date('22/01/22','RR/MM/DD'),75,'LJ586');
Insert into SCHEDULE (S_NO,STIME,ETIME,FLIGHT_NO) values (1328,to_date('22/01/23','RR/MM/DD'),75,'LJ586');
Insert into SCHEDULE (S_NO,STIME,ETIME,FLIGHT_NO) values (1329,to_date('22/01/17','RR/MM/DD'),65,'LJ558');
Insert into SCHEDULE (S_NO,STIME,ETIME,FLIGHT_NO) values (1330,to_date('22/01/18','RR/MM/DD'),65,'LJ558');
Insert into SCHEDULE (S_NO,STIME,ETIME,FLIGHT_NO) values (1331,to_date('22/01/19','RR/MM/DD'),65,'LJ558');
Insert into SCHEDULE (S_NO,STIME,ETIME,FLIGHT_NO) values (1332,to_date('22/01/20','RR/MM/DD'),65,'LJ558');
Insert into SCHEDULE (S_NO,STIME,ETIME,FLIGHT_NO) values (1333,to_date('22/01/21','RR/MM/DD'),65,'LJ558');
Insert into SCHEDULE (S_NO,STIME,ETIME,FLIGHT_NO) values (1334,to_date('22/01/22','RR/MM/DD'),65,'LJ558');
Insert into SCHEDULE (S_NO,STIME,ETIME,FLIGHT_NO) values (1335,to_date('22/01/23','RR/MM/DD'),65,'LJ558');
Insert into SCHEDULE (S_NO,STIME,ETIME,FLIGHT_NO) values (1336,to_date('22/01/17','RR/MM/DD'),75,'LJ560');
Insert into SCHEDULE (S_NO,STIME,ETIME,FLIGHT_NO) values (1337,to_date('22/01/18','RR/MM/DD'),75,'LJ560');
Insert into SCHEDULE (S_NO,STIME,ETIME,FLIGHT_NO) values (1338,to_date('22/01/19','RR/MM/DD'),75,'LJ560');
Insert into SCHEDULE (S_NO,STIME,ETIME,FLIGHT_NO) values (1339,to_date('22/01/20','RR/MM/DD'),75,'LJ560');
Insert into SCHEDULE (S_NO,STIME,ETIME,FLIGHT_NO) values (1340,to_date('22/01/21','RR/MM/DD'),75,'LJ560');
Insert into SCHEDULE (S_NO,STIME,ETIME,FLIGHT_NO) values (1341,to_date('22/01/22','RR/MM/DD'),75,'LJ560');
Insert into SCHEDULE (S_NO,STIME,ETIME,FLIGHT_NO) values (1342,to_date('22/01/23','RR/MM/DD'),75,'LJ560');
Insert into SCHEDULE (S_NO,STIME,ETIME,FLIGHT_NO) values (1343,to_date('22/01/17','RR/MM/DD'),75,'LJ582');
Insert into SCHEDULE (S_NO,STIME,ETIME,FLIGHT_NO) values (1344,to_date('22/01/18','RR/MM/DD'),75,'LJ582');
Insert into SCHEDULE (S_NO,STIME,ETIME,FLIGHT_NO) values (1345,to_date('22/01/19','RR/MM/DD'),75,'LJ582');
Insert into SCHEDULE (S_NO,STIME,ETIME,FLIGHT_NO) values (1346,to_date('22/01/20','RR/MM/DD'),75,'LJ582');
Insert into SCHEDULE (S_NO,STIME,ETIME,FLIGHT_NO) values (1347,to_date('22/01/22','RR/MM/DD'),75,'LJ582');
Insert into SCHEDULE (S_NO,STIME,ETIME,FLIGHT_NO) values (1348,to_date('22/01/21','RR/MM/DD'),60,'LJ582');
Insert into SCHEDULE (S_NO,STIME,ETIME,FLIGHT_NO) values (1349,to_date('22/01/23','RR/MM/DD'),60,'LJ582');
Insert into SCHEDULE (S_NO,STIME,ETIME,FLIGHT_NO) values (1350,to_date('22/01/17','RR/MM/DD'),85,'LJ588');
Insert into SCHEDULE (S_NO,STIME,ETIME,FLIGHT_NO) values (1351,to_date('22/01/18','RR/MM/DD'),85,'LJ588');
Insert into SCHEDULE (S_NO,STIME,ETIME,FLIGHT_NO) values (1352,to_date('22/01/19','RR/MM/DD'),85,'LJ588');
Insert into SCHEDULE (S_NO,STIME,ETIME,FLIGHT_NO) values (1353,to_date('22/01/21','RR/MM/DD'),85,'LJ588');
Insert into SCHEDULE (S_NO,STIME,ETIME,FLIGHT_NO) values (1354,to_date('22/01/22','RR/MM/DD'),85,'LJ588');
Insert into SCHEDULE (S_NO,STIME,ETIME,FLIGHT_NO) values (1355,to_date('22/01/23','RR/MM/DD'),85,'LJ588');
Insert into SCHEDULE (S_NO,STIME,ETIME,FLIGHT_NO) values (1356,to_date('22/01/20','RR/MM/DD'),75,'LJ556');
Insert into SCHEDULE (S_NO,STIME,ETIME,FLIGHT_NO) values (1357,to_date('22/01/24','RR/MM/DD'),70,'LJ552');
Insert into SCHEDULE (S_NO,STIME,ETIME,FLIGHT_NO) values (1358,to_date('22/01/25','RR/MM/DD'),70,'LJ552');
Insert into SCHEDULE (S_NO,STIME,ETIME,FLIGHT_NO) values (1359,to_date('22/01/26','RR/MM/DD'),70,'LJ552');
Insert into SCHEDULE (S_NO,STIME,ETIME,FLIGHT_NO) values (1360,to_date('22/01/27','RR/MM/DD'),70,'LJ552');
Insert into SCHEDULE (S_NO,STIME,ETIME,FLIGHT_NO) values (1361,to_date('22/01/28','RR/MM/DD'),70,'LJ552');
Insert into SCHEDULE (S_NO,STIME,ETIME,FLIGHT_NO) values (1362,to_date('22/01/29','RR/MM/DD'),70,'LJ552');
Insert into SCHEDULE (S_NO,STIME,ETIME,FLIGHT_NO) values (1363,to_date('22/01/30','RR/MM/DD'),70,'LJ552');
Insert into SCHEDULE (S_NO,STIME,ETIME,FLIGHT_NO) values (1364,to_date('22/01/24','RR/MM/DD'),70,'LJ554');
Insert into SCHEDULE (S_NO,STIME,ETIME,FLIGHT_NO) values (1365,to_date('22/01/25','RR/MM/DD'),70,'LJ554');
Insert into SCHEDULE (S_NO,STIME,ETIME,FLIGHT_NO) values (1366,to_date('22/01/26','RR/MM/DD'),70,'LJ554');
Insert into SCHEDULE (S_NO,STIME,ETIME,FLIGHT_NO) values (1367,to_date('22/01/27','RR/MM/DD'),70,'LJ554');
Insert into SCHEDULE (S_NO,STIME,ETIME,FLIGHT_NO) values (1368,to_date('22/01/28','RR/MM/DD'),70,'LJ554');
Insert into SCHEDULE (S_NO,STIME,ETIME,FLIGHT_NO) values (1369,to_date('22/01/29','RR/MM/DD'),70,'LJ554');
Insert into SCHEDULE (S_NO,STIME,ETIME,FLIGHT_NO) values (1370,to_date('22/01/30','RR/MM/DD'),70,'LJ554');
Insert into SCHEDULE (S_NO,STIME,ETIME,FLIGHT_NO) values (1371,to_date('22/01/24','RR/MM/DD'),75,'LJ586');
Insert into SCHEDULE (S_NO,STIME,ETIME,FLIGHT_NO) values (1372,to_date('22/01/25','RR/MM/DD'),75,'LJ586');
Insert into SCHEDULE (S_NO,STIME,ETIME,FLIGHT_NO) values (1373,to_date('22/01/26','RR/MM/DD'),75,'LJ586');
Insert into SCHEDULE (S_NO,STIME,ETIME,FLIGHT_NO) values (1374,to_date('22/01/27','RR/MM/DD'),75,'LJ586');
Insert into SCHEDULE (S_NO,STIME,ETIME,FLIGHT_NO) values (1375,to_date('22/01/28','RR/MM/DD'),75,'LJ586');
Insert into SCHEDULE (S_NO,STIME,ETIME,FLIGHT_NO) values (1376,to_date('22/01/29','RR/MM/DD'),75,'LJ586');
Insert into SCHEDULE (S_NO,STIME,ETIME,FLIGHT_NO) values (1377,to_date('22/01/30','RR/MM/DD'),75,'LJ586');
Insert into SCHEDULE (S_NO,STIME,ETIME,FLIGHT_NO) values (1378,to_date('22/01/24','RR/MM/DD'),65,'LJ558');
Insert into SCHEDULE (S_NO,STIME,ETIME,FLIGHT_NO) values (1379,to_date('22/01/25','RR/MM/DD'),65,'LJ558');
Insert into SCHEDULE (S_NO,STIME,ETIME,FLIGHT_NO) values (1380,to_date('22/01/26','RR/MM/DD'),65,'LJ558');
Insert into SCHEDULE (S_NO,STIME,ETIME,FLIGHT_NO) values (1381,to_date('22/01/27','RR/MM/DD'),65,'LJ558');
Insert into SCHEDULE (S_NO,STIME,ETIME,FLIGHT_NO) values (1382,to_date('22/01/28','RR/MM/DD'),65,'LJ558');
Insert into SCHEDULE (S_NO,STIME,ETIME,FLIGHT_NO) values (1383,to_date('22/01/29','RR/MM/DD'),65,'LJ558');
Insert into SCHEDULE (S_NO,STIME,ETIME,FLIGHT_NO) values (1384,to_date('22/01/30','RR/MM/DD'),65,'LJ558');
Insert into SCHEDULE (S_NO,STIME,ETIME,FLIGHT_NO) values (1385,to_date('22/01/24','RR/MM/DD'),75,'LJ560');
Insert into SCHEDULE (S_NO,STIME,ETIME,FLIGHT_NO) values (1386,to_date('22/01/25','RR/MM/DD'),75,'LJ560');
Insert into SCHEDULE (S_NO,STIME,ETIME,FLIGHT_NO) values (1387,to_date('22/01/26','RR/MM/DD'),75,'LJ560');
Insert into SCHEDULE (S_NO,STIME,ETIME,FLIGHT_NO) values (1388,to_date('22/01/27','RR/MM/DD'),75,'LJ560');
Insert into SCHEDULE (S_NO,STIME,ETIME,FLIGHT_NO) values (1389,to_date('22/01/28','RR/MM/DD'),75,'LJ560');
Insert into SCHEDULE (S_NO,STIME,ETIME,FLIGHT_NO) values (1390,to_date('22/01/29','RR/MM/DD'),75,'LJ560');
Insert into SCHEDULE (S_NO,STIME,ETIME,FLIGHT_NO) values (1391,to_date('22/01/30','RR/MM/DD'),75,'LJ560');
Insert into SCHEDULE (S_NO,STIME,ETIME,FLIGHT_NO) values (1392,to_date('22/01/24','RR/MM/DD'),75,'LJ582');
Insert into SCHEDULE (S_NO,STIME,ETIME,FLIGHT_NO) values (1393,to_date('22/01/25','RR/MM/DD'),75,'LJ582');
Insert into SCHEDULE (S_NO,STIME,ETIME,FLIGHT_NO) values (1394,to_date('22/01/26','RR/MM/DD'),75,'LJ582');
Insert into SCHEDULE (S_NO,STIME,ETIME,FLIGHT_NO) values (1395,to_date('22/01/27','RR/MM/DD'),75,'LJ582');
Insert into SCHEDULE (S_NO,STIME,ETIME,FLIGHT_NO) values (1396,to_date('22/01/28','RR/MM/DD'),75,'LJ582');
Insert into SCHEDULE (S_NO,STIME,ETIME,FLIGHT_NO) values (1397,to_date('22/01/29','RR/MM/DD'),60,'LJ582');
Insert into SCHEDULE (S_NO,STIME,ETIME,FLIGHT_NO) values (1398,to_date('22/01/30','RR/MM/DD'),60,'LJ582');
Insert into SCHEDULE (S_NO,STIME,ETIME,FLIGHT_NO) values (1399,to_date('22/01/24','RR/MM/DD'),85,'LJ588');
Insert into SCHEDULE (S_NO,STIME,ETIME,FLIGHT_NO) values (1400,to_date('22/01/25','RR/MM/DD'),85,'LJ588');
Insert into SCHEDULE (S_NO,STIME,ETIME,FLIGHT_NO) values (1401,to_date('22/01/26','RR/MM/DD'),85,'LJ588');
Insert into SCHEDULE (S_NO,STIME,ETIME,FLIGHT_NO) values (1402,to_date('22/01/28','RR/MM/DD'),85,'LJ588');
Insert into SCHEDULE (S_NO,STIME,ETIME,FLIGHT_NO) values (1403,to_date('22/01/29','RR/MM/DD'),85,'LJ588');
Insert into SCHEDULE (S_NO,STIME,ETIME,FLIGHT_NO) values (1404,to_date('22/01/30','RR/MM/DD'),85,'LJ588');
Insert into SCHEDULE (S_NO,STIME,ETIME,FLIGHT_NO) values (1405,to_date('22/01/27','RR/MM/DD'),75,'LJ556');
Insert into SCHEDULE (S_NO,STIME,ETIME,FLIGHT_NO) values (1406,to_date('22/01/01','RR/MM/DD'),55,'LJ593');
Insert into SCHEDULE (S_NO,STIME,ETIME,FLIGHT_NO) values (1407,to_date('22/01/01','RR/MM/DD'),55,'LJ597');
Insert into SCHEDULE (S_NO,STIME,ETIME,FLIGHT_NO) values (1408,to_date('22/01/01','RR/MM/DD'),55,'LJ591');
Insert into SCHEDULE (S_NO,STIME,ETIME,FLIGHT_NO) values (1409,to_date('22/01/01','RR/MM/DD'),55,'LJ595');
Insert into SCHEDULE (S_NO,STIME,ETIME,FLIGHT_NO) values (1410,to_date('22/01/02','RR/MM/DD'),55,'LJ593');
Insert into SCHEDULE (S_NO,STIME,ETIME,FLIGHT_NO) values (1411,to_date('22/01/02','RR/MM/DD'),55,'LJ597');
Insert into SCHEDULE (S_NO,STIME,ETIME,FLIGHT_NO) values (1412,to_date('22/01/02','RR/MM/DD'),55,'LJ591');
Insert into SCHEDULE (S_NO,STIME,ETIME,FLIGHT_NO) values (1413,to_date('22/01/02','RR/MM/DD'),55,'LJ595');
Insert into SCHEDULE (S_NO,STIME,ETIME,FLIGHT_NO) values (1414,to_date('22/01/03','RR/MM/DD'),55,'LJ593');
Insert into SCHEDULE (S_NO,STIME,ETIME,FLIGHT_NO) values (1415,to_date('22/01/04','RR/MM/DD'),55,'LJ593');
Insert into SCHEDULE (S_NO,STIME,ETIME,FLIGHT_NO) values (1416,to_date('22/01/05','RR/MM/DD'),55,'LJ593');
Insert into SCHEDULE (S_NO,STIME,ETIME,FLIGHT_NO) values (1417,to_date('22/01/06','RR/MM/DD'),55,'LJ593');
Insert into SCHEDULE (S_NO,STIME,ETIME,FLIGHT_NO) values (1418,to_date('22/01/07','RR/MM/DD'),55,'LJ593');
Insert into SCHEDULE (S_NO,STIME,ETIME,FLIGHT_NO) values (1419,to_date('22/01/08','RR/MM/DD'),55,'LJ593');
Insert into SCHEDULE (S_NO,STIME,ETIME,FLIGHT_NO) values (1420,to_date('22/01/09','RR/MM/DD'),55,'LJ593');
Insert into SCHEDULE (S_NO,STIME,ETIME,FLIGHT_NO) values (1421,to_date('22/01/03','RR/MM/DD'),55,'LJ597');
Insert into SCHEDULE (S_NO,STIME,ETIME,FLIGHT_NO) values (1422,to_date('22/01/04','RR/MM/DD'),55,'LJ597');
Insert into SCHEDULE (S_NO,STIME,ETIME,FLIGHT_NO) values (1423,to_date('22/01/07','RR/MM/DD'),55,'LJ597');
Insert into SCHEDULE (S_NO,STIME,ETIME,FLIGHT_NO) values (1424,to_date('22/01/08','RR/MM/DD'),55,'LJ597');
Insert into SCHEDULE (S_NO,STIME,ETIME,FLIGHT_NO) values (1425,to_date('22/01/09','RR/MM/DD'),55,'LJ597');
Insert into SCHEDULE (S_NO,STIME,ETIME,FLIGHT_NO) values (1426,to_date('22/01/03','RR/MM/DD'),55,'LJ591');
Insert into SCHEDULE (S_NO,STIME,ETIME,FLIGHT_NO) values (1427,to_date('22/01/05','RR/MM/DD'),55,'LJ591');
Insert into SCHEDULE (S_NO,STIME,ETIME,FLIGHT_NO) values (1428,to_date('22/01/06','RR/MM/DD'),55,'LJ591');
Insert into SCHEDULE (S_NO,STIME,ETIME,FLIGHT_NO) values (1429,to_date('22/01/07','RR/MM/DD'),55,'LJ591');
Insert into SCHEDULE (S_NO,STIME,ETIME,FLIGHT_NO) values (1430,to_date('22/01/08','RR/MM/DD'),55,'LJ591');
Insert into SCHEDULE (S_NO,STIME,ETIME,FLIGHT_NO) values (1431,to_date('22/01/09','RR/MM/DD'),55,'LJ591');
Insert into SCHEDULE (S_NO,STIME,ETIME,FLIGHT_NO) values (1432,to_date('22/01/03','RR/MM/DD'),55,'LJ595');
Insert into SCHEDULE (S_NO,STIME,ETIME,FLIGHT_NO) values (1433,to_date('22/01/04','RR/MM/DD'),55,'LJ595');
Insert into SCHEDULE (S_NO,STIME,ETIME,FLIGHT_NO) values (1434,to_date('22/01/05','RR/MM/DD'),55,'LJ595');
Insert into SCHEDULE (S_NO,STIME,ETIME,FLIGHT_NO) values (1435,to_date('22/01/06','RR/MM/DD'),55,'LJ595');
Insert into SCHEDULE (S_NO,STIME,ETIME,FLIGHT_NO) values (1436,to_date('22/01/07','RR/MM/DD'),55,'LJ595');
Insert into SCHEDULE (S_NO,STIME,ETIME,FLIGHT_NO) values (1437,to_date('22/01/08','RR/MM/DD'),55,'LJ595');
Insert into SCHEDULE (S_NO,STIME,ETIME,FLIGHT_NO) values (1438,to_date('22/01/09','RR/MM/DD'),55,'LJ595');
Insert into SCHEDULE (S_NO,STIME,ETIME,FLIGHT_NO) values (1439,to_date('22/01/10','RR/MM/DD'),55,'LJ593');
Insert into SCHEDULE (S_NO,STIME,ETIME,FLIGHT_NO) values (1440,to_date('22/01/11','RR/MM/DD'),55,'LJ593');
Insert into SCHEDULE (S_NO,STIME,ETIME,FLIGHT_NO) values (1441,to_date('22/01/12','RR/MM/DD'),55,'LJ593');
Insert into SCHEDULE (S_NO,STIME,ETIME,FLIGHT_NO) values (1442,to_date('22/01/13','RR/MM/DD'),55,'LJ593');
Insert into SCHEDULE (S_NO,STIME,ETIME,FLIGHT_NO) values (1443,to_date('22/01/14','RR/MM/DD'),55,'LJ593');
Insert into SCHEDULE (S_NO,STIME,ETIME,FLIGHT_NO) values (1444,to_date('22/01/15','RR/MM/DD'),55,'LJ593');
Insert into SCHEDULE (S_NO,STIME,ETIME,FLIGHT_NO) values (1445,to_date('22/01/16','RR/MM/DD'),55,'LJ593');
Insert into SCHEDULE (S_NO,STIME,ETIME,FLIGHT_NO) values (1446,to_date('22/01/10','RR/MM/DD'),55,'LJ597');
Insert into SCHEDULE (S_NO,STIME,ETIME,FLIGHT_NO) values (1447,to_date('22/01/14','RR/MM/DD'),55,'LJ597');
Insert into SCHEDULE (S_NO,STIME,ETIME,FLIGHT_NO) values (1448,to_date('22/01/15','RR/MM/DD'),55,'LJ597');
Insert into SCHEDULE (S_NO,STIME,ETIME,FLIGHT_NO) values (1449,to_date('22/01/16','RR/MM/DD'),55,'LJ597');
Insert into SCHEDULE (S_NO,STIME,ETIME,FLIGHT_NO) values (1450,to_date('22/01/10','RR/MM/DD'),55,'LJ591');
Insert into SCHEDULE (S_NO,STIME,ETIME,FLIGHT_NO) values (1451,to_date('22/01/11','RR/MM/DD'),55,'LJ591');
Insert into SCHEDULE (S_NO,STIME,ETIME,FLIGHT_NO) values (1452,to_date('22/01/12','RR/MM/DD'),55,'LJ591');
Insert into SCHEDULE (S_NO,STIME,ETIME,FLIGHT_NO) values (1453,to_date('22/01/13','RR/MM/DD'),55,'LJ591');
Insert into SCHEDULE (S_NO,STIME,ETIME,FLIGHT_NO) values (1454,to_date('22/01/14','RR/MM/DD'),55,'LJ591');
Insert into SCHEDULE (S_NO,STIME,ETIME,FLIGHT_NO) values (1455,to_date('22/01/15','RR/MM/DD'),55,'LJ591');
Insert into SCHEDULE (S_NO,STIME,ETIME,FLIGHT_NO) values (1456,to_date('22/01/16','RR/MM/DD'),55,'LJ591');
Insert into SCHEDULE (S_NO,STIME,ETIME,FLIGHT_NO) values (1457,to_date('22/01/10','RR/MM/DD'),55,'LJ595');
Insert into SCHEDULE (S_NO,STIME,ETIME,FLIGHT_NO) values (1458,to_date('22/01/11','RR/MM/DD'),55,'LJ595');
Insert into SCHEDULE (S_NO,STIME,ETIME,FLIGHT_NO) values (1459,to_date('22/01/12','RR/MM/DD'),55,'LJ595');
Insert into SCHEDULE (S_NO,STIME,ETIME,FLIGHT_NO) values (1460,to_date('22/01/13','RR/MM/DD'),55,'LJ595');
Insert into SCHEDULE (S_NO,STIME,ETIME,FLIGHT_NO) values (1461,to_date('22/01/14','RR/MM/DD'),55,'LJ595');
Insert into SCHEDULE (S_NO,STIME,ETIME,FLIGHT_NO) values (1462,to_date('22/01/15','RR/MM/DD'),55,'LJ595');
Insert into SCHEDULE (S_NO,STIME,ETIME,FLIGHT_NO) values (1463,to_date('22/01/16','RR/MM/DD'),55,'LJ595');
Insert into SCHEDULE (S_NO,STIME,ETIME,FLIGHT_NO) values (1464,to_date('22/01/17','RR/MM/DD'),55,'LJ593');
Insert into SCHEDULE (S_NO,STIME,ETIME,FLIGHT_NO) values (1465,to_date('22/01/18','RR/MM/DD'),55,'LJ593');
Insert into SCHEDULE (S_NO,STIME,ETIME,FLIGHT_NO) values (1466,to_date('22/01/19','RR/MM/DD'),55,'LJ593');
Insert into SCHEDULE (S_NO,STIME,ETIME,FLIGHT_NO) values (1467,to_date('22/01/20','RR/MM/DD'),55,'LJ593');
Insert into SCHEDULE (S_NO,STIME,ETIME,FLIGHT_NO) values (1468,to_date('22/01/21','RR/MM/DD'),55,'LJ593');
Insert into SCHEDULE (S_NO,STIME,ETIME,FLIGHT_NO) values (1469,to_date('22/01/22','RR/MM/DD'),55,'LJ593');
Insert into SCHEDULE (S_NO,STIME,ETIME,FLIGHT_NO) values (1470,to_date('22/01/23','RR/MM/DD'),55,'LJ593');
Insert into SCHEDULE (S_NO,STIME,ETIME,FLIGHT_NO) values (1471,to_date('22/01/17','RR/MM/DD'),55,'LJ597');
Insert into SCHEDULE (S_NO,STIME,ETIME,FLIGHT_NO) values (1472,to_date('22/01/21','RR/MM/DD'),55,'LJ597');
Insert into SCHEDULE (S_NO,STIME,ETIME,FLIGHT_NO) values (1473,to_date('22/01/22','RR/MM/DD'),55,'LJ597');
Insert into SCHEDULE (S_NO,STIME,ETIME,FLIGHT_NO) values (1474,to_date('22/01/23','RR/MM/DD'),55,'LJ597');
Insert into SCHEDULE (S_NO,STIME,ETIME,FLIGHT_NO) values (1475,to_date('22/01/17','RR/MM/DD'),55,'LJ591');
Insert into SCHEDULE (S_NO,STIME,ETIME,FLIGHT_NO) values (1476,to_date('22/01/18','RR/MM/DD'),55,'LJ591');
Insert into SCHEDULE (S_NO,STIME,ETIME,FLIGHT_NO) values (1477,to_date('22/01/19','RR/MM/DD'),55,'LJ591');
Insert into SCHEDULE (S_NO,STIME,ETIME,FLIGHT_NO) values (1478,to_date('22/01/20','RR/MM/DD'),55,'LJ591');
Insert into SCHEDULE (S_NO,STIME,ETIME,FLIGHT_NO) values (1479,to_date('22/01/21','RR/MM/DD'),55,'LJ591');
Insert into SCHEDULE (S_NO,STIME,ETIME,FLIGHT_NO) values (1480,to_date('22/01/22','RR/MM/DD'),55,'LJ591');
Insert into SCHEDULE (S_NO,STIME,ETIME,FLIGHT_NO) values (1481,to_date('22/01/23','RR/MM/DD'),55,'LJ591');
Insert into SCHEDULE (S_NO,STIME,ETIME,FLIGHT_NO) values (1482,to_date('22/01/17','RR/MM/DD'),55,'LJ595');
Insert into SCHEDULE (S_NO,STIME,ETIME,FLIGHT_NO) values (1483,to_date('22/01/18','RR/MM/DD'),55,'LJ595');
Insert into SCHEDULE (S_NO,STIME,ETIME,FLIGHT_NO) values (1484,to_date('22/01/19','RR/MM/DD'),55,'LJ595');
Insert into SCHEDULE (S_NO,STIME,ETIME,FLIGHT_NO) values (1485,to_date('22/01/20','RR/MM/DD'),55,'LJ595');
Insert into SCHEDULE (S_NO,STIME,ETIME,FLIGHT_NO) values (1486,to_date('22/01/21','RR/MM/DD'),55,'LJ595');
Insert into SCHEDULE (S_NO,STIME,ETIME,FLIGHT_NO) values (1487,to_date('22/01/22','RR/MM/DD'),55,'LJ595');
Insert into SCHEDULE (S_NO,STIME,ETIME,FLIGHT_NO) values (1488,to_date('22/01/23','RR/MM/DD'),55,'LJ595');
Insert into SCHEDULE (S_NO,STIME,ETIME,FLIGHT_NO) values (1489,to_date('22/01/24','RR/MM/DD'),55,'LJ593');
Insert into SCHEDULE (S_NO,STIME,ETIME,FLIGHT_NO) values (1490,to_date('22/01/25','RR/MM/DD'),55,'LJ593');
Insert into SCHEDULE (S_NO,STIME,ETIME,FLIGHT_NO) values (1491,to_date('22/01/26','RR/MM/DD'),55,'LJ593');
Insert into SCHEDULE (S_NO,STIME,ETIME,FLIGHT_NO) values (1492,to_date('22/01/27','RR/MM/DD'),55,'LJ593');
Insert into SCHEDULE (S_NO,STIME,ETIME,FLIGHT_NO) values (1493,to_date('22/01/28','RR/MM/DD'),55,'LJ593');
Insert into SCHEDULE (S_NO,STIME,ETIME,FLIGHT_NO) values (1494,to_date('22/01/29','RR/MM/DD'),55,'LJ593');
Insert into SCHEDULE (S_NO,STIME,ETIME,FLIGHT_NO) values (1495,to_date('22/01/30','RR/MM/DD'),55,'LJ593');
Insert into SCHEDULE (S_NO,STIME,ETIME,FLIGHT_NO) values (1496,to_date('22/01/24','RR/MM/DD'),55,'LJ597');
Insert into SCHEDULE (S_NO,STIME,ETIME,FLIGHT_NO) values (1497,to_date('22/01/25','RR/MM/DD'),55,'LJ597');
Insert into SCHEDULE (S_NO,STIME,ETIME,FLIGHT_NO) values (1498,to_date('22/01/26','RR/MM/DD'),55,'LJ597');
Insert into SCHEDULE (S_NO,STIME,ETIME,FLIGHT_NO) values (1499,to_date('22/01/27','RR/MM/DD'),55,'LJ597');
Insert into SCHEDULE (S_NO,STIME,ETIME,FLIGHT_NO) values (1500,to_date('22/01/28','RR/MM/DD'),55,'LJ597');
Insert into SCHEDULE (S_NO,STIME,ETIME,FLIGHT_NO) values (1501,to_date('22/01/29','RR/MM/DD'),55,'LJ597');
Insert into SCHEDULE (S_NO,STIME,ETIME,FLIGHT_NO) values (1502,to_date('22/01/30','RR/MM/DD'),55,'LJ597');
Insert into SCHEDULE (S_NO,STIME,ETIME,FLIGHT_NO) values (1503,to_date('22/01/24','RR/MM/DD'),55,'LJ591');
Insert into SCHEDULE (S_NO,STIME,ETIME,FLIGHT_NO) values (1504,to_date('22/01/25','RR/MM/DD'),55,'LJ591');
Insert into SCHEDULE (S_NO,STIME,ETIME,FLIGHT_NO) values (1505,to_date('22/01/26','RR/MM/DD'),55,'LJ591');
Insert into SCHEDULE (S_NO,STIME,ETIME,FLIGHT_NO) values (1506,to_date('22/01/27','RR/MM/DD'),55,'LJ591');
Insert into SCHEDULE (S_NO,STIME,ETIME,FLIGHT_NO) values (1507,to_date('22/01/28','RR/MM/DD'),55,'LJ591');
Insert into SCHEDULE (S_NO,STIME,ETIME,FLIGHT_NO) values (1508,to_date('22/01/29','RR/MM/DD'),55,'LJ591');
Insert into SCHEDULE (S_NO,STIME,ETIME,FLIGHT_NO) values (1509,to_date('22/01/30','RR/MM/DD'),55,'LJ591');
Insert into SCHEDULE (S_NO,STIME,ETIME,FLIGHT_NO) values (1510,to_date('22/01/24','RR/MM/DD'),55,'LJ595');
Insert into SCHEDULE (S_NO,STIME,ETIME,FLIGHT_NO) values (1511,to_date('22/01/25','RR/MM/DD'),55,'LJ595');
Insert into SCHEDULE (S_NO,STIME,ETIME,FLIGHT_NO) values (1512,to_date('22/01/26','RR/MM/DD'),55,'LJ595');
Insert into SCHEDULE (S_NO,STIME,ETIME,FLIGHT_NO) values (1513,to_date('22/01/27','RR/MM/DD'),55,'LJ595');
Insert into SCHEDULE (S_NO,STIME,ETIME,FLIGHT_NO) values (1514,to_date('22/01/28','RR/MM/DD'),55,'LJ595');
Insert into SCHEDULE (S_NO,STIME,ETIME,FLIGHT_NO) values (1515,to_date('22/01/29','RR/MM/DD'),55,'LJ595');
Insert into SCHEDULE (S_NO,STIME,ETIME,FLIGHT_NO) values (1516,to_date('22/01/30','RR/MM/DD'),55,'LJ595');
Insert into SCHEDULE (S_NO,STIME,ETIME,FLIGHT_NO) values (1517,to_date('22/01/01','RR/MM/DD'),55,'LJ592');
Insert into SCHEDULE (S_NO,STIME,ETIME,FLIGHT_NO) values (1518,to_date('22/01/02','RR/MM/DD'),55,'LJ592');
Insert into SCHEDULE (S_NO,STIME,ETIME,FLIGHT_NO) values (1519,to_date('22/01/01','RR/MM/DD'),70,'LJ598');
Insert into SCHEDULE (S_NO,STIME,ETIME,FLIGHT_NO) values (1520,to_date('22/01/02','RR/MM/DD'),70,'LJ598');
Insert into SCHEDULE (S_NO,STIME,ETIME,FLIGHT_NO) values (1521,to_date('22/01/01','RR/MM/DD'),55,'LJ596');
Insert into SCHEDULE (S_NO,STIME,ETIME,FLIGHT_NO) values (1522,to_date('22/01/02','RR/MM/DD'),55,'LJ596');
Insert into SCHEDULE (S_NO,STIME,ETIME,FLIGHT_NO) values (1523,to_date('22/01/01','RR/MM/DD'),55,'LJ594');
Insert into SCHEDULE (S_NO,STIME,ETIME,FLIGHT_NO) values (1524,to_date('22/01/02','RR/MM/DD'),55,'LJ594');
Insert into SCHEDULE (S_NO,STIME,ETIME,FLIGHT_NO) values (1525,to_date('22/01/03','RR/MM/DD'),55,'LJ592');
Insert into SCHEDULE (S_NO,STIME,ETIME,FLIGHT_NO) values (1526,to_date('22/01/04','RR/MM/DD'),55,'LJ592');
Insert into SCHEDULE (S_NO,STIME,ETIME,FLIGHT_NO) values (1527,to_date('22/01/05','RR/MM/DD'),55,'LJ592');
Insert into SCHEDULE (S_NO,STIME,ETIME,FLIGHT_NO) values (1528,to_date('22/01/06','RR/MM/DD'),55,'LJ592');
Insert into SCHEDULE (S_NO,STIME,ETIME,FLIGHT_NO) values (1529,to_date('22/01/07','RR/MM/DD'),55,'LJ592');
Insert into SCHEDULE (S_NO,STIME,ETIME,FLIGHT_NO) values (1530,to_date('22/01/08','RR/MM/DD'),55,'LJ592');
Insert into SCHEDULE (S_NO,STIME,ETIME,FLIGHT_NO) values (1531,to_date('22/01/09','RR/MM/DD'),55,'LJ592');
Insert into SCHEDULE (S_NO,STIME,ETIME,FLIGHT_NO) values (1532,to_date('22/01/03','RR/MM/DD'),70,'LJ598');
Insert into SCHEDULE (S_NO,STIME,ETIME,FLIGHT_NO) values (1533,to_date('22/01/04','RR/MM/DD'),70,'LJ598');
Insert into SCHEDULE (S_NO,STIME,ETIME,FLIGHT_NO) values (1534,to_date('22/01/06','RR/MM/DD'),70,'LJ598');
Insert into SCHEDULE (S_NO,STIME,ETIME,FLIGHT_NO) values (1535,to_date('22/01/07','RR/MM/DD'),70,'LJ598');
Insert into SCHEDULE (S_NO,STIME,ETIME,FLIGHT_NO) values (1536,to_date('22/01/08','RR/MM/DD'),70,'LJ598');
Insert into SCHEDULE (S_NO,STIME,ETIME,FLIGHT_NO) values (1537,to_date('22/01/09','RR/MM/DD'),70,'LJ598');
Insert into SCHEDULE (S_NO,STIME,ETIME,FLIGHT_NO) values (1538,to_date('22/01/03','RR/MM/DD'),55,'LJ596');
Insert into SCHEDULE (S_NO,STIME,ETIME,FLIGHT_NO) values (1539,to_date('22/01/05','RR/MM/DD'),55,'LJ596');
Insert into SCHEDULE (S_NO,STIME,ETIME,FLIGHT_NO) values (1540,to_date('22/01/07','RR/MM/DD'),55,'LJ596');
Insert into SCHEDULE (S_NO,STIME,ETIME,FLIGHT_NO) values (1541,to_date('22/01/08','RR/MM/DD'),55,'LJ596');
Insert into SCHEDULE (S_NO,STIME,ETIME,FLIGHT_NO) values (1542,to_date('22/01/09','RR/MM/DD'),55,'LJ596');
Insert into SCHEDULE (S_NO,STIME,ETIME,FLIGHT_NO) values (1543,to_date('22/01/03','RR/MM/DD'),55,'LJ594');
Insert into SCHEDULE (S_NO,STIME,ETIME,FLIGHT_NO) values (1544,to_date('22/01/04','RR/MM/DD'),55,'LJ594');
Insert into SCHEDULE (S_NO,STIME,ETIME,FLIGHT_NO) values (1545,to_date('22/01/05','RR/MM/DD'),55,'LJ594');
Insert into SCHEDULE (S_NO,STIME,ETIME,FLIGHT_NO) values (1546,to_date('22/01/06','RR/MM/DD'),55,'LJ594');
Insert into SCHEDULE (S_NO,STIME,ETIME,FLIGHT_NO) values (1547,to_date('22/01/07','RR/MM/DD'),55,'LJ594');
Insert into SCHEDULE (S_NO,STIME,ETIME,FLIGHT_NO) values (1548,to_date('22/01/08','RR/MM/DD'),55,'LJ594');
Insert into SCHEDULE (S_NO,STIME,ETIME,FLIGHT_NO) values (1549,to_date('22/01/09','RR/MM/DD'),55,'LJ594');
Insert into SCHEDULE (S_NO,STIME,ETIME,FLIGHT_NO) values (1550,to_date('22/01/10','RR/MM/DD'),55,'LJ592');
Insert into SCHEDULE (S_NO,STIME,ETIME,FLIGHT_NO) values (1551,to_date('22/01/11','RR/MM/DD'),55,'LJ592');
Insert into SCHEDULE (S_NO,STIME,ETIME,FLIGHT_NO) values (1552,to_date('22/01/12','RR/MM/DD'),55,'LJ592');
Insert into SCHEDULE (S_NO,STIME,ETIME,FLIGHT_NO) values (1553,to_date('22/01/13','RR/MM/DD'),55,'LJ592');
Insert into SCHEDULE (S_NO,STIME,ETIME,FLIGHT_NO) values (1554,to_date('22/01/14','RR/MM/DD'),55,'LJ592');
Insert into SCHEDULE (S_NO,STIME,ETIME,FLIGHT_NO) values (1555,to_date('22/01/15','RR/MM/DD'),55,'LJ592');
Insert into SCHEDULE (S_NO,STIME,ETIME,FLIGHT_NO) values (1556,to_date('22/01/16','RR/MM/DD'),55,'LJ592');
Insert into SCHEDULE (S_NO,STIME,ETIME,FLIGHT_NO) values (1557,to_date('22/01/10','RR/MM/DD'),70,'LJ598');
Insert into SCHEDULE (S_NO,STIME,ETIME,FLIGHT_NO) values (1558,to_date('22/01/11','RR/MM/DD'),70,'LJ598');
Insert into SCHEDULE (S_NO,STIME,ETIME,FLIGHT_NO) values (1559,to_date('22/01/12','RR/MM/DD'),70,'LJ598');
Insert into SCHEDULE (S_NO,STIME,ETIME,FLIGHT_NO) values (1560,to_date('22/01/13','RR/MM/DD'),70,'LJ598');
Insert into SCHEDULE (S_NO,STIME,ETIME,FLIGHT_NO) values (1561,to_date('22/01/14','RR/MM/DD'),70,'LJ598');
Insert into SCHEDULE (S_NO,STIME,ETIME,FLIGHT_NO) values (1562,to_date('22/01/15','RR/MM/DD'),70,'LJ598');
Insert into SCHEDULE (S_NO,STIME,ETIME,FLIGHT_NO) values (1563,to_date('22/01/16','RR/MM/DD'),70,'LJ598');
Insert into SCHEDULE (S_NO,STIME,ETIME,FLIGHT_NO) values (1564,to_date('22/01/10','RR/MM/DD'),55,'LJ596');
Insert into SCHEDULE (S_NO,STIME,ETIME,FLIGHT_NO) values (1565,to_date('22/01/14','RR/MM/DD'),55,'LJ596');
Insert into SCHEDULE (S_NO,STIME,ETIME,FLIGHT_NO) values (1566,to_date('22/01/15','RR/MM/DD'),55,'LJ596');
Insert into SCHEDULE (S_NO,STIME,ETIME,FLIGHT_NO) values (1567,to_date('22/01/16','RR/MM/DD'),55,'LJ596');
Insert into SCHEDULE (S_NO,STIME,ETIME,FLIGHT_NO) values (1568,to_date('22/01/10','RR/MM/DD'),55,'LJ594');
Insert into SCHEDULE (S_NO,STIME,ETIME,FLIGHT_NO) values (1569,to_date('22/01/11','RR/MM/DD'),55,'LJ594');
Insert into SCHEDULE (S_NO,STIME,ETIME,FLIGHT_NO) values (1570,to_date('22/01/12','RR/MM/DD'),55,'LJ594');
Insert into SCHEDULE (S_NO,STIME,ETIME,FLIGHT_NO) values (1571,to_date('22/01/13','RR/MM/DD'),55,'LJ594');
Insert into SCHEDULE (S_NO,STIME,ETIME,FLIGHT_NO) values (1572,to_date('22/01/14','RR/MM/DD'),55,'LJ594');
Insert into SCHEDULE (S_NO,STIME,ETIME,FLIGHT_NO) values (1573,to_date('22/01/15','RR/MM/DD'),55,'LJ594');
Insert into SCHEDULE (S_NO,STIME,ETIME,FLIGHT_NO) values (1574,to_date('22/01/16','RR/MM/DD'),55,'LJ594');
Insert into SCHEDULE (S_NO,STIME,ETIME,FLIGHT_NO) values (1575,to_date('22/01/17','RR/MM/DD'),55,'LJ592');
Insert into SCHEDULE (S_NO,STIME,ETIME,FLIGHT_NO) values (1576,to_date('22/01/18','RR/MM/DD'),55,'LJ592');
Insert into SCHEDULE (S_NO,STIME,ETIME,FLIGHT_NO) values (1577,to_date('22/01/19','RR/MM/DD'),55,'LJ592');
Insert into SCHEDULE (S_NO,STIME,ETIME,FLIGHT_NO) values (1578,to_date('22/01/20','RR/MM/DD'),55,'LJ592');
Insert into SCHEDULE (S_NO,STIME,ETIME,FLIGHT_NO) values (1579,to_date('22/01/21','RR/MM/DD'),55,'LJ592');
Insert into SCHEDULE (S_NO,STIME,ETIME,FLIGHT_NO) values (1580,to_date('22/01/22','RR/MM/DD'),55,'LJ592');
Insert into SCHEDULE (S_NO,STIME,ETIME,FLIGHT_NO) values (1581,to_date('22/01/23','RR/MM/DD'),55,'LJ592');
Insert into SCHEDULE (S_NO,STIME,ETIME,FLIGHT_NO) values (1582,to_date('22/01/17','RR/MM/DD'),70,'LJ598');
Insert into SCHEDULE (S_NO,STIME,ETIME,FLIGHT_NO) values (1583,to_date('22/01/18','RR/MM/DD'),70,'LJ598');
Insert into SCHEDULE (S_NO,STIME,ETIME,FLIGHT_NO) values (1584,to_date('22/01/19','RR/MM/DD'),70,'LJ598');
Insert into SCHEDULE (S_NO,STIME,ETIME,FLIGHT_NO) values (1585,to_date('22/01/20','RR/MM/DD'),70,'LJ598');
Insert into SCHEDULE (S_NO,STIME,ETIME,FLIGHT_NO) values (1586,to_date('22/01/21','RR/MM/DD'),70,'LJ598');
Insert into SCHEDULE (S_NO,STIME,ETIME,FLIGHT_NO) values (1587,to_date('22/01/22','RR/MM/DD'),70,'LJ598');
Insert into SCHEDULE (S_NO,STIME,ETIME,FLIGHT_NO) values (1588,to_date('22/01/23','RR/MM/DD'),70,'LJ598');
Insert into SCHEDULE (S_NO,STIME,ETIME,FLIGHT_NO) values (1589,to_date('22/01/17','RR/MM/DD'),55,'LJ596');
Insert into SCHEDULE (S_NO,STIME,ETIME,FLIGHT_NO) values (1590,to_date('22/01/21','RR/MM/DD'),55,'LJ596');
Insert into SCHEDULE (S_NO,STIME,ETIME,FLIGHT_NO) values (1591,to_date('22/01/22','RR/MM/DD'),55,'LJ596');
Insert into SCHEDULE (S_NO,STIME,ETIME,FLIGHT_NO) values (1592,to_date('22/01/23','RR/MM/DD'),55,'LJ596');
Insert into SCHEDULE (S_NO,STIME,ETIME,FLIGHT_NO) values (1593,to_date('22/01/17','RR/MM/DD'),55,'LJ594');
Insert into SCHEDULE (S_NO,STIME,ETIME,FLIGHT_NO) values (1594,to_date('22/01/18','RR/MM/DD'),55,'LJ594');
Insert into SCHEDULE (S_NO,STIME,ETIME,FLIGHT_NO) values (1595,to_date('22/01/19','RR/MM/DD'),55,'LJ594');
Insert into SCHEDULE (S_NO,STIME,ETIME,FLIGHT_NO) values (1596,to_date('22/01/20','RR/MM/DD'),55,'LJ594');
Insert into SCHEDULE (S_NO,STIME,ETIME,FLIGHT_NO) values (1597,to_date('22/01/21','RR/MM/DD'),55,'LJ594');
Insert into SCHEDULE (S_NO,STIME,ETIME,FLIGHT_NO) values (1598,to_date('22/01/22','RR/MM/DD'),55,'LJ594');
Insert into SCHEDULE (S_NO,STIME,ETIME,FLIGHT_NO) values (1599,to_date('22/01/23','RR/MM/DD'),55,'LJ594');
Insert into SCHEDULE (S_NO,STIME,ETIME,FLIGHT_NO) values (1600,to_date('22/01/24','RR/MM/DD'),55,'LJ592');
Insert into SCHEDULE (S_NO,STIME,ETIME,FLIGHT_NO) values (1601,to_date('22/01/25','RR/MM/DD'),55,'LJ592');
Insert into SCHEDULE (S_NO,STIME,ETIME,FLIGHT_NO) values (1602,to_date('22/01/26','RR/MM/DD'),55,'LJ592');
Insert into SCHEDULE (S_NO,STIME,ETIME,FLIGHT_NO) values (1603,to_date('22/01/27','RR/MM/DD'),55,'LJ592');
Insert into SCHEDULE (S_NO,STIME,ETIME,FLIGHT_NO) values (1604,to_date('22/01/28','RR/MM/DD'),55,'LJ592');
Insert into SCHEDULE (S_NO,STIME,ETIME,FLIGHT_NO) values (1605,to_date('22/01/29','RR/MM/DD'),55,'LJ592');
Insert into SCHEDULE (S_NO,STIME,ETIME,FLIGHT_NO) values (1606,to_date('22/01/30','RR/MM/DD'),55,'LJ592');
Insert into SCHEDULE (S_NO,STIME,ETIME,FLIGHT_NO) values (1607,to_date('22/01/24','RR/MM/DD'),70,'LJ598');
Insert into SCHEDULE (S_NO,STIME,ETIME,FLIGHT_NO) values (1608,to_date('22/01/25','RR/MM/DD'),70,'LJ598');
Insert into SCHEDULE (S_NO,STIME,ETIME,FLIGHT_NO) values (1609,to_date('22/01/26','RR/MM/DD'),70,'LJ598');
Insert into SCHEDULE (S_NO,STIME,ETIME,FLIGHT_NO) values (1610,to_date('22/01/27','RR/MM/DD'),70,'LJ598');
Insert into SCHEDULE (S_NO,STIME,ETIME,FLIGHT_NO) values (1611,to_date('22/01/28','RR/MM/DD'),70,'LJ598');
Insert into SCHEDULE (S_NO,STIME,ETIME,FLIGHT_NO) values (1612,to_date('22/01/29','RR/MM/DD'),70,'LJ598');
Insert into SCHEDULE (S_NO,STIME,ETIME,FLIGHT_NO) values (1613,to_date('22/01/30','RR/MM/DD'),70,'LJ598');
Insert into SCHEDULE (S_NO,STIME,ETIME,FLIGHT_NO) values (1614,to_date('22/01/24','RR/MM/DD'),55,'LJ596');
Insert into SCHEDULE (S_NO,STIME,ETIME,FLIGHT_NO) values (1615,to_date('22/01/25','RR/MM/DD'),55,'LJ596');
Insert into SCHEDULE (S_NO,STIME,ETIME,FLIGHT_NO) values (1616,to_date('22/01/26','RR/MM/DD'),55,'LJ596');
Insert into SCHEDULE (S_NO,STIME,ETIME,FLIGHT_NO) values (1617,to_date('22/01/27','RR/MM/DD'),55,'LJ596');
Insert into SCHEDULE (S_NO,STIME,ETIME,FLIGHT_NO) values (1618,to_date('22/01/28','RR/MM/DD'),55,'LJ596');
Insert into SCHEDULE (S_NO,STIME,ETIME,FLIGHT_NO) values (1619,to_date('22/01/29','RR/MM/DD'),55,'LJ596');
Insert into SCHEDULE (S_NO,STIME,ETIME,FLIGHT_NO) values (1620,to_date('22/01/30','RR/MM/DD'),55,'LJ596');
Insert into SCHEDULE (S_NO,STIME,ETIME,FLIGHT_NO) values (1621,to_date('22/01/24','RR/MM/DD'),55,'LJ594');
Insert into SCHEDULE (S_NO,STIME,ETIME,FLIGHT_NO) values (1622,to_date('22/01/25','RR/MM/DD'),55,'LJ594');
Insert into SCHEDULE (S_NO,STIME,ETIME,FLIGHT_NO) values (1623,to_date('22/01/26','RR/MM/DD'),55,'LJ594');
Insert into SCHEDULE (S_NO,STIME,ETIME,FLIGHT_NO) values (1624,to_date('22/01/27','RR/MM/DD'),55,'LJ594');
Insert into SCHEDULE (S_NO,STIME,ETIME,FLIGHT_NO) values (1625,to_date('22/01/28','RR/MM/DD'),55,'LJ594');
Insert into SCHEDULE (S_NO,STIME,ETIME,FLIGHT_NO) values (1626,to_date('22/01/29','RR/MM/DD'),55,'LJ594');
Insert into SCHEDULE (S_NO,STIME,ETIME,FLIGHT_NO) values (1627,to_date('22/01/30','RR/MM/DD'),55,'LJ594');
Insert into SCHEDULE (S_NO,STIME,ETIME,FLIGHT_NO) values (1628,to_date('22/01/01','RR/MM/DD'),70,'LJ571');
Insert into SCHEDULE (S_NO,STIME,ETIME,FLIGHT_NO) values (1629,to_date('22/01/02','RR/MM/DD'),70,'LJ571');
Insert into SCHEDULE (S_NO,STIME,ETIME,FLIGHT_NO) values (1630,to_date('22/01/01','RR/MM/DD'),65,'LJ573');
Insert into SCHEDULE (S_NO,STIME,ETIME,FLIGHT_NO) values (1631,to_date('22/01/02','RR/MM/DD'),65,'LJ573');
Insert into SCHEDULE (S_NO,STIME,ETIME,FLIGHT_NO) values (1632,to_date('22/01/01','RR/MM/DD'),70,'LJ575');
Insert into SCHEDULE (S_NO,STIME,ETIME,FLIGHT_NO) values (1633,to_date('22/01/02','RR/MM/DD'),70,'LJ575');
Insert into SCHEDULE (S_NO,STIME,ETIME,FLIGHT_NO) values (1634,to_date('22/01/01','RR/MM/DD'),65,'LJ577');
Insert into SCHEDULE (S_NO,STIME,ETIME,FLIGHT_NO) values (1635,to_date('22/01/02','RR/MM/DD'),65,'LJ577');
Insert into SCHEDULE (S_NO,STIME,ETIME,FLIGHT_NO) values (1636,to_date('22/01/03','RR/MM/DD'),70,'LJ571');
Insert into SCHEDULE (S_NO,STIME,ETIME,FLIGHT_NO) values (1637,to_date('22/01/04','RR/MM/DD'),70,'LJ571');
Insert into SCHEDULE (S_NO,STIME,ETIME,FLIGHT_NO) values (1638,to_date('22/01/05','RR/MM/DD'),70,'LJ571');
Insert into SCHEDULE (S_NO,STIME,ETIME,FLIGHT_NO) values (1639,to_date('22/01/06','RR/MM/DD'),70,'LJ571');
Insert into SCHEDULE (S_NO,STIME,ETIME,FLIGHT_NO) values (1640,to_date('22/01/07','RR/MM/DD'),70,'LJ571');
Insert into SCHEDULE (S_NO,STIME,ETIME,FLIGHT_NO) values (1641,to_date('22/01/08','RR/MM/DD'),70,'LJ571');
Insert into SCHEDULE (S_NO,STIME,ETIME,FLIGHT_NO) values (1642,to_date('22/01/09','RR/MM/DD'),70,'LJ571');
Insert into SCHEDULE (S_NO,STIME,ETIME,FLIGHT_NO) values (1643,to_date('22/01/03','RR/MM/DD'),65,'LJ573');
Insert into SCHEDULE (S_NO,STIME,ETIME,FLIGHT_NO) values (1644,to_date('22/01/04','RR/MM/DD'),65,'LJ573');
Insert into SCHEDULE (S_NO,STIME,ETIME,FLIGHT_NO) values (1645,to_date('22/01/05','RR/MM/DD'),65,'LJ573');
Insert into SCHEDULE (S_NO,STIME,ETIME,FLIGHT_NO) values (1646,to_date('22/01/07','RR/MM/DD'),65,'LJ573');
Insert into SCHEDULE (S_NO,STIME,ETIME,FLIGHT_NO) values (1647,to_date('22/01/08','RR/MM/DD'),65,'LJ573');
Insert into SCHEDULE (S_NO,STIME,ETIME,FLIGHT_NO) values (1648,to_date('22/01/09','RR/MM/DD'),65,'LJ573');
Insert into SCHEDULE (S_NO,STIME,ETIME,FLIGHT_NO) values (1649,to_date('22/01/03','RR/MM/DD'),65,'LJ575');
Insert into SCHEDULE (S_NO,STIME,ETIME,FLIGHT_NO) values (1650,to_date('22/01/04','RR/MM/DD'),65,'LJ575');
Insert into SCHEDULE (S_NO,STIME,ETIME,FLIGHT_NO) values (1651,to_date('22/01/05','RR/MM/DD'),65,'LJ575');
Insert into SCHEDULE (S_NO,STIME,ETIME,FLIGHT_NO) values (1652,to_date('22/01/06','RR/MM/DD'),65,'LJ575');
Insert into SCHEDULE (S_NO,STIME,ETIME,FLIGHT_NO) values (1653,to_date('22/01/07','RR/MM/DD'),65,'LJ575');
Insert into SCHEDULE (S_NO,STIME,ETIME,FLIGHT_NO) values (1654,to_date('22/01/09','RR/MM/DD'),65,'LJ575');
Insert into SCHEDULE (S_NO,STIME,ETIME,FLIGHT_NO) values (1655,to_date('22/01/08','RR/MM/DD'),70,'LJ575');
Insert into SCHEDULE (S_NO,STIME,ETIME,FLIGHT_NO) values (1656,to_date('22/01/03','RR/MM/DD'),65,'LJ577');
Insert into SCHEDULE (S_NO,STIME,ETIME,FLIGHT_NO) values (1657,to_date('22/01/06','RR/MM/DD'),65,'LJ577');
Insert into SCHEDULE (S_NO,STIME,ETIME,FLIGHT_NO) values (1658,to_date('22/01/07','RR/MM/DD'),65,'LJ577');
Insert into SCHEDULE (S_NO,STIME,ETIME,FLIGHT_NO) values (1659,to_date('22/01/08','RR/MM/DD'),65,'LJ577');
Insert into SCHEDULE (S_NO,STIME,ETIME,FLIGHT_NO) values (1660,to_date('22/01/09','RR/MM/DD'),65,'LJ577');
Insert into SCHEDULE (S_NO,STIME,ETIME,FLIGHT_NO) values (1661,to_date('22/01/10','RR/MM/DD'),70,'LJ571');
Insert into SCHEDULE (S_NO,STIME,ETIME,FLIGHT_NO) values (1662,to_date('22/01/11','RR/MM/DD'),70,'LJ571');
Insert into SCHEDULE (S_NO,STIME,ETIME,FLIGHT_NO) values (1663,to_date('22/01/12','RR/MM/DD'),70,'LJ571');
Insert into SCHEDULE (S_NO,STIME,ETIME,FLIGHT_NO) values (1664,to_date('22/01/13','RR/MM/DD'),70,'LJ571');
Insert into SCHEDULE (S_NO,STIME,ETIME,FLIGHT_NO) values (1665,to_date('22/01/14','RR/MM/DD'),70,'LJ571');
Insert into SCHEDULE (S_NO,STIME,ETIME,FLIGHT_NO) values (1666,to_date('22/01/15','RR/MM/DD'),70,'LJ571');
Insert into SCHEDULE (S_NO,STIME,ETIME,FLIGHT_NO) values (1667,to_date('22/01/16','RR/MM/DD'),70,'LJ571');
Insert into SCHEDULE (S_NO,STIME,ETIME,FLIGHT_NO) values (1668,to_date('22/01/10','RR/MM/DD'),65,'LJ573');
Insert into SCHEDULE (S_NO,STIME,ETIME,FLIGHT_NO) values (1669,to_date('22/01/11','RR/MM/DD'),65,'LJ573');
Insert into SCHEDULE (S_NO,STIME,ETIME,FLIGHT_NO) values (1670,to_date('22/01/12','RR/MM/DD'),65,'LJ573');
Insert into SCHEDULE (S_NO,STIME,ETIME,FLIGHT_NO) values (1671,to_date('22/01/13','RR/MM/DD'),65,'LJ573');
Insert into SCHEDULE (S_NO,STIME,ETIME,FLIGHT_NO) values (1672,to_date('22/01/14','RR/MM/DD'),65,'LJ573');
Insert into SCHEDULE (S_NO,STIME,ETIME,FLIGHT_NO) values (1673,to_date('22/01/15','RR/MM/DD'),65,'LJ573');
Insert into SCHEDULE (S_NO,STIME,ETIME,FLIGHT_NO) values (1674,to_date('22/01/16','RR/MM/DD'),65,'LJ573');
Insert into SCHEDULE (S_NO,STIME,ETIME,FLIGHT_NO) values (1675,to_date('22/01/10','RR/MM/DD'),65,'LJ575');
Insert into SCHEDULE (S_NO,STIME,ETIME,FLIGHT_NO) values (1676,to_date('22/01/11','RR/MM/DD'),65,'LJ575');
Insert into SCHEDULE (S_NO,STIME,ETIME,FLIGHT_NO) values (1677,to_date('22/01/12','RR/MM/DD'),65,'LJ575');
Insert into SCHEDULE (S_NO,STIME,ETIME,FLIGHT_NO) values (1678,to_date('22/01/13','RR/MM/DD'),65,'LJ575');
Insert into SCHEDULE (S_NO,STIME,ETIME,FLIGHT_NO) values (1679,to_date('22/01/14','RR/MM/DD'),65,'LJ575');
Insert into SCHEDULE (S_NO,STIME,ETIME,FLIGHT_NO) values (1680,to_date('22/01/16','RR/MM/DD'),65,'LJ575');
Insert into SCHEDULE (S_NO,STIME,ETIME,FLIGHT_NO) values (1681,to_date('22/01/15','RR/MM/DD'),70,'LJ575');
Insert into SCHEDULE (S_NO,STIME,ETIME,FLIGHT_NO) values (1682,to_date('22/01/10','RR/MM/DD'),65,'LJ577');
Insert into SCHEDULE (S_NO,STIME,ETIME,FLIGHT_NO) values (1683,to_date('22/01/14','RR/MM/DD'),65,'LJ577');
Insert into SCHEDULE (S_NO,STIME,ETIME,FLIGHT_NO) values (1684,to_date('22/01/15','RR/MM/DD'),65,'LJ577');
Insert into SCHEDULE (S_NO,STIME,ETIME,FLIGHT_NO) values (1685,to_date('22/01/16','RR/MM/DD'),65,'LJ577');
Insert into SCHEDULE (S_NO,STIME,ETIME,FLIGHT_NO) values (1686,to_date('22/01/17','RR/MM/DD'),70,'LJ571');
Insert into SCHEDULE (S_NO,STIME,ETIME,FLIGHT_NO) values (1687,to_date('22/01/18','RR/MM/DD'),70,'LJ571');
Insert into SCHEDULE (S_NO,STIME,ETIME,FLIGHT_NO) values (1688,to_date('22/01/19','RR/MM/DD'),70,'LJ571');
Insert into SCHEDULE (S_NO,STIME,ETIME,FLIGHT_NO) values (1689,to_date('22/01/20','RR/MM/DD'),70,'LJ571');
Insert into SCHEDULE (S_NO,STIME,ETIME,FLIGHT_NO) values (1690,to_date('22/01/21','RR/MM/DD'),70,'LJ571');
Insert into SCHEDULE (S_NO,STIME,ETIME,FLIGHT_NO) values (1691,to_date('22/01/22','RR/MM/DD'),70,'LJ571');
Insert into SCHEDULE (S_NO,STIME,ETIME,FLIGHT_NO) values (1692,to_date('22/01/23','RR/MM/DD'),70,'LJ571');
Insert into SCHEDULE (S_NO,STIME,ETIME,FLIGHT_NO) values (1693,to_date('22/01/17','RR/MM/DD'),65,'LJ573');
Insert into SCHEDULE (S_NO,STIME,ETIME,FLIGHT_NO) values (1694,to_date('22/01/18','RR/MM/DD'),65,'LJ573');
Insert into SCHEDULE (S_NO,STIME,ETIME,FLIGHT_NO) values (1695,to_date('22/01/19','RR/MM/DD'),65,'LJ573');
Insert into SCHEDULE (S_NO,STIME,ETIME,FLIGHT_NO) values (1696,to_date('22/01/20','RR/MM/DD'),65,'LJ573');
Insert into SCHEDULE (S_NO,STIME,ETIME,FLIGHT_NO) values (1697,to_date('22/01/21','RR/MM/DD'),65,'LJ573');
Insert into SCHEDULE (S_NO,STIME,ETIME,FLIGHT_NO) values (1698,to_date('22/01/22','RR/MM/DD'),65,'LJ573');
Insert into SCHEDULE (S_NO,STIME,ETIME,FLIGHT_NO) values (1699,to_date('22/01/23','RR/MM/DD'),65,'LJ573');
Insert into SCHEDULE (S_NO,STIME,ETIME,FLIGHT_NO) values (1700,to_date('22/01/17','RR/MM/DD'),65,'LJ575');
Insert into SCHEDULE (S_NO,STIME,ETIME,FLIGHT_NO) values (1701,to_date('22/01/18','RR/MM/DD'),65,'LJ575');
Insert into SCHEDULE (S_NO,STIME,ETIME,FLIGHT_NO) values (1702,to_date('22/01/19','RR/MM/DD'),65,'LJ575');
Insert into SCHEDULE (S_NO,STIME,ETIME,FLIGHT_NO) values (1703,to_date('22/01/20','RR/MM/DD'),65,'LJ575');
Insert into SCHEDULE (S_NO,STIME,ETIME,FLIGHT_NO) values (1704,to_date('22/01/21','RR/MM/DD'),65,'LJ575');
Insert into SCHEDULE (S_NO,STIME,ETIME,FLIGHT_NO) values (1705,to_date('22/01/23','RR/MM/DD'),65,'LJ575');
Insert into SCHEDULE (S_NO,STIME,ETIME,FLIGHT_NO) values (1706,to_date('22/01/22','RR/MM/DD'),70,'LJ575');
Insert into SCHEDULE (S_NO,STIME,ETIME,FLIGHT_NO) values (1707,to_date('22/01/21','RR/MM/DD'),65,'LJ577');
Insert into SCHEDULE (S_NO,STIME,ETIME,FLIGHT_NO) values (1708,to_date('22/01/22','RR/MM/DD'),65,'LJ577');
Insert into SCHEDULE (S_NO,STIME,ETIME,FLIGHT_NO) values (1709,to_date('22/01/23','RR/MM/DD'),65,'LJ577');
Insert into SCHEDULE (S_NO,STIME,ETIME,FLIGHT_NO) values (1710,to_date('22/01/24','RR/MM/DD'),70,'LJ571');
Insert into SCHEDULE (S_NO,STIME,ETIME,FLIGHT_NO) values (1711,to_date('22/01/25','RR/MM/DD'),70,'LJ571');
Insert into SCHEDULE (S_NO,STIME,ETIME,FLIGHT_NO) values (1712,to_date('22/01/26','RR/MM/DD'),70,'LJ571');
Insert into SCHEDULE (S_NO,STIME,ETIME,FLIGHT_NO) values (1713,to_date('22/01/27','RR/MM/DD'),70,'LJ571');
Insert into SCHEDULE (S_NO,STIME,ETIME,FLIGHT_NO) values (1714,to_date('22/01/28','RR/MM/DD'),70,'LJ571');
Insert into SCHEDULE (S_NO,STIME,ETIME,FLIGHT_NO) values (1715,to_date('22/01/29','RR/MM/DD'),70,'LJ571');
Insert into SCHEDULE (S_NO,STIME,ETIME,FLIGHT_NO) values (1716,to_date('22/01/30','RR/MM/DD'),70,'LJ571');
Insert into SCHEDULE (S_NO,STIME,ETIME,FLIGHT_NO) values (1717,to_date('22/01/24','RR/MM/DD'),65,'LJ573');
Insert into SCHEDULE (S_NO,STIME,ETIME,FLIGHT_NO) values (1718,to_date('22/01/25','RR/MM/DD'),65,'LJ573');
Insert into SCHEDULE (S_NO,STIME,ETIME,FLIGHT_NO) values (1719,to_date('22/01/26','RR/MM/DD'),65,'LJ573');
Insert into SCHEDULE (S_NO,STIME,ETIME,FLIGHT_NO) values (1720,to_date('22/01/27','RR/MM/DD'),65,'LJ573');
Insert into SCHEDULE (S_NO,STIME,ETIME,FLIGHT_NO) values (1721,to_date('22/01/28','RR/MM/DD'),65,'LJ573');
Insert into SCHEDULE (S_NO,STIME,ETIME,FLIGHT_NO) values (1722,to_date('22/01/29','RR/MM/DD'),65,'LJ573');
Insert into SCHEDULE (S_NO,STIME,ETIME,FLIGHT_NO) values (1723,to_date('22/01/30','RR/MM/DD'),65,'LJ573');
Insert into SCHEDULE (S_NO,STIME,ETIME,FLIGHT_NO) values (1724,to_date('22/01/24','RR/MM/DD'),65,'LJ575');
Insert into SCHEDULE (S_NO,STIME,ETIME,FLIGHT_NO) values (1725,to_date('22/01/25','RR/MM/DD'),65,'LJ575');
Insert into SCHEDULE (S_NO,STIME,ETIME,FLIGHT_NO) values (1726,to_date('22/01/26','RR/MM/DD'),65,'LJ575');
Insert into SCHEDULE (S_NO,STIME,ETIME,FLIGHT_NO) values (1727,to_date('22/01/27','RR/MM/DD'),65,'LJ575');
Insert into SCHEDULE (S_NO,STIME,ETIME,FLIGHT_NO) values (1728,to_date('22/01/28','RR/MM/DD'),65,'LJ575');
Insert into SCHEDULE (S_NO,STIME,ETIME,FLIGHT_NO) values (1729,to_date('22/01/30','RR/MM/DD'),65,'LJ575');
Insert into SCHEDULE (S_NO,STIME,ETIME,FLIGHT_NO) values (1730,to_date('22/01/29','RR/MM/DD'),70,'LJ575');
Insert into SCHEDULE (S_NO,STIME,ETIME,FLIGHT_NO) values (1731,to_date('22/01/24','RR/MM/DD'),65,'LJ577');
Insert into SCHEDULE (S_NO,STIME,ETIME,FLIGHT_NO) values (1732,to_date('22/01/25','RR/MM/DD'),65,'LJ577');
Insert into SCHEDULE (S_NO,STIME,ETIME,FLIGHT_NO) values (1733,to_date('22/01/26','RR/MM/DD'),65,'LJ577');
Insert into SCHEDULE (S_NO,STIME,ETIME,FLIGHT_NO) values (1734,to_date('22/01/27','RR/MM/DD'),65,'LJ577');
Insert into SCHEDULE (S_NO,STIME,ETIME,FLIGHT_NO) values (1735,to_date('22/01/28','RR/MM/DD'),65,'LJ577');
Insert into SCHEDULE (S_NO,STIME,ETIME,FLIGHT_NO) values (1736,to_date('22/01/29','RR/MM/DD'),65,'LJ577');
Insert into SCHEDULE (S_NO,STIME,ETIME,FLIGHT_NO) values (1737,to_date('22/01/30','RR/MM/DD'),65,'LJ577');
Insert into SCHEDULE (S_NO,STIME,ETIME,FLIGHT_NO) values (1738,to_date('22/01/01','RR/MM/DD'),65,'LJ572');
Insert into SCHEDULE (S_NO,STIME,ETIME,FLIGHT_NO) values (1739,to_date('22/01/02','RR/MM/DD'),65,'LJ572');
Insert into SCHEDULE (S_NO,STIME,ETIME,FLIGHT_NO) values (1740,to_date('22/01/01','RR/MM/DD'),65,'LJ574');
Insert into SCHEDULE (S_NO,STIME,ETIME,FLIGHT_NO) values (1741,to_date('22/01/02','RR/MM/DD'),65,'LJ574');
Insert into SCHEDULE (S_NO,STIME,ETIME,FLIGHT_NO) values (1742,to_date('22/01/01','RR/MM/DD'),60,'LJ576');
Insert into SCHEDULE (S_NO,STIME,ETIME,FLIGHT_NO) values (1743,to_date('22/01/02','RR/MM/DD'),65,'LJ576');
Insert into SCHEDULE (S_NO,STIME,ETIME,FLIGHT_NO) values (1744,to_date('22/01/01','RR/MM/DD'),60,'LJ578');
Insert into SCHEDULE (S_NO,STIME,ETIME,FLIGHT_NO) values (1745,to_date('22/01/02','RR/MM/DD'),60,'LJ578');
Insert into SCHEDULE (S_NO,STIME,ETIME,FLIGHT_NO) values (1746,to_date('22/01/03','RR/MM/DD'),65,'LJ572');
Insert into SCHEDULE (S_NO,STIME,ETIME,FLIGHT_NO) values (1747,to_date('22/01/04','RR/MM/DD'),65,'LJ572');
Insert into SCHEDULE (S_NO,STIME,ETIME,FLIGHT_NO) values (1748,to_date('22/01/05','RR/MM/DD'),65,'LJ572');
Insert into SCHEDULE (S_NO,STIME,ETIME,FLIGHT_NO) values (1749,to_date('22/01/06','RR/MM/DD'),65,'LJ572');
Insert into SCHEDULE (S_NO,STIME,ETIME,FLIGHT_NO) values (1750,to_date('22/01/07','RR/MM/DD'),65,'LJ572');
Insert into SCHEDULE (S_NO,STIME,ETIME,FLIGHT_NO) values (1751,to_date('22/01/08','RR/MM/DD'),65,'LJ572');
Insert into SCHEDULE (S_NO,STIME,ETIME,FLIGHT_NO) values (1752,to_date('22/01/09','RR/MM/DD'),65,'LJ572');
Insert into SCHEDULE (S_NO,STIME,ETIME,FLIGHT_NO) values (1753,to_date('22/01/03','RR/MM/DD'),65,'LJ574');
Insert into SCHEDULE (S_NO,STIME,ETIME,FLIGHT_NO) values (1754,to_date('22/01/04','RR/MM/DD'),65,'LJ574');
Insert into SCHEDULE (S_NO,STIME,ETIME,FLIGHT_NO) values (1755,to_date('22/01/05','RR/MM/DD'),65,'LJ574');
Insert into SCHEDULE (S_NO,STIME,ETIME,FLIGHT_NO) values (1756,to_date('22/01/07','RR/MM/DD'),65,'LJ574');
Insert into SCHEDULE (S_NO,STIME,ETIME,FLIGHT_NO) values (1757,to_date('22/01/09','RR/MM/DD'),65,'LJ574');
Insert into SCHEDULE (S_NO,STIME,ETIME,FLIGHT_NO) values (1758,to_date('22/01/08','RR/MM/DD'),65,'LJ574');
Insert into SCHEDULE (S_NO,STIME,ETIME,FLIGHT_NO) values (1759,to_date('22/01/09','RR/MM/DD'),65,'LJ576');
Insert into SCHEDULE (S_NO,STIME,ETIME,FLIGHT_NO) values (1760,to_date('22/01/03','RR/MM/DD'),60,'LJ576');
Insert into SCHEDULE (S_NO,STIME,ETIME,FLIGHT_NO) values (1761,to_date('22/01/04','RR/MM/DD'),60,'LJ576');
Insert into SCHEDULE (S_NO,STIME,ETIME,FLIGHT_NO) values (1762,to_date('22/01/05','RR/MM/DD'),60,'LJ576');
Insert into SCHEDULE (S_NO,STIME,ETIME,FLIGHT_NO) values (1763,to_date('22/01/06','RR/MM/DD'),60,'LJ576');
Insert into SCHEDULE (S_NO,STIME,ETIME,FLIGHT_NO) values (1764,to_date('22/01/07','RR/MM/DD'),60,'LJ576');
Insert into SCHEDULE (S_NO,STIME,ETIME,FLIGHT_NO) values (1765,to_date('22/01/08','RR/MM/DD'),60,'LJ576');
Insert into SCHEDULE (S_NO,STIME,ETIME,FLIGHT_NO) values (1766,to_date('22/01/03','RR/MM/DD'),60,'LJ578');
Insert into SCHEDULE (S_NO,STIME,ETIME,FLIGHT_NO) values (1767,to_date('22/01/06','RR/MM/DD'),60,'LJ578');
Insert into SCHEDULE (S_NO,STIME,ETIME,FLIGHT_NO) values (1768,to_date('22/01/07','RR/MM/DD'),60,'LJ578');
Insert into SCHEDULE (S_NO,STIME,ETIME,FLIGHT_NO) values (1769,to_date('22/01/08','RR/MM/DD'),60,'LJ578');
Insert into SCHEDULE (S_NO,STIME,ETIME,FLIGHT_NO) values (1770,to_date('22/01/09','RR/MM/DD'),60,'LJ578');
Insert into SCHEDULE (S_NO,STIME,ETIME,FLIGHT_NO) values (1771,to_date('22/01/10','RR/MM/DD'),65,'LJ572');
Insert into SCHEDULE (S_NO,STIME,ETIME,FLIGHT_NO) values (1772,to_date('22/01/11','RR/MM/DD'),65,'LJ572');
Insert into SCHEDULE (S_NO,STIME,ETIME,FLIGHT_NO) values (1773,to_date('22/01/12','RR/MM/DD'),65,'LJ572');
Insert into SCHEDULE (S_NO,STIME,ETIME,FLIGHT_NO) values (1774,to_date('22/01/13','RR/MM/DD'),65,'LJ572');
Insert into SCHEDULE (S_NO,STIME,ETIME,FLIGHT_NO) values (1775,to_date('22/01/14','RR/MM/DD'),65,'LJ572');
Insert into SCHEDULE (S_NO,STIME,ETIME,FLIGHT_NO) values (1776,to_date('22/01/15','RR/MM/DD'),65,'LJ572');
Insert into SCHEDULE (S_NO,STIME,ETIME,FLIGHT_NO) values (1777,to_date('22/01/16','RR/MM/DD'),65,'LJ572');
Insert into SCHEDULE (S_NO,STIME,ETIME,FLIGHT_NO) values (1778,to_date('22/01/10','RR/MM/DD'),65,'LJ574');
Insert into SCHEDULE (S_NO,STIME,ETIME,FLIGHT_NO) values (1779,to_date('22/01/11','RR/MM/DD'),65,'LJ574');
Insert into SCHEDULE (S_NO,STIME,ETIME,FLIGHT_NO) values (1780,to_date('22/01/12','RR/MM/DD'),65,'LJ574');
Insert into SCHEDULE (S_NO,STIME,ETIME,FLIGHT_NO) values (1781,to_date('22/01/13','RR/MM/DD'),65,'LJ574');
Insert into SCHEDULE (S_NO,STIME,ETIME,FLIGHT_NO) values (1782,to_date('22/01/14','RR/MM/DD'),65,'LJ574');
Insert into SCHEDULE (S_NO,STIME,ETIME,FLIGHT_NO) values (1783,to_date('22/01/16','RR/MM/DD'),65,'LJ574');
Insert into SCHEDULE (S_NO,STIME,ETIME,FLIGHT_NO) values (1784,to_date('22/01/15','RR/MM/DD'),65,'LJ574');
Insert into SCHEDULE (S_NO,STIME,ETIME,FLIGHT_NO) values (1785,to_date('22/01/16','RR/MM/DD'),65,'LJ576');
Insert into SCHEDULE (S_NO,STIME,ETIME,FLIGHT_NO) values (1786,to_date('22/01/10','RR/MM/DD'),60,'LJ576');
Insert into SCHEDULE (S_NO,STIME,ETIME,FLIGHT_NO) values (1787,to_date('22/01/11','RR/MM/DD'),60,'LJ576');
Insert into SCHEDULE (S_NO,STIME,ETIME,FLIGHT_NO) values (1788,to_date('22/01/12','RR/MM/DD'),60,'LJ576');
Insert into SCHEDULE (S_NO,STIME,ETIME,FLIGHT_NO) values (1789,to_date('22/01/13','RR/MM/DD'),60,'LJ576');
Insert into SCHEDULE (S_NO,STIME,ETIME,FLIGHT_NO) values (1790,to_date('22/01/14','RR/MM/DD'),60,'LJ576');
Insert into SCHEDULE (S_NO,STIME,ETIME,FLIGHT_NO) values (1791,to_date('22/01/15','RR/MM/DD'),60,'LJ576');
Insert into SCHEDULE (S_NO,STIME,ETIME,FLIGHT_NO) values (1792,to_date('22/01/10','RR/MM/DD'),60,'LJ578');
Insert into SCHEDULE (S_NO,STIME,ETIME,FLIGHT_NO) values (1793,to_date('22/01/14','RR/MM/DD'),60,'LJ578');
Insert into SCHEDULE (S_NO,STIME,ETIME,FLIGHT_NO) values (1794,to_date('22/01/15','RR/MM/DD'),60,'LJ578');
Insert into SCHEDULE (S_NO,STIME,ETIME,FLIGHT_NO) values (1795,to_date('22/01/16','RR/MM/DD'),60,'LJ578');
Insert into SCHEDULE (S_NO,STIME,ETIME,FLIGHT_NO) values (1796,to_date('22/01/17','RR/MM/DD'),65,'LJ572');
Insert into SCHEDULE (S_NO,STIME,ETIME,FLIGHT_NO) values (1797,to_date('22/01/18','RR/MM/DD'),65,'LJ572');
Insert into SCHEDULE (S_NO,STIME,ETIME,FLIGHT_NO) values (1798,to_date('22/01/19','RR/MM/DD'),65,'LJ572');
Insert into SCHEDULE (S_NO,STIME,ETIME,FLIGHT_NO) values (1799,to_date('22/01/20','RR/MM/DD'),65,'LJ572');
Insert into SCHEDULE (S_NO,STIME,ETIME,FLIGHT_NO) values (1800,to_date('22/01/21','RR/MM/DD'),65,'LJ572');
Insert into SCHEDULE (S_NO,STIME,ETIME,FLIGHT_NO) values (1801,to_date('22/01/22','RR/MM/DD'),65,'LJ572');
Insert into SCHEDULE (S_NO,STIME,ETIME,FLIGHT_NO) values (1802,to_date('22/01/23','RR/MM/DD'),65,'LJ572');
Insert into SCHEDULE (S_NO,STIME,ETIME,FLIGHT_NO) values (1803,to_date('22/01/17','RR/MM/DD'),65,'LJ574');
Insert into SCHEDULE (S_NO,STIME,ETIME,FLIGHT_NO) values (1804,to_date('22/01/18','RR/MM/DD'),65,'LJ574');
Insert into SCHEDULE (S_NO,STIME,ETIME,FLIGHT_NO) values (1805,to_date('22/01/19','RR/MM/DD'),65,'LJ574');
Insert into SCHEDULE (S_NO,STIME,ETIME,FLIGHT_NO) values (1806,to_date('22/01/20','RR/MM/DD'),65,'LJ574');
Insert into SCHEDULE (S_NO,STIME,ETIME,FLIGHT_NO) values (1807,to_date('22/01/21','RR/MM/DD'),65,'LJ574');
Insert into SCHEDULE (S_NO,STIME,ETIME,FLIGHT_NO) values (1808,to_date('22/01/23','RR/MM/DD'),65,'LJ574');
Insert into SCHEDULE (S_NO,STIME,ETIME,FLIGHT_NO) values (1809,to_date('22/01/22','RR/MM/DD'),65,'LJ574');
Insert into SCHEDULE (S_NO,STIME,ETIME,FLIGHT_NO) values (1810,to_date('22/01/23','RR/MM/DD'),65,'LJ576');
Insert into SCHEDULE (S_NO,STIME,ETIME,FLIGHT_NO) values (1811,to_date('22/01/17','RR/MM/DD'),60,'LJ574');
Insert into SCHEDULE (S_NO,STIME,ETIME,FLIGHT_NO) values (1812,to_date('22/01/18','RR/MM/DD'),60,'LJ574');
Insert into SCHEDULE (S_NO,STIME,ETIME,FLIGHT_NO) values (1813,to_date('22/01/19','RR/MM/DD'),60,'LJ574');
Insert into SCHEDULE (S_NO,STIME,ETIME,FLIGHT_NO) values (1814,to_date('22/01/20','RR/MM/DD'),60,'LJ574');
Insert into SCHEDULE (S_NO,STIME,ETIME,FLIGHT_NO) values (1815,to_date('22/01/21','RR/MM/DD'),60,'LJ574');
Insert into SCHEDULE (S_NO,STIME,ETIME,FLIGHT_NO) values (1816,to_date('22/01/22','RR/MM/DD'),60,'LJ574');
Insert into SCHEDULE (S_NO,STIME,ETIME,FLIGHT_NO) values (1817,to_date('22/01/21','RR/MM/DD'),60,'LJ578');
Insert into SCHEDULE (S_NO,STIME,ETIME,FLIGHT_NO) values (1818,to_date('22/01/22','RR/MM/DD'),60,'LJ578');
Insert into SCHEDULE (S_NO,STIME,ETIME,FLIGHT_NO) values (1819,to_date('22/01/23','RR/MM/DD'),60,'LJ578');
Insert into SCHEDULE (S_NO,STIME,ETIME,FLIGHT_NO) values (1820,to_date('22/01/24','RR/MM/DD'),65,'LJ572');
Insert into SCHEDULE (S_NO,STIME,ETIME,FLIGHT_NO) values (1821,to_date('22/01/25','RR/MM/DD'),65,'LJ572');
Insert into SCHEDULE (S_NO,STIME,ETIME,FLIGHT_NO) values (1822,to_date('22/01/26','RR/MM/DD'),65,'LJ572');
Insert into SCHEDULE (S_NO,STIME,ETIME,FLIGHT_NO) values (1823,to_date('22/01/27','RR/MM/DD'),65,'LJ572');
Insert into SCHEDULE (S_NO,STIME,ETIME,FLIGHT_NO) values (1824,to_date('22/01/28','RR/MM/DD'),65,'LJ572');
Insert into SCHEDULE (S_NO,STIME,ETIME,FLIGHT_NO) values (1825,to_date('22/01/29','RR/MM/DD'),65,'LJ572');
Insert into SCHEDULE (S_NO,STIME,ETIME,FLIGHT_NO) values (1826,to_date('22/01/30','RR/MM/DD'),65,'LJ572');
Insert into SCHEDULE (S_NO,STIME,ETIME,FLIGHT_NO) values (1827,to_date('22/01/24','RR/MM/DD'),65,'LJ574');
Insert into SCHEDULE (S_NO,STIME,ETIME,FLIGHT_NO) values (1828,to_date('22/01/25','RR/MM/DD'),65,'LJ574');
Insert into SCHEDULE (S_NO,STIME,ETIME,FLIGHT_NO) values (1829,to_date('22/01/26','RR/MM/DD'),65,'LJ574');
Insert into SCHEDULE (S_NO,STIME,ETIME,FLIGHT_NO) values (1830,to_date('22/01/27','RR/MM/DD'),65,'LJ574');
Insert into SCHEDULE (S_NO,STIME,ETIME,FLIGHT_NO) values (1831,to_date('22/01/28','RR/MM/DD'),65,'LJ574');
Insert into SCHEDULE (S_NO,STIME,ETIME,FLIGHT_NO) values (1832,to_date('22/01/30','RR/MM/DD'),65,'LJ574');
Insert into SCHEDULE (S_NO,STIME,ETIME,FLIGHT_NO) values (1833,to_date('22/01/29','RR/MM/DD'),65,'LJ574');
Insert into SCHEDULE (S_NO,STIME,ETIME,FLIGHT_NO) values (1834,to_date('22/01/30','RR/MM/DD'),65,'LJ576');
Insert into SCHEDULE (S_NO,STIME,ETIME,FLIGHT_NO) values (1835,to_date('22/01/24','RR/MM/DD'),60,'LJ576');
Insert into SCHEDULE (S_NO,STIME,ETIME,FLIGHT_NO) values (1836,to_date('22/01/25','RR/MM/DD'),60,'LJ576');
Insert into SCHEDULE (S_NO,STIME,ETIME,FLIGHT_NO) values (1837,to_date('22/01/26','RR/MM/DD'),60,'LJ576');
Insert into SCHEDULE (S_NO,STIME,ETIME,FLIGHT_NO) values (1838,to_date('22/01/27','RR/MM/DD'),60,'LJ576');
Insert into SCHEDULE (S_NO,STIME,ETIME,FLIGHT_NO) values (1839,to_date('22/01/28','RR/MM/DD'),60,'LJ576');
Insert into SCHEDULE (S_NO,STIME,ETIME,FLIGHT_NO) values (1840,to_date('22/01/29','RR/MM/DD'),60,'LJ576');
Insert into SCHEDULE (S_NO,STIME,ETIME,FLIGHT_NO) values (1841,to_date('22/01/24','RR/MM/DD'),60,'LJ578');
Insert into SCHEDULE (S_NO,STIME,ETIME,FLIGHT_NO) values (1842,to_date('22/01/25','RR/MM/DD'),60,'LJ578');
Insert into SCHEDULE (S_NO,STIME,ETIME,FLIGHT_NO) values (1843,to_date('22/01/26','RR/MM/DD'),60,'LJ578');
Insert into SCHEDULE (S_NO,STIME,ETIME,FLIGHT_NO) values (1844,to_date('22/01/27','RR/MM/DD'),60,'LJ578');
Insert into SCHEDULE (S_NO,STIME,ETIME,FLIGHT_NO) values (1845,to_date('22/01/28','RR/MM/DD'),60,'LJ578');
Insert into SCHEDULE (S_NO,STIME,ETIME,FLIGHT_NO) values (1846,to_date('22/01/29','RR/MM/DD'),60,'LJ578');
Insert into SCHEDULE (S_NO,STIME,ETIME,FLIGHT_NO) values (1847,to_date('22/01/30','RR/MM/DD'),60,'LJ578');
Insert into SCHEDULE (S_NO,STIME,ETIME,FLIGHT_NO) values (1848,to_date('22/01/01','RR/MM/DD'),70,'LJ451');
Insert into SCHEDULE (S_NO,STIME,ETIME,FLIGHT_NO) values (1849,to_date('22/01/02','RR/MM/DD'),70,'LJ451');
Insert into SCHEDULE (S_NO,STIME,ETIME,FLIGHT_NO) values (1850,to_date('22/01/01','RR/MM/DD'),70,'LJ453');
Insert into SCHEDULE (S_NO,STIME,ETIME,FLIGHT_NO) values (1851,to_date('22/01/02','RR/MM/DD'),70,'LJ453');
Insert into SCHEDULE (S_NO,STIME,ETIME,FLIGHT_NO) values (1852,to_date('22/01/03','RR/MM/DD'),70,'LJ451');
Insert into SCHEDULE (S_NO,STIME,ETIME,FLIGHT_NO) values (1853,to_date('22/01/04','RR/MM/DD'),70,'LJ451');
Insert into SCHEDULE (S_NO,STIME,ETIME,FLIGHT_NO) values (1854,to_date('22/01/05','RR/MM/DD'),70,'LJ451');
Insert into SCHEDULE (S_NO,STIME,ETIME,FLIGHT_NO) values (1855,to_date('22/01/06','RR/MM/DD'),70,'LJ451');
Insert into SCHEDULE (S_NO,STIME,ETIME,FLIGHT_NO) values (1856,to_date('22/01/07','RR/MM/DD'),70,'LJ451');
Insert into SCHEDULE (S_NO,STIME,ETIME,FLIGHT_NO) values (1857,to_date('22/01/08','RR/MM/DD'),70,'LJ451');
Insert into SCHEDULE (S_NO,STIME,ETIME,FLIGHT_NO) values (1858,to_date('22/01/09','RR/MM/DD'),70,'LJ451');
Insert into SCHEDULE (S_NO,STIME,ETIME,FLIGHT_NO) values (1859,to_date('22/01/10','RR/MM/DD'),70,'LJ451');
Insert into SCHEDULE (S_NO,STIME,ETIME,FLIGHT_NO) values (1860,to_date('22/01/11','RR/MM/DD'),70,'LJ451');
Insert into SCHEDULE (S_NO,STIME,ETIME,FLIGHT_NO) values (1861,to_date('22/01/12','RR/MM/DD'),70,'LJ451');
Insert into SCHEDULE (S_NO,STIME,ETIME,FLIGHT_NO) values (1862,to_date('22/01/13','RR/MM/DD'),70,'LJ451');
Insert into SCHEDULE (S_NO,STIME,ETIME,FLIGHT_NO) values (1863,to_date('22/01/14','RR/MM/DD'),70,'LJ451');
Insert into SCHEDULE (S_NO,STIME,ETIME,FLIGHT_NO) values (1864,to_date('22/01/15','RR/MM/DD'),70,'LJ451');
Insert into SCHEDULE (S_NO,STIME,ETIME,FLIGHT_NO) values (1865,to_date('22/01/16','RR/MM/DD'),70,'LJ451');
Insert into SCHEDULE (S_NO,STIME,ETIME,FLIGHT_NO) values (1866,to_date('22/01/17','RR/MM/DD'),70,'LJ451');
Insert into SCHEDULE (S_NO,STIME,ETIME,FLIGHT_NO) values (1867,to_date('22/01/18','RR/MM/DD'),70,'LJ451');
Insert into SCHEDULE (S_NO,STIME,ETIME,FLIGHT_NO) values (1868,to_date('22/01/19','RR/MM/DD'),70,'LJ451');
Insert into SCHEDULE (S_NO,STIME,ETIME,FLIGHT_NO) values (1869,to_date('22/01/20','RR/MM/DD'),70,'LJ451');
Insert into SCHEDULE (S_NO,STIME,ETIME,FLIGHT_NO) values (1870,to_date('22/01/21','RR/MM/DD'),70,'LJ451');
Insert into SCHEDULE (S_NO,STIME,ETIME,FLIGHT_NO) values (1871,to_date('22/01/22','RR/MM/DD'),70,'LJ451');
Insert into SCHEDULE (S_NO,STIME,ETIME,FLIGHT_NO) values (1872,to_date('22/01/23','RR/MM/DD'),70,'LJ451');
Insert into SCHEDULE (S_NO,STIME,ETIME,FLIGHT_NO) values (1873,to_date('22/01/24','RR/MM/DD'),70,'LJ451');
Insert into SCHEDULE (S_NO,STIME,ETIME,FLIGHT_NO) values (1874,to_date('22/01/25','RR/MM/DD'),70,'LJ451');
Insert into SCHEDULE (S_NO,STIME,ETIME,FLIGHT_NO) values (1875,to_date('22/01/26','RR/MM/DD'),70,'LJ451');
Insert into SCHEDULE (S_NO,STIME,ETIME,FLIGHT_NO) values (1876,to_date('22/01/27','RR/MM/DD'),70,'LJ451');
Insert into SCHEDULE (S_NO,STIME,ETIME,FLIGHT_NO) values (1877,to_date('22/01/28','RR/MM/DD'),70,'LJ451');
Insert into SCHEDULE (S_NO,STIME,ETIME,FLIGHT_NO) values (1878,to_date('22/01/29','RR/MM/DD'),70,'LJ451');
Insert into SCHEDULE (S_NO,STIME,ETIME,FLIGHT_NO) values (1879,to_date('22/01/30','RR/MM/DD'),70,'LJ451');
Insert into SCHEDULE (S_NO,STIME,ETIME,FLIGHT_NO) values (1880,to_date('22/01/03','RR/MM/DD'),70,'LJ453');
Insert into SCHEDULE (S_NO,STIME,ETIME,FLIGHT_NO) values (1881,to_date('22/01/04','RR/MM/DD'),70,'LJ453');
Insert into SCHEDULE (S_NO,STIME,ETIME,FLIGHT_NO) values (1882,to_date('22/01/05','RR/MM/DD'),70,'LJ453');
Insert into SCHEDULE (S_NO,STIME,ETIME,FLIGHT_NO) values (1883,to_date('22/01/06','RR/MM/DD'),70,'LJ453');
Insert into SCHEDULE (S_NO,STIME,ETIME,FLIGHT_NO) values (1884,to_date('22/01/07','RR/MM/DD'),70,'LJ453');
Insert into SCHEDULE (S_NO,STIME,ETIME,FLIGHT_NO) values (1885,to_date('22/01/08','RR/MM/DD'),70,'LJ453');
Insert into SCHEDULE (S_NO,STIME,ETIME,FLIGHT_NO) values (1886,to_date('22/01/09','RR/MM/DD'),70,'LJ453');
Insert into SCHEDULE (S_NO,STIME,ETIME,FLIGHT_NO) values (1887,to_date('22/01/10','RR/MM/DD'),70,'LJ453');
Insert into SCHEDULE (S_NO,STIME,ETIME,FLIGHT_NO) values (1888,to_date('22/01/11','RR/MM/DD'),70,'LJ453');
Insert into SCHEDULE (S_NO,STIME,ETIME,FLIGHT_NO) values (1889,to_date('22/01/12','RR/MM/DD'),70,'LJ453');
Insert into SCHEDULE (S_NO,STIME,ETIME,FLIGHT_NO) values (1890,to_date('22/01/13','RR/MM/DD'),70,'LJ453');
Insert into SCHEDULE (S_NO,STIME,ETIME,FLIGHT_NO) values (1891,to_date('22/01/14','RR/MM/DD'),70,'LJ453');
Insert into SCHEDULE (S_NO,STIME,ETIME,FLIGHT_NO) values (1892,to_date('22/01/15','RR/MM/DD'),70,'LJ453');
Insert into SCHEDULE (S_NO,STIME,ETIME,FLIGHT_NO) values (1893,to_date('22/01/16','RR/MM/DD'),70,'LJ453');
Insert into SCHEDULE (S_NO,STIME,ETIME,FLIGHT_NO) values (1894,to_date('22/01/17','RR/MM/DD'),70,'LJ453');
Insert into SCHEDULE (S_NO,STIME,ETIME,FLIGHT_NO) values (1895,to_date('22/01/18','RR/MM/DD'),70,'LJ453');
Insert into SCHEDULE (S_NO,STIME,ETIME,FLIGHT_NO) values (1896,to_date('22/01/19','RR/MM/DD'),70,'LJ453');
Insert into SCHEDULE (S_NO,STIME,ETIME,FLIGHT_NO) values (1897,to_date('22/01/20','RR/MM/DD'),70,'LJ453');
Insert into SCHEDULE (S_NO,STIME,ETIME,FLIGHT_NO) values (1898,to_date('22/01/21','RR/MM/DD'),70,'LJ453');
Insert into SCHEDULE (S_NO,STIME,ETIME,FLIGHT_NO) values (1899,to_date('22/01/22','RR/MM/DD'),70,'LJ453');
Insert into SCHEDULE (S_NO,STIME,ETIME,FLIGHT_NO) values (1900,to_date('22/01/23','RR/MM/DD'),70,'LJ453');
Insert into SCHEDULE (S_NO,STIME,ETIME,FLIGHT_NO) values (1901,to_date('22/01/24','RR/MM/DD'),70,'LJ453');
Insert into SCHEDULE (S_NO,STIME,ETIME,FLIGHT_NO) values (1902,to_date('22/01/25','RR/MM/DD'),70,'LJ453');
Insert into SCHEDULE (S_NO,STIME,ETIME,FLIGHT_NO) values (1903,to_date('22/01/26','RR/MM/DD'),70,'LJ453');
Insert into SCHEDULE (S_NO,STIME,ETIME,FLIGHT_NO) values (1904,to_date('22/01/27','RR/MM/DD'),70,'LJ453');
Insert into SCHEDULE (S_NO,STIME,ETIME,FLIGHT_NO) values (1905,to_date('22/01/28','RR/MM/DD'),70,'LJ453');
Insert into SCHEDULE (S_NO,STIME,ETIME,FLIGHT_NO) values (1906,to_date('22/01/29','RR/MM/DD'),70,'LJ453');
Insert into SCHEDULE (S_NO,STIME,ETIME,FLIGHT_NO) values (1907,to_date('22/01/30','RR/MM/DD'),70,'LJ453');
Insert into SCHEDULE (S_NO,STIME,ETIME,FLIGHT_NO) values (1908,to_date('22/01/01','RR/MM/DD'),70,'LJ452');
Insert into SCHEDULE (S_NO,STIME,ETIME,FLIGHT_NO) values (1909,to_date('22/01/02','RR/MM/DD'),70,'LJ452');
Insert into SCHEDULE (S_NO,STIME,ETIME,FLIGHT_NO) values (1910,to_date('22/01/03','RR/MM/DD'),70,'LJ452');
Insert into SCHEDULE (S_NO,STIME,ETIME,FLIGHT_NO) values (1911,to_date('22/01/04','RR/MM/DD'),70,'LJ452');
Insert into SCHEDULE (S_NO,STIME,ETIME,FLIGHT_NO) values (1912,to_date('22/01/05','RR/MM/DD'),70,'LJ452');
Insert into SCHEDULE (S_NO,STIME,ETIME,FLIGHT_NO) values (1913,to_date('22/01/06','RR/MM/DD'),70,'LJ452');
Insert into SCHEDULE (S_NO,STIME,ETIME,FLIGHT_NO) values (1914,to_date('22/01/07','RR/MM/DD'),70,'LJ452');
Insert into SCHEDULE (S_NO,STIME,ETIME,FLIGHT_NO) values (1915,to_date('22/01/08','RR/MM/DD'),70,'LJ452');
Insert into SCHEDULE (S_NO,STIME,ETIME,FLIGHT_NO) values (1916,to_date('22/01/09','RR/MM/DD'),70,'LJ452');
Insert into SCHEDULE (S_NO,STIME,ETIME,FLIGHT_NO) values (1917,to_date('22/01/10','RR/MM/DD'),70,'LJ452');
Insert into SCHEDULE (S_NO,STIME,ETIME,FLIGHT_NO) values (1918,to_date('22/01/11','RR/MM/DD'),70,'LJ452');
Insert into SCHEDULE (S_NO,STIME,ETIME,FLIGHT_NO) values (1919,to_date('22/01/12','RR/MM/DD'),70,'LJ452');
Insert into SCHEDULE (S_NO,STIME,ETIME,FLIGHT_NO) values (1920,to_date('22/01/13','RR/MM/DD'),70,'LJ452');
Insert into SCHEDULE (S_NO,STIME,ETIME,FLIGHT_NO) values (1921,to_date('22/01/14','RR/MM/DD'),70,'LJ452');
Insert into SCHEDULE (S_NO,STIME,ETIME,FLIGHT_NO) values (1922,to_date('22/01/15','RR/MM/DD'),70,'LJ452');
Insert into SCHEDULE (S_NO,STIME,ETIME,FLIGHT_NO) values (1923,to_date('22/01/16','RR/MM/DD'),70,'LJ452');
Insert into SCHEDULE (S_NO,STIME,ETIME,FLIGHT_NO) values (1924,to_date('22/01/17','RR/MM/DD'),70,'LJ452');
Insert into SCHEDULE (S_NO,STIME,ETIME,FLIGHT_NO) values (1925,to_date('22/01/18','RR/MM/DD'),70,'LJ452');
Insert into SCHEDULE (S_NO,STIME,ETIME,FLIGHT_NO) values (1926,to_date('22/01/19','RR/MM/DD'),70,'LJ452');
Insert into SCHEDULE (S_NO,STIME,ETIME,FLIGHT_NO) values (1927,to_date('22/01/20','RR/MM/DD'),70,'LJ452');
Insert into SCHEDULE (S_NO,STIME,ETIME,FLIGHT_NO) values (1928,to_date('22/01/21','RR/MM/DD'),70,'LJ452');
Insert into SCHEDULE (S_NO,STIME,ETIME,FLIGHT_NO) values (1929,to_date('22/01/22','RR/MM/DD'),70,'LJ452');
Insert into SCHEDULE (S_NO,STIME,ETIME,FLIGHT_NO) values (1930,to_date('22/01/23','RR/MM/DD'),70,'LJ452');
Insert into SCHEDULE (S_NO,STIME,ETIME,FLIGHT_NO) values (1931,to_date('22/01/24','RR/MM/DD'),70,'LJ452');
Insert into SCHEDULE (S_NO,STIME,ETIME,FLIGHT_NO) values (1932,to_date('22/01/25','RR/MM/DD'),70,'LJ452');
Insert into SCHEDULE (S_NO,STIME,ETIME,FLIGHT_NO) values (1933,to_date('22/01/26','RR/MM/DD'),70,'LJ452');
Insert into SCHEDULE (S_NO,STIME,ETIME,FLIGHT_NO) values (1934,to_date('22/01/27','RR/MM/DD'),70,'LJ452');
Insert into SCHEDULE (S_NO,STIME,ETIME,FLIGHT_NO) values (1935,to_date('22/01/28','RR/MM/DD'),70,'LJ452');
Insert into SCHEDULE (S_NO,STIME,ETIME,FLIGHT_NO) values (1936,to_date('22/01/29','RR/MM/DD'),70,'LJ452');
Insert into SCHEDULE (S_NO,STIME,ETIME,FLIGHT_NO) values (1937,to_date('22/01/30','RR/MM/DD'),70,'LJ452');
Insert into SCHEDULE (S_NO,STIME,ETIME,FLIGHT_NO) values (1938,to_date('22/01/01','RR/MM/DD'),70,'LJ454');
Insert into SCHEDULE (S_NO,STIME,ETIME,FLIGHT_NO) values (1939,to_date('22/01/02','RR/MM/DD'),70,'LJ454');
Insert into SCHEDULE (S_NO,STIME,ETIME,FLIGHT_NO) values (1940,to_date('22/01/03','RR/MM/DD'),70,'LJ454');
Insert into SCHEDULE (S_NO,STIME,ETIME,FLIGHT_NO) values (1941,to_date('22/01/04','RR/MM/DD'),70,'LJ454');
Insert into SCHEDULE (S_NO,STIME,ETIME,FLIGHT_NO) values (1942,to_date('22/01/05','RR/MM/DD'),70,'LJ454');
Insert into SCHEDULE (S_NO,STIME,ETIME,FLIGHT_NO) values (1943,to_date('22/01/06','RR/MM/DD'),70,'LJ454');
Insert into SCHEDULE (S_NO,STIME,ETIME,FLIGHT_NO) values (1944,to_date('22/01/07','RR/MM/DD'),70,'LJ454');
Insert into SCHEDULE (S_NO,STIME,ETIME,FLIGHT_NO) values (1945,to_date('22/01/08','RR/MM/DD'),70,'LJ454');
Insert into SCHEDULE (S_NO,STIME,ETIME,FLIGHT_NO) values (1946,to_date('22/01/09','RR/MM/DD'),70,'LJ454');
Insert into SCHEDULE (S_NO,STIME,ETIME,FLIGHT_NO) values (1947,to_date('22/01/10','RR/MM/DD'),70,'LJ454');
Insert into SCHEDULE (S_NO,STIME,ETIME,FLIGHT_NO) values (1948,to_date('22/01/11','RR/MM/DD'),70,'LJ454');
Insert into SCHEDULE (S_NO,STIME,ETIME,FLIGHT_NO) values (1949,to_date('22/01/12','RR/MM/DD'),70,'LJ454');
Insert into SCHEDULE (S_NO,STIME,ETIME,FLIGHT_NO) values (1950,to_date('22/01/13','RR/MM/DD'),70,'LJ454');
Insert into SCHEDULE (S_NO,STIME,ETIME,FLIGHT_NO) values (1951,to_date('22/01/14','RR/MM/DD'),70,'LJ454');
Insert into SCHEDULE (S_NO,STIME,ETIME,FLIGHT_NO) values (1952,to_date('22/01/15','RR/MM/DD'),70,'LJ454');
Insert into SCHEDULE (S_NO,STIME,ETIME,FLIGHT_NO) values (1953,to_date('22/01/16','RR/MM/DD'),70,'LJ454');
Insert into SCHEDULE (S_NO,STIME,ETIME,FLIGHT_NO) values (1954,to_date('22/01/17','RR/MM/DD'),70,'LJ454');
Insert into SCHEDULE (S_NO,STIME,ETIME,FLIGHT_NO) values (1955,to_date('22/01/18','RR/MM/DD'),70,'LJ454');
Insert into SCHEDULE (S_NO,STIME,ETIME,FLIGHT_NO) values (1956,to_date('22/01/19','RR/MM/DD'),70,'LJ454');
Insert into SCHEDULE (S_NO,STIME,ETIME,FLIGHT_NO) values (1957,to_date('22/01/20','RR/MM/DD'),70,'LJ454');
Insert into SCHEDULE (S_NO,STIME,ETIME,FLIGHT_NO) values (1958,to_date('22/01/21','RR/MM/DD'),70,'LJ454');
Insert into SCHEDULE (S_NO,STIME,ETIME,FLIGHT_NO) values (1959,to_date('22/01/22','RR/MM/DD'),70,'LJ454');
Insert into SCHEDULE (S_NO,STIME,ETIME,FLIGHT_NO) values (1960,to_date('22/01/23','RR/MM/DD'),70,'LJ454');
Insert into SCHEDULE (S_NO,STIME,ETIME,FLIGHT_NO) values (1961,to_date('22/01/24','RR/MM/DD'),70,'LJ454');
Insert into SCHEDULE (S_NO,STIME,ETIME,FLIGHT_NO) values (1962,to_date('22/01/25','RR/MM/DD'),70,'LJ454');
Insert into SCHEDULE (S_NO,STIME,ETIME,FLIGHT_NO) values (1963,to_date('22/01/26','RR/MM/DD'),70,'LJ454');
Insert into SCHEDULE (S_NO,STIME,ETIME,FLIGHT_NO) values (1964,to_date('22/01/27','RR/MM/DD'),70,'LJ454');
Insert into SCHEDULE (S_NO,STIME,ETIME,FLIGHT_NO) values (1965,to_date('22/01/28','RR/MM/DD'),70,'LJ454');
Insert into SCHEDULE (S_NO,STIME,ETIME,FLIGHT_NO) values (1966,to_date('22/01/29','RR/MM/DD'),70,'LJ454');
Insert into SCHEDULE (S_NO,STIME,ETIME,FLIGHT_NO) values (1967,to_date('22/01/30','RR/MM/DD'),70,'LJ454');
Insert into SCHEDULE (S_NO,STIME,ETIME,FLIGHT_NO) values (1968,to_date('22/01/01','RR/MM/DD'),70,'LJ431');
Insert into SCHEDULE (S_NO,STIME,ETIME,FLIGHT_NO) values (1969,to_date('22/01/02','RR/MM/DD'),70,'LJ431');
Insert into SCHEDULE (S_NO,STIME,ETIME,FLIGHT_NO) values (1970,to_date('22/01/03','RR/MM/DD'),70,'LJ431');
Insert into SCHEDULE (S_NO,STIME,ETIME,FLIGHT_NO) values (1971,to_date('22/01/04','RR/MM/DD'),70,'LJ431');
Insert into SCHEDULE (S_NO,STIME,ETIME,FLIGHT_NO) values (1972,to_date('22/01/05','RR/MM/DD'),70,'LJ431');
Insert into SCHEDULE (S_NO,STIME,ETIME,FLIGHT_NO) values (1973,to_date('22/01/06','RR/MM/DD'),70,'LJ431');
Insert into SCHEDULE (S_NO,STIME,ETIME,FLIGHT_NO) values (1974,to_date('22/01/07','RR/MM/DD'),70,'LJ431');
Insert into SCHEDULE (S_NO,STIME,ETIME,FLIGHT_NO) values (1975,to_date('22/01/08','RR/MM/DD'),70,'LJ431');
Insert into SCHEDULE (S_NO,STIME,ETIME,FLIGHT_NO) values (1976,to_date('22/01/09','RR/MM/DD'),70,'LJ431');
Insert into SCHEDULE (S_NO,STIME,ETIME,FLIGHT_NO) values (1977,to_date('22/01/10','RR/MM/DD'),70,'LJ431');
Insert into SCHEDULE (S_NO,STIME,ETIME,FLIGHT_NO) values (1978,to_date('22/01/11','RR/MM/DD'),70,'LJ431');
Insert into SCHEDULE (S_NO,STIME,ETIME,FLIGHT_NO) values (1979,to_date('22/01/12','RR/MM/DD'),70,'LJ431');
Insert into SCHEDULE (S_NO,STIME,ETIME,FLIGHT_NO) values (1980,to_date('22/01/13','RR/MM/DD'),70,'LJ431');
Insert into SCHEDULE (S_NO,STIME,ETIME,FLIGHT_NO) values (1981,to_date('22/01/14','RR/MM/DD'),70,'LJ431');
Insert into SCHEDULE (S_NO,STIME,ETIME,FLIGHT_NO) values (1982,to_date('22/01/15','RR/MM/DD'),70,'LJ431');
Insert into SCHEDULE (S_NO,STIME,ETIME,FLIGHT_NO) values (1983,to_date('22/01/16','RR/MM/DD'),70,'LJ431');
Insert into SCHEDULE (S_NO,STIME,ETIME,FLIGHT_NO) values (1984,to_date('22/01/17','RR/MM/DD'),70,'LJ431');
Insert into SCHEDULE (S_NO,STIME,ETIME,FLIGHT_NO) values (1985,to_date('22/01/18','RR/MM/DD'),70,'LJ431');
Insert into SCHEDULE (S_NO,STIME,ETIME,FLIGHT_NO) values (1986,to_date('22/01/19','RR/MM/DD'),70,'LJ431');
Insert into SCHEDULE (S_NO,STIME,ETIME,FLIGHT_NO) values (1987,to_date('22/01/20','RR/MM/DD'),70,'LJ431');
Insert into SCHEDULE (S_NO,STIME,ETIME,FLIGHT_NO) values (1988,to_date('22/01/21','RR/MM/DD'),70,'LJ431');
Insert into SCHEDULE (S_NO,STIME,ETIME,FLIGHT_NO) values (1989,to_date('22/01/22','RR/MM/DD'),70,'LJ431');
Insert into SCHEDULE (S_NO,STIME,ETIME,FLIGHT_NO) values (1990,to_date('22/01/23','RR/MM/DD'),70,'LJ431');
Insert into SCHEDULE (S_NO,STIME,ETIME,FLIGHT_NO) values (1991,to_date('22/01/24','RR/MM/DD'),70,'LJ431');
Insert into SCHEDULE (S_NO,STIME,ETIME,FLIGHT_NO) values (1992,to_date('22/01/25','RR/MM/DD'),70,'LJ431');
Insert into SCHEDULE (S_NO,STIME,ETIME,FLIGHT_NO) values (1993,to_date('22/01/26','RR/MM/DD'),70,'LJ431');
Insert into SCHEDULE (S_NO,STIME,ETIME,FLIGHT_NO) values (1994,to_date('22/01/27','RR/MM/DD'),70,'LJ431');
Insert into SCHEDULE (S_NO,STIME,ETIME,FLIGHT_NO) values (1995,to_date('22/01/28','RR/MM/DD'),70,'LJ431');
Insert into SCHEDULE (S_NO,STIME,ETIME,FLIGHT_NO) values (1996,to_date('22/01/29','RR/MM/DD'),70,'LJ431');
Insert into SCHEDULE (S_NO,STIME,ETIME,FLIGHT_NO) values (1997,to_date('22/01/30','RR/MM/DD'),70,'LJ431');
Insert into SCHEDULE (S_NO,STIME,ETIME,FLIGHT_NO) values (1998,to_date('22/01/01','RR/MM/DD'),70,'LJ433');
Insert into SCHEDULE (S_NO,STIME,ETIME,FLIGHT_NO) values (1999,to_date('22/01/02','RR/MM/DD'),70,'LJ433');
Insert into SCHEDULE (S_NO,STIME,ETIME,FLIGHT_NO) values (2000,to_date('22/01/03','RR/MM/DD'),70,'LJ433');
Insert into SCHEDULE (S_NO,STIME,ETIME,FLIGHT_NO) values (2001,to_date('22/01/05','RR/MM/DD'),70,'LJ433');
Insert into SCHEDULE (S_NO,STIME,ETIME,FLIGHT_NO) values (2002,to_date('22/01/06','RR/MM/DD'),70,'LJ433');
Insert into SCHEDULE (S_NO,STIME,ETIME,FLIGHT_NO) values (2003,to_date('22/01/07','RR/MM/DD'),70,'LJ433');
Insert into SCHEDULE (S_NO,STIME,ETIME,FLIGHT_NO) values (2004,to_date('22/01/08','RR/MM/DD'),70,'LJ433');
Insert into SCHEDULE (S_NO,STIME,ETIME,FLIGHT_NO) values (2005,to_date('22/01/09','RR/MM/DD'),70,'LJ433');
Insert into SCHEDULE (S_NO,STIME,ETIME,FLIGHT_NO) values (2006,to_date('22/01/10','RR/MM/DD'),70,'LJ433');
Insert into SCHEDULE (S_NO,STIME,ETIME,FLIGHT_NO) values (2007,to_date('22/01/11','RR/MM/DD'),70,'LJ433');
Insert into SCHEDULE (S_NO,STIME,ETIME,FLIGHT_NO) values (2008,to_date('22/01/12','RR/MM/DD'),70,'LJ433');
Insert into SCHEDULE (S_NO,STIME,ETIME,FLIGHT_NO) values (2009,to_date('22/01/13','RR/MM/DD'),70,'LJ433');
Insert into SCHEDULE (S_NO,STIME,ETIME,FLIGHT_NO) values (2010,to_date('22/01/14','RR/MM/DD'),70,'LJ433');
Insert into SCHEDULE (S_NO,STIME,ETIME,FLIGHT_NO) values (2011,to_date('22/01/15','RR/MM/DD'),70,'LJ433');
Insert into SCHEDULE (S_NO,STIME,ETIME,FLIGHT_NO) values (2012,to_date('22/01/16','RR/MM/DD'),70,'LJ433');
Insert into SCHEDULE (S_NO,STIME,ETIME,FLIGHT_NO) values (2013,to_date('22/01/17','RR/MM/DD'),70,'LJ433');
Insert into SCHEDULE (S_NO,STIME,ETIME,FLIGHT_NO) values (2014,to_date('22/01/18','RR/MM/DD'),70,'LJ433');
Insert into SCHEDULE (S_NO,STIME,ETIME,FLIGHT_NO) values (2015,to_date('22/01/19','RR/MM/DD'),70,'LJ433');
Insert into SCHEDULE (S_NO,STIME,ETIME,FLIGHT_NO) values (2016,to_date('22/01/20','RR/MM/DD'),70,'LJ433');
Insert into SCHEDULE (S_NO,STIME,ETIME,FLIGHT_NO) values (2017,to_date('22/01/21','RR/MM/DD'),70,'LJ433');
Insert into SCHEDULE (S_NO,STIME,ETIME,FLIGHT_NO) values (2018,to_date('22/01/22','RR/MM/DD'),70,'LJ433');
Insert into SCHEDULE (S_NO,STIME,ETIME,FLIGHT_NO) values (2019,to_date('22/01/23','RR/MM/DD'),70,'LJ433');
Insert into SCHEDULE (S_NO,STIME,ETIME,FLIGHT_NO) values (2020,to_date('22/01/24','RR/MM/DD'),70,'LJ433');
Insert into SCHEDULE (S_NO,STIME,ETIME,FLIGHT_NO) values (2021,to_date('22/01/25','RR/MM/DD'),70,'LJ433');
Insert into SCHEDULE (S_NO,STIME,ETIME,FLIGHT_NO) values (2022,to_date('22/01/26','RR/MM/DD'),70,'LJ433');
Insert into SCHEDULE (S_NO,STIME,ETIME,FLIGHT_NO) values (2023,to_date('22/01/27','RR/MM/DD'),70,'LJ433');
Insert into SCHEDULE (S_NO,STIME,ETIME,FLIGHT_NO) values (2024,to_date('22/01/28','RR/MM/DD'),70,'LJ433');
Insert into SCHEDULE (S_NO,STIME,ETIME,FLIGHT_NO) values (2025,to_date('22/01/29','RR/MM/DD'),70,'LJ433');
Insert into SCHEDULE (S_NO,STIME,ETIME,FLIGHT_NO) values (2026,to_date('22/01/30','RR/MM/DD'),70,'LJ433');
Insert into SCHEDULE (S_NO,STIME,ETIME,FLIGHT_NO) values (2027,to_date('22/01/01','RR/MM/DD'),75,'LJ432');
Insert into SCHEDULE (S_NO,STIME,ETIME,FLIGHT_NO) values (2028,to_date('22/01/02','RR/MM/DD'),75,'LJ432');
Insert into SCHEDULE (S_NO,STIME,ETIME,FLIGHT_NO) values (2029,to_date('22/01/03','RR/MM/DD'),75,'LJ432');
Insert into SCHEDULE (S_NO,STIME,ETIME,FLIGHT_NO) values (2030,to_date('22/01/04','RR/MM/DD'),75,'LJ432');
Insert into SCHEDULE (S_NO,STIME,ETIME,FLIGHT_NO) values (2031,to_date('22/01/05','RR/MM/DD'),75,'LJ432');
Insert into SCHEDULE (S_NO,STIME,ETIME,FLIGHT_NO) values (2032,to_date('22/01/06','RR/MM/DD'),75,'LJ432');
Insert into SCHEDULE (S_NO,STIME,ETIME,FLIGHT_NO) values (2033,to_date('22/01/07','RR/MM/DD'),75,'LJ432');
Insert into SCHEDULE (S_NO,STIME,ETIME,FLIGHT_NO) values (2034,to_date('22/01/08','RR/MM/DD'),75,'LJ432');
Insert into SCHEDULE (S_NO,STIME,ETIME,FLIGHT_NO) values (2035,to_date('22/01/09','RR/MM/DD'),75,'LJ432');
Insert into SCHEDULE (S_NO,STIME,ETIME,FLIGHT_NO) values (2036,to_date('22/01/10','RR/MM/DD'),75,'LJ432');
Insert into SCHEDULE (S_NO,STIME,ETIME,FLIGHT_NO) values (2037,to_date('22/01/11','RR/MM/DD'),75,'LJ432');
Insert into SCHEDULE (S_NO,STIME,ETIME,FLIGHT_NO) values (2038,to_date('22/01/12','RR/MM/DD'),75,'LJ432');
Insert into SCHEDULE (S_NO,STIME,ETIME,FLIGHT_NO) values (2039,to_date('22/01/13','RR/MM/DD'),75,'LJ432');
Insert into SCHEDULE (S_NO,STIME,ETIME,FLIGHT_NO) values (2040,to_date('22/01/14','RR/MM/DD'),75,'LJ432');
Insert into SCHEDULE (S_NO,STIME,ETIME,FLIGHT_NO) values (2041,to_date('22/01/15','RR/MM/DD'),75,'LJ432');
Insert into SCHEDULE (S_NO,STIME,ETIME,FLIGHT_NO) values (2042,to_date('22/01/16','RR/MM/DD'),75,'LJ432');
Insert into SCHEDULE (S_NO,STIME,ETIME,FLIGHT_NO) values (2043,to_date('22/01/17','RR/MM/DD'),75,'LJ432');
Insert into SCHEDULE (S_NO,STIME,ETIME,FLIGHT_NO) values (2044,to_date('22/01/18','RR/MM/DD'),75,'LJ432');
Insert into SCHEDULE (S_NO,STIME,ETIME,FLIGHT_NO) values (2045,to_date('22/01/19','RR/MM/DD'),75,'LJ432');
Insert into SCHEDULE (S_NO,STIME,ETIME,FLIGHT_NO) values (2046,to_date('22/01/20','RR/MM/DD'),75,'LJ432');
Insert into SCHEDULE (S_NO,STIME,ETIME,FLIGHT_NO) values (2047,to_date('22/01/21','RR/MM/DD'),75,'LJ432');
Insert into SCHEDULE (S_NO,STIME,ETIME,FLIGHT_NO) values (2048,to_date('22/01/22','RR/MM/DD'),75,'LJ432');
Insert into SCHEDULE (S_NO,STIME,ETIME,FLIGHT_NO) values (2049,to_date('22/01/23','RR/MM/DD'),75,'LJ432');
Insert into SCHEDULE (S_NO,STIME,ETIME,FLIGHT_NO) values (2050,to_date('22/01/24','RR/MM/DD'),75,'LJ432');
Insert into SCHEDULE (S_NO,STIME,ETIME,FLIGHT_NO) values (2051,to_date('22/01/25','RR/MM/DD'),75,'LJ432');
Insert into SCHEDULE (S_NO,STIME,ETIME,FLIGHT_NO) values (2052,to_date('22/01/26','RR/MM/DD'),75,'LJ432');
Insert into SCHEDULE (S_NO,STIME,ETIME,FLIGHT_NO) values (2053,to_date('22/01/27','RR/MM/DD'),75,'LJ432');
Insert into SCHEDULE (S_NO,STIME,ETIME,FLIGHT_NO) values (2054,to_date('22/01/28','RR/MM/DD'),75,'LJ432');
Insert into SCHEDULE (S_NO,STIME,ETIME,FLIGHT_NO) values (2055,to_date('22/01/29','RR/MM/DD'),75,'LJ432');
Insert into SCHEDULE (S_NO,STIME,ETIME,FLIGHT_NO) values (2056,to_date('22/01/30','RR/MM/DD'),75,'LJ432');
Insert into SCHEDULE (S_NO,STIME,ETIME,FLIGHT_NO) values (2057,to_date('22/01/01','RR/MM/DD'),70,'LJ434');
Insert into SCHEDULE (S_NO,STIME,ETIME,FLIGHT_NO) values (2058,to_date('22/01/02','RR/MM/DD'),70,'LJ434');
Insert into SCHEDULE (S_NO,STIME,ETIME,FLIGHT_NO) values (2059,to_date('22/01/03','RR/MM/DD'),70,'LJ434');
Insert into SCHEDULE (S_NO,STIME,ETIME,FLIGHT_NO) values (2060,to_date('22/01/05','RR/MM/DD'),70,'LJ434');
Insert into SCHEDULE (S_NO,STIME,ETIME,FLIGHT_NO) values (2061,to_date('22/01/06','RR/MM/DD'),70,'LJ434');
Insert into SCHEDULE (S_NO,STIME,ETIME,FLIGHT_NO) values (2062,to_date('22/01/07','RR/MM/DD'),70,'LJ434');
Insert into SCHEDULE (S_NO,STIME,ETIME,FLIGHT_NO) values (2063,to_date('22/01/08','RR/MM/DD'),70,'LJ434');
Insert into SCHEDULE (S_NO,STIME,ETIME,FLIGHT_NO) values (2064,to_date('22/01/09','RR/MM/DD'),70,'LJ434');
Insert into SCHEDULE (S_NO,STIME,ETIME,FLIGHT_NO) values (2065,to_date('22/01/10','RR/MM/DD'),70,'LJ434');
Insert into SCHEDULE (S_NO,STIME,ETIME,FLIGHT_NO) values (2066,to_date('22/01/11','RR/MM/DD'),70,'LJ434');
Insert into SCHEDULE (S_NO,STIME,ETIME,FLIGHT_NO) values (2067,to_date('22/01/12','RR/MM/DD'),70,'LJ434');
Insert into SCHEDULE (S_NO,STIME,ETIME,FLIGHT_NO) values (2068,to_date('22/01/13','RR/MM/DD'),70,'LJ434');
Insert into SCHEDULE (S_NO,STIME,ETIME,FLIGHT_NO) values (2069,to_date('22/01/14','RR/MM/DD'),70,'LJ434');
Insert into SCHEDULE (S_NO,STIME,ETIME,FLIGHT_NO) values (2070,to_date('22/01/15','RR/MM/DD'),70,'LJ434');
Insert into SCHEDULE (S_NO,STIME,ETIME,FLIGHT_NO) values (2071,to_date('22/01/16','RR/MM/DD'),70,'LJ434');
Insert into SCHEDULE (S_NO,STIME,ETIME,FLIGHT_NO) values (2072,to_date('22/01/17','RR/MM/DD'),70,'LJ434');
Insert into SCHEDULE (S_NO,STIME,ETIME,FLIGHT_NO) values (2073,to_date('22/01/18','RR/MM/DD'),70,'LJ434');
Insert into SCHEDULE (S_NO,STIME,ETIME,FLIGHT_NO) values (2074,to_date('22/01/19','RR/MM/DD'),70,'LJ434');
Insert into SCHEDULE (S_NO,STIME,ETIME,FLIGHT_NO) values (2075,to_date('22/01/20','RR/MM/DD'),70,'LJ434');
Insert into SCHEDULE (S_NO,STIME,ETIME,FLIGHT_NO) values (2076,to_date('22/01/21','RR/MM/DD'),70,'LJ434');
Insert into SCHEDULE (S_NO,STIME,ETIME,FLIGHT_NO) values (2077,to_date('22/01/22','RR/MM/DD'),70,'LJ434');
Insert into SCHEDULE (S_NO,STIME,ETIME,FLIGHT_NO) values (2078,to_date('22/01/23','RR/MM/DD'),70,'LJ434');
Insert into SCHEDULE (S_NO,STIME,ETIME,FLIGHT_NO) values (2079,to_date('22/01/24','RR/MM/DD'),70,'LJ434');
Insert into SCHEDULE (S_NO,STIME,ETIME,FLIGHT_NO) values (2080,to_date('22/01/25','RR/MM/DD'),70,'LJ434');
Insert into SCHEDULE (S_NO,STIME,ETIME,FLIGHT_NO) values (2081,to_date('22/01/26','RR/MM/DD'),70,'LJ434');
Insert into SCHEDULE (S_NO,STIME,ETIME,FLIGHT_NO) values (2082,to_date('22/01/27','RR/MM/DD'),70,'LJ434');
Insert into SCHEDULE (S_NO,STIME,ETIME,FLIGHT_NO) values (2083,to_date('22/01/28','RR/MM/DD'),70,'LJ434');
Insert into SCHEDULE (S_NO,STIME,ETIME,FLIGHT_NO) values (2084,to_date('22/01/29','RR/MM/DD'),70,'LJ434');
Insert into SCHEDULE (S_NO,STIME,ETIME,FLIGHT_NO) values (2085,to_date('22/01/30','RR/MM/DD'),70,'LJ434');
Insert into SCHEDULE (S_NO,STIME,ETIME,FLIGHT_NO) values (2086,to_date('22/01/01','RR/MM/DD'),60,'LJ481');
Insert into SCHEDULE (S_NO,STIME,ETIME,FLIGHT_NO) values (2087,to_date('22/01/02','RR/MM/DD'),60,'LJ481');
Insert into SCHEDULE (S_NO,STIME,ETIME,FLIGHT_NO) values (2088,to_date('22/01/03','RR/MM/DD'),60,'LJ481');
Insert into SCHEDULE (S_NO,STIME,ETIME,FLIGHT_NO) values (2089,to_date('22/01/04','RR/MM/DD'),60,'LJ481');
Insert into SCHEDULE (S_NO,STIME,ETIME,FLIGHT_NO) values (2090,to_date('22/01/05','RR/MM/DD'),60,'LJ481');
Insert into SCHEDULE (S_NO,STIME,ETIME,FLIGHT_NO) values (2091,to_date('22/01/06','RR/MM/DD'),60,'LJ481');
Insert into SCHEDULE (S_NO,STIME,ETIME,FLIGHT_NO) values (2092,to_date('22/01/07','RR/MM/DD'),60,'LJ481');
Insert into SCHEDULE (S_NO,STIME,ETIME,FLIGHT_NO) values (2093,to_date('22/01/08','RR/MM/DD'),60,'LJ481');
Insert into SCHEDULE (S_NO,STIME,ETIME,FLIGHT_NO) values (2094,to_date('22/01/09','RR/MM/DD'),60,'LJ481');
Insert into SCHEDULE (S_NO,STIME,ETIME,FLIGHT_NO) values (2095,to_date('22/01/10','RR/MM/DD'),60,'LJ481');
Insert into SCHEDULE (S_NO,STIME,ETIME,FLIGHT_NO) values (2096,to_date('22/01/11','RR/MM/DD'),60,'LJ481');
Insert into SCHEDULE (S_NO,STIME,ETIME,FLIGHT_NO) values (2097,to_date('22/01/12','RR/MM/DD'),60,'LJ481');
Insert into SCHEDULE (S_NO,STIME,ETIME,FLIGHT_NO) values (2098,to_date('22/01/13','RR/MM/DD'),60,'LJ481');
Insert into SCHEDULE (S_NO,STIME,ETIME,FLIGHT_NO) values (2099,to_date('22/01/14','RR/MM/DD'),60,'LJ481');
Insert into SCHEDULE (S_NO,STIME,ETIME,FLIGHT_NO) values (2100,to_date('22/01/15','RR/MM/DD'),60,'LJ481');
Insert into SCHEDULE (S_NO,STIME,ETIME,FLIGHT_NO) values (2101,to_date('22/01/16','RR/MM/DD'),60,'LJ481');
Insert into SCHEDULE (S_NO,STIME,ETIME,FLIGHT_NO) values (2102,to_date('22/01/17','RR/MM/DD'),60,'LJ481');
Insert into SCHEDULE (S_NO,STIME,ETIME,FLIGHT_NO) values (2103,to_date('22/01/18','RR/MM/DD'),60,'LJ481');
Insert into SCHEDULE (S_NO,STIME,ETIME,FLIGHT_NO) values (2104,to_date('22/01/19','RR/MM/DD'),60,'LJ481');
Insert into SCHEDULE (S_NO,STIME,ETIME,FLIGHT_NO) values (2105,to_date('22/01/20','RR/MM/DD'),60,'LJ481');
Insert into SCHEDULE (S_NO,STIME,ETIME,FLIGHT_NO) values (2106,to_date('22/01/21','RR/MM/DD'),60,'LJ481');
Insert into SCHEDULE (S_NO,STIME,ETIME,FLIGHT_NO) values (2107,to_date('22/01/22','RR/MM/DD'),60,'LJ481');
Insert into SCHEDULE (S_NO,STIME,ETIME,FLIGHT_NO) values (2108,to_date('22/01/23','RR/MM/DD'),60,'LJ481');
Insert into SCHEDULE (S_NO,STIME,ETIME,FLIGHT_NO) values (2109,to_date('22/01/24','RR/MM/DD'),60,'LJ481');
Insert into SCHEDULE (S_NO,STIME,ETIME,FLIGHT_NO) values (2110,to_date('22/01/25','RR/MM/DD'),60,'LJ481');
Insert into SCHEDULE (S_NO,STIME,ETIME,FLIGHT_NO) values (2111,to_date('22/01/26','RR/MM/DD'),60,'LJ481');
Insert into SCHEDULE (S_NO,STIME,ETIME,FLIGHT_NO) values (2112,to_date('22/01/27','RR/MM/DD'),60,'LJ481');
Insert into SCHEDULE (S_NO,STIME,ETIME,FLIGHT_NO) values (2113,to_date('22/01/28','RR/MM/DD'),60,'LJ481');
Insert into SCHEDULE (S_NO,STIME,ETIME,FLIGHT_NO) values (2114,to_date('22/01/29','RR/MM/DD'),60,'LJ481');
Insert into SCHEDULE (S_NO,STIME,ETIME,FLIGHT_NO) values (2115,to_date('22/01/30','RR/MM/DD'),60,'LJ481');
Insert into SCHEDULE (S_NO,STIME,ETIME,FLIGHT_NO) values (2116,to_date('22/01/01','RR/MM/DD'),60,'LJ483');
Insert into SCHEDULE (S_NO,STIME,ETIME,FLIGHT_NO) values (2117,to_date('22/01/02','RR/MM/DD'),60,'LJ483');
Insert into SCHEDULE (S_NO,STIME,ETIME,FLIGHT_NO) values (2118,to_date('22/01/03','RR/MM/DD'),60,'LJ483');
Insert into SCHEDULE (S_NO,STIME,ETIME,FLIGHT_NO) values (2119,to_date('22/01/04','RR/MM/DD'),60,'LJ483');
Insert into SCHEDULE (S_NO,STIME,ETIME,FLIGHT_NO) values (2120,to_date('22/01/05','RR/MM/DD'),60,'LJ483');
Insert into SCHEDULE (S_NO,STIME,ETIME,FLIGHT_NO) values (2121,to_date('22/01/06','RR/MM/DD'),60,'LJ483');
Insert into SCHEDULE (S_NO,STIME,ETIME,FLIGHT_NO) values (2122,to_date('22/01/07','RR/MM/DD'),60,'LJ483');
Insert into SCHEDULE (S_NO,STIME,ETIME,FLIGHT_NO) values (2123,to_date('22/01/08','RR/MM/DD'),60,'LJ483');
Insert into SCHEDULE (S_NO,STIME,ETIME,FLIGHT_NO) values (2124,to_date('22/01/09','RR/MM/DD'),60,'LJ483');
Insert into SCHEDULE (S_NO,STIME,ETIME,FLIGHT_NO) values (2125,to_date('22/01/10','RR/MM/DD'),60,'LJ483');
Insert into SCHEDULE (S_NO,STIME,ETIME,FLIGHT_NO) values (2126,to_date('22/01/11','RR/MM/DD'),60,'LJ483');
Insert into SCHEDULE (S_NO,STIME,ETIME,FLIGHT_NO) values (2127,to_date('22/01/12','RR/MM/DD'),60,'LJ483');
Insert into SCHEDULE (S_NO,STIME,ETIME,FLIGHT_NO) values (2128,to_date('22/01/13','RR/MM/DD'),60,'LJ483');
Insert into SCHEDULE (S_NO,STIME,ETIME,FLIGHT_NO) values (2129,to_date('22/01/14','RR/MM/DD'),60,'LJ483');
Insert into SCHEDULE (S_NO,STIME,ETIME,FLIGHT_NO) values (2130,to_date('22/01/15','RR/MM/DD'),60,'LJ483');
Insert into SCHEDULE (S_NO,STIME,ETIME,FLIGHT_NO) values (2131,to_date('22/01/16','RR/MM/DD'),60,'LJ483');
Insert into SCHEDULE (S_NO,STIME,ETIME,FLIGHT_NO) values (2132,to_date('22/01/17','RR/MM/DD'),60,'LJ483');
Insert into SCHEDULE (S_NO,STIME,ETIME,FLIGHT_NO) values (2133,to_date('22/01/18','RR/MM/DD'),60,'LJ483');
Insert into SCHEDULE (S_NO,STIME,ETIME,FLIGHT_NO) values (2134,to_date('22/01/19','RR/MM/DD'),60,'LJ483');
Insert into SCHEDULE (S_NO,STIME,ETIME,FLIGHT_NO) values (2135,to_date('22/01/20','RR/MM/DD'),60,'LJ483');
Insert into SCHEDULE (S_NO,STIME,ETIME,FLIGHT_NO) values (2136,to_date('22/01/21','RR/MM/DD'),60,'LJ483');
Insert into SCHEDULE (S_NO,STIME,ETIME,FLIGHT_NO) values (2137,to_date('22/01/22','RR/MM/DD'),60,'LJ483');
Insert into SCHEDULE (S_NO,STIME,ETIME,FLIGHT_NO) values (2138,to_date('22/01/23','RR/MM/DD'),60,'LJ483');
Insert into SCHEDULE (S_NO,STIME,ETIME,FLIGHT_NO) values (2139,to_date('22/01/24','RR/MM/DD'),60,'LJ483');
Insert into SCHEDULE (S_NO,STIME,ETIME,FLIGHT_NO) values (2140,to_date('22/01/25','RR/MM/DD'),60,'LJ483');
Insert into SCHEDULE (S_NO,STIME,ETIME,FLIGHT_NO) values (2141,to_date('22/01/26','RR/MM/DD'),60,'LJ483');
Insert into SCHEDULE (S_NO,STIME,ETIME,FLIGHT_NO) values (2142,to_date('22/01/27','RR/MM/DD'),60,'LJ483');
Insert into SCHEDULE (S_NO,STIME,ETIME,FLIGHT_NO) values (2143,to_date('22/01/28','RR/MM/DD'),60,'LJ483');
Insert into SCHEDULE (S_NO,STIME,ETIME,FLIGHT_NO) values (2144,to_date('22/01/29','RR/MM/DD'),60,'LJ483');
Insert into SCHEDULE (S_NO,STIME,ETIME,FLIGHT_NO) values (2145,to_date('22/01/30','RR/MM/DD'),60,'LJ483');
Insert into SCHEDULE (S_NO,STIME,ETIME,FLIGHT_NO) values (2146,to_date('22/01/01','RR/MM/DD'),60,'LJ482');
Insert into SCHEDULE (S_NO,STIME,ETIME,FLIGHT_NO) values (2147,to_date('22/01/02','RR/MM/DD'),60,'LJ482');
Insert into SCHEDULE (S_NO,STIME,ETIME,FLIGHT_NO) values (2148,to_date('22/01/03','RR/MM/DD'),60,'LJ482');
Insert into SCHEDULE (S_NO,STIME,ETIME,FLIGHT_NO) values (2149,to_date('22/01/04','RR/MM/DD'),60,'LJ482');
Insert into SCHEDULE (S_NO,STIME,ETIME,FLIGHT_NO) values (2150,to_date('22/01/05','RR/MM/DD'),60,'LJ482');
Insert into SCHEDULE (S_NO,STIME,ETIME,FLIGHT_NO) values (2151,to_date('22/01/06','RR/MM/DD'),60,'LJ482');
Insert into SCHEDULE (S_NO,STIME,ETIME,FLIGHT_NO) values (2152,to_date('22/01/07','RR/MM/DD'),60,'LJ482');
Insert into SCHEDULE (S_NO,STIME,ETIME,FLIGHT_NO) values (2153,to_date('22/01/08','RR/MM/DD'),60,'LJ482');
Insert into SCHEDULE (S_NO,STIME,ETIME,FLIGHT_NO) values (2154,to_date('22/01/09','RR/MM/DD'),60,'LJ482');
Insert into SCHEDULE (S_NO,STIME,ETIME,FLIGHT_NO) values (2155,to_date('22/01/10','RR/MM/DD'),60,'LJ482');
Insert into SCHEDULE (S_NO,STIME,ETIME,FLIGHT_NO) values (2156,to_date('22/01/11','RR/MM/DD'),60,'LJ482');
Insert into SCHEDULE (S_NO,STIME,ETIME,FLIGHT_NO) values (2157,to_date('22/01/12','RR/MM/DD'),60,'LJ482');
Insert into SCHEDULE (S_NO,STIME,ETIME,FLIGHT_NO) values (2158,to_date('22/01/13','RR/MM/DD'),60,'LJ482');
Insert into SCHEDULE (S_NO,STIME,ETIME,FLIGHT_NO) values (2159,to_date('22/01/14','RR/MM/DD'),60,'LJ482');
Insert into SCHEDULE (S_NO,STIME,ETIME,FLIGHT_NO) values (2160,to_date('22/01/15','RR/MM/DD'),60,'LJ482');
Insert into SCHEDULE (S_NO,STIME,ETIME,FLIGHT_NO) values (2161,to_date('22/01/16','RR/MM/DD'),60,'LJ482');
Insert into SCHEDULE (S_NO,STIME,ETIME,FLIGHT_NO) values (2162,to_date('22/01/17','RR/MM/DD'),60,'LJ482');
Insert into SCHEDULE (S_NO,STIME,ETIME,FLIGHT_NO) values (2163,to_date('22/01/18','RR/MM/DD'),60,'LJ482');
Insert into SCHEDULE (S_NO,STIME,ETIME,FLIGHT_NO) values (2164,to_date('22/01/19','RR/MM/DD'),60,'LJ482');
Insert into SCHEDULE (S_NO,STIME,ETIME,FLIGHT_NO) values (2165,to_date('22/01/20','RR/MM/DD'),60,'LJ482');
Insert into SCHEDULE (S_NO,STIME,ETIME,FLIGHT_NO) values (2166,to_date('22/01/21','RR/MM/DD'),60,'LJ482');
Insert into SCHEDULE (S_NO,STIME,ETIME,FLIGHT_NO) values (2167,to_date('22/01/22','RR/MM/DD'),60,'LJ482');
Insert into SCHEDULE (S_NO,STIME,ETIME,FLIGHT_NO) values (2168,to_date('22/01/23','RR/MM/DD'),60,'LJ482');
Insert into SCHEDULE (S_NO,STIME,ETIME,FLIGHT_NO) values (2169,to_date('22/01/24','RR/MM/DD'),60,'LJ482');
Insert into SCHEDULE (S_NO,STIME,ETIME,FLIGHT_NO) values (2170,to_date('22/01/25','RR/MM/DD'),60,'LJ482');
Insert into SCHEDULE (S_NO,STIME,ETIME,FLIGHT_NO) values (2171,to_date('22/01/26','RR/MM/DD'),60,'LJ482');
Insert into SCHEDULE (S_NO,STIME,ETIME,FLIGHT_NO) values (2172,to_date('22/01/27','RR/MM/DD'),60,'LJ482');
Insert into SCHEDULE (S_NO,STIME,ETIME,FLIGHT_NO) values (2173,to_date('22/01/28','RR/MM/DD'),60,'LJ482');
Insert into SCHEDULE (S_NO,STIME,ETIME,FLIGHT_NO) values (2174,to_date('22/01/29','RR/MM/DD'),60,'LJ482');
Insert into SCHEDULE (S_NO,STIME,ETIME,FLIGHT_NO) values (2175,to_date('22/01/30','RR/MM/DD'),60,'LJ482');
Insert into SCHEDULE (S_NO,STIME,ETIME,FLIGHT_NO) values (2176,to_date('22/01/01','RR/MM/DD'),60,'LJ484');
Insert into SCHEDULE (S_NO,STIME,ETIME,FLIGHT_NO) values (2177,to_date('22/01/02','RR/MM/DD'),60,'LJ484');
Insert into SCHEDULE (S_NO,STIME,ETIME,FLIGHT_NO) values (2178,to_date('22/01/03','RR/MM/DD'),60,'LJ484');
Insert into SCHEDULE (S_NO,STIME,ETIME,FLIGHT_NO) values (2179,to_date('22/01/04','RR/MM/DD'),60,'LJ484');
Insert into SCHEDULE (S_NO,STIME,ETIME,FLIGHT_NO) values (2180,to_date('22/01/05','RR/MM/DD'),60,'LJ484');
Insert into SCHEDULE (S_NO,STIME,ETIME,FLIGHT_NO) values (2181,to_date('22/01/06','RR/MM/DD'),60,'LJ484');
Insert into SCHEDULE (S_NO,STIME,ETIME,FLIGHT_NO) values (2182,to_date('22/01/07','RR/MM/DD'),60,'LJ484');
Insert into SCHEDULE (S_NO,STIME,ETIME,FLIGHT_NO) values (2183,to_date('22/01/08','RR/MM/DD'),60,'LJ484');
Insert into SCHEDULE (S_NO,STIME,ETIME,FLIGHT_NO) values (2184,to_date('22/01/09','RR/MM/DD'),60,'LJ484');
Insert into SCHEDULE (S_NO,STIME,ETIME,FLIGHT_NO) values (2185,to_date('22/01/10','RR/MM/DD'),60,'LJ484');
Insert into SCHEDULE (S_NO,STIME,ETIME,FLIGHT_NO) values (2186,to_date('22/01/11','RR/MM/DD'),60,'LJ484');
Insert into SCHEDULE (S_NO,STIME,ETIME,FLIGHT_NO) values (2187,to_date('22/01/12','RR/MM/DD'),60,'LJ484');
Insert into SCHEDULE (S_NO,STIME,ETIME,FLIGHT_NO) values (2188,to_date('22/01/13','RR/MM/DD'),60,'LJ484');
Insert into SCHEDULE (S_NO,STIME,ETIME,FLIGHT_NO) values (2189,to_date('22/01/14','RR/MM/DD'),60,'LJ484');
Insert into SCHEDULE (S_NO,STIME,ETIME,FLIGHT_NO) values (2190,to_date('22/01/15','RR/MM/DD'),60,'LJ484');
Insert into SCHEDULE (S_NO,STIME,ETIME,FLIGHT_NO) values (2191,to_date('22/01/16','RR/MM/DD'),60,'LJ484');
Insert into SCHEDULE (S_NO,STIME,ETIME,FLIGHT_NO) values (2192,to_date('22/01/17','RR/MM/DD'),60,'LJ484');
Insert into SCHEDULE (S_NO,STIME,ETIME,FLIGHT_NO) values (2193,to_date('22/01/18','RR/MM/DD'),60,'LJ484');
Insert into SCHEDULE (S_NO,STIME,ETIME,FLIGHT_NO) values (2194,to_date('22/01/19','RR/MM/DD'),60,'LJ484');
Insert into SCHEDULE (S_NO,STIME,ETIME,FLIGHT_NO) values (2195,to_date('22/01/20','RR/MM/DD'),60,'LJ484');
Insert into SCHEDULE (S_NO,STIME,ETIME,FLIGHT_NO) values (2196,to_date('22/01/21','RR/MM/DD'),60,'LJ484');
Insert into SCHEDULE (S_NO,STIME,ETIME,FLIGHT_NO) values (2197,to_date('22/01/22','RR/MM/DD'),60,'LJ484');
Insert into SCHEDULE (S_NO,STIME,ETIME,FLIGHT_NO) values (2198,to_date('22/01/23','RR/MM/DD'),60,'LJ484');
Insert into SCHEDULE (S_NO,STIME,ETIME,FLIGHT_NO) values (2199,to_date('22/01/24','RR/MM/DD'),60,'LJ484');
Insert into SCHEDULE (S_NO,STIME,ETIME,FLIGHT_NO) values (2200,to_date('22/01/25','RR/MM/DD'),60,'LJ484');
Insert into SCHEDULE (S_NO,STIME,ETIME,FLIGHT_NO) values (2201,to_date('22/01/26','RR/MM/DD'),60,'LJ484');
Insert into SCHEDULE (S_NO,STIME,ETIME,FLIGHT_NO) values (2202,to_date('22/01/27','RR/MM/DD'),60,'LJ484');
Insert into SCHEDULE (S_NO,STIME,ETIME,FLIGHT_NO) values (2203,to_date('22/01/28','RR/MM/DD'),60,'LJ484');
Insert into SCHEDULE (S_NO,STIME,ETIME,FLIGHT_NO) values (2204,to_date('22/01/29','RR/MM/DD'),60,'LJ484');
Insert into SCHEDULE (S_NO,STIME,ETIME,FLIGHT_NO) values (2205,to_date('22/01/30','RR/MM/DD'),60,'LJ484');
Insert into SCHEDULE (S_NO,STIME,ETIME,FLIGHT_NO) values (2206,to_date('22/01/01','RR/MM/DD'),60,'LJ341');
Insert into SCHEDULE (S_NO,STIME,ETIME,FLIGHT_NO) values (2207,to_date('22/01/01','RR/MM/DD'),60,'LJ359');
Insert into SCHEDULE (S_NO,STIME,ETIME,FLIGHT_NO) values (2208,to_date('22/01/01','RR/MM/DD'),60,'LJ363');
Insert into SCHEDULE (S_NO,STIME,ETIME,FLIGHT_NO) values (2209,to_date('22/01/01','RR/MM/DD'),60,'LJ343');
Insert into SCHEDULE (S_NO,STIME,ETIME,FLIGHT_NO) values (2210,to_date('22/01/01','RR/MM/DD'),65,'LJ345');
Insert into SCHEDULE (S_NO,STIME,ETIME,FLIGHT_NO) values (2211,to_date('22/01/01','RR/MM/DD'),60,'LJ347');
Insert into SCHEDULE (S_NO,STIME,ETIME,FLIGHT_NO) values (2212,to_date('22/01/01','RR/MM/DD'),55,'LJ361');
Insert into SCHEDULE (S_NO,STIME,ETIME,FLIGHT_NO) values (2213,to_date('22/01/01','RR/MM/DD'),60,'LJ349');
Insert into SCHEDULE (S_NO,STIME,ETIME,FLIGHT_NO) values (2214,to_date('22/01/01','RR/MM/DD'),55,'LJ353');
Insert into SCHEDULE (S_NO,STIME,ETIME,FLIGHT_NO) values (2215,to_date('22/01/02','RR/MM/DD'),60,'LJ341');
Insert into SCHEDULE (S_NO,STIME,ETIME,FLIGHT_NO) values (2216,to_date('22/01/02','RR/MM/DD'),60,'LJ359');
Insert into SCHEDULE (S_NO,STIME,ETIME,FLIGHT_NO) values (2217,to_date('22/01/02','RR/MM/DD'),60,'LJ363');
Insert into SCHEDULE (S_NO,STIME,ETIME,FLIGHT_NO) values (2218,to_date('22/01/02','RR/MM/DD'),60,'LJ343');
Insert into SCHEDULE (S_NO,STIME,ETIME,FLIGHT_NO) values (2219,to_date('22/01/02','RR/MM/DD'),65,'LJ345');
Insert into SCHEDULE (S_NO,STIME,ETIME,FLIGHT_NO) values (2220,to_date('22/01/02','RR/MM/DD'),60,'LJ347');
Insert into SCHEDULE (S_NO,STIME,ETIME,FLIGHT_NO) values (2221,to_date('22/01/02','RR/MM/DD'),55,'LJ361');
Insert into SCHEDULE (S_NO,STIME,ETIME,FLIGHT_NO) values (2222,to_date('22/01/02','RR/MM/DD'),60,'LJ349');
Insert into SCHEDULE (S_NO,STIME,ETIME,FLIGHT_NO) values (2223,to_date('22/01/02','RR/MM/DD'),55,'LJ353');
Insert into SCHEDULE (S_NO,STIME,ETIME,FLIGHT_NO) values (2224,to_date('22/01/09','RR/MM/DD'),60,'LJ359');
Insert into SCHEDULE (S_NO,STIME,ETIME,FLIGHT_NO) values (2225,to_date('22/01/09','RR/MM/DD'),60,'LJ363');
Insert into SCHEDULE (S_NO,STIME,ETIME,FLIGHT_NO) values (2226,to_date('22/01/03','RR/MM/DD'),60,'LJ363');
Insert into SCHEDULE (S_NO,STIME,ETIME,FLIGHT_NO) values (2227,to_date('22/01/04','RR/MM/DD'),60,'LJ363');
Insert into SCHEDULE (S_NO,STIME,ETIME,FLIGHT_NO) values (2228,to_date('22/01/05','RR/MM/DD'),60,'LJ363');
Insert into SCHEDULE (S_NO,STIME,ETIME,FLIGHT_NO) values (2229,to_date('22/01/06','RR/MM/DD'),60,'LJ363');
Insert into SCHEDULE (S_NO,STIME,ETIME,FLIGHT_NO) values (2230,to_date('22/01/07','RR/MM/DD'),60,'LJ363');
Insert into SCHEDULE (S_NO,STIME,ETIME,FLIGHT_NO) values (2231,to_date('22/01/08','RR/MM/DD'),60,'LJ363');
Insert into SCHEDULE (S_NO,STIME,ETIME,FLIGHT_NO) values (2232,to_date('22/01/07','RR/MM/DD'),60,'LJ343');
Insert into SCHEDULE (S_NO,STIME,ETIME,FLIGHT_NO) values (2233,to_date('22/01/08','RR/MM/DD'),60,'LJ343');
Insert into SCHEDULE (S_NO,STIME,ETIME,FLIGHT_NO) values (2234,to_date('22/01/09','RR/MM/DD'),60,'LJ343');
Insert into SCHEDULE (S_NO,STIME,ETIME,FLIGHT_NO) values (2235,to_date('22/01/08','RR/MM/DD'),65,'LJ345');
Insert into SCHEDULE (S_NO,STIME,ETIME,FLIGHT_NO) values (2236,to_date('22/01/09','RR/MM/DD'),65,'LJ345');
Insert into SCHEDULE (S_NO,STIME,ETIME,FLIGHT_NO) values (2237,to_date('22/01/03','RR/MM/DD'),60,'LJ347');
Insert into SCHEDULE (S_NO,STIME,ETIME,FLIGHT_NO) values (2238,to_date('22/01/04','RR/MM/DD'),60,'LJ347');
Insert into SCHEDULE (S_NO,STIME,ETIME,FLIGHT_NO) values (2239,to_date('22/01/05','RR/MM/DD'),60,'LJ347');
Insert into SCHEDULE (S_NO,STIME,ETIME,FLIGHT_NO) values (2240,to_date('22/01/06','RR/MM/DD'),60,'LJ347');
Insert into SCHEDULE (S_NO,STIME,ETIME,FLIGHT_NO) values (2241,to_date('22/01/07','RR/MM/DD'),60,'LJ347');
Insert into SCHEDULE (S_NO,STIME,ETIME,FLIGHT_NO) values (2242,to_date('22/01/08','RR/MM/DD'),60,'LJ347');
Insert into SCHEDULE (S_NO,STIME,ETIME,FLIGHT_NO) values (2243,to_date('22/01/09','RR/MM/DD'),60,'LJ347');
Insert into SCHEDULE (S_NO,STIME,ETIME,FLIGHT_NO) values (2244,to_date('22/01/08','RR/MM/DD'),55,'LJ361');
Insert into SCHEDULE (S_NO,STIME,ETIME,FLIGHT_NO) values (2245,to_date('22/01/09','RR/MM/DD'),55,'LJ361');
Insert into SCHEDULE (S_NO,STIME,ETIME,FLIGHT_NO) values (2246,to_date('22/01/07','RR/MM/DD'),60,'LJ349');
Insert into SCHEDULE (S_NO,STIME,ETIME,FLIGHT_NO) values (2247,to_date('22/01/08','RR/MM/DD'),60,'LJ349');
Insert into SCHEDULE (S_NO,STIME,ETIME,FLIGHT_NO) values (2248,to_date('22/01/09','RR/MM/DD'),60,'LJ349');
Insert into SCHEDULE (S_NO,STIME,ETIME,FLIGHT_NO) values (2249,to_date('22/01/03','RR/MM/DD'),55,'LJ353');
Insert into SCHEDULE (S_NO,STIME,ETIME,FLIGHT_NO) values (2250,to_date('22/01/04','RR/MM/DD'),55,'LJ353');
Insert into SCHEDULE (S_NO,STIME,ETIME,FLIGHT_NO) values (2251,to_date('22/01/05','RR/MM/DD'),55,'LJ353');
Insert into SCHEDULE (S_NO,STIME,ETIME,FLIGHT_NO) values (2252,to_date('22/01/06','RR/MM/DD'),55,'LJ353');
Insert into SCHEDULE (S_NO,STIME,ETIME,FLIGHT_NO) values (2253,to_date('22/01/07','RR/MM/DD'),55,'LJ353');
Insert into SCHEDULE (S_NO,STIME,ETIME,FLIGHT_NO) values (2254,to_date('22/01/08','RR/MM/DD'),55,'LJ353');
Insert into SCHEDULE (S_NO,STIME,ETIME,FLIGHT_NO) values (2255,to_date('22/01/09','RR/MM/DD'),55,'LJ353');
Insert into SCHEDULE (S_NO,STIME,ETIME,FLIGHT_NO) values (2256,to_date('22/01/15','RR/MM/DD'),60,'LJ359');
Insert into SCHEDULE (S_NO,STIME,ETIME,FLIGHT_NO) values (2257,to_date('22/01/16','RR/MM/DD'),60,'LJ359');
Insert into SCHEDULE (S_NO,STIME,ETIME,FLIGHT_NO) values (2258,to_date('22/01/16','RR/MM/DD'),60,'LJ363');
Insert into SCHEDULE (S_NO,STIME,ETIME,FLIGHT_NO) values (2259,to_date('22/01/10','RR/MM/DD'),60,'LJ363');
Insert into SCHEDULE (S_NO,STIME,ETIME,FLIGHT_NO) values (2260,to_date('22/01/11','RR/MM/DD'),60,'LJ363');
Insert into SCHEDULE (S_NO,STIME,ETIME,FLIGHT_NO) values (2261,to_date('22/01/12','RR/MM/DD'),60,'LJ363');
Insert into SCHEDULE (S_NO,STIME,ETIME,FLIGHT_NO) values (2262,to_date('22/01/13','RR/MM/DD'),60,'LJ363');
Insert into SCHEDULE (S_NO,STIME,ETIME,FLIGHT_NO) values (2263,to_date('22/01/14','RR/MM/DD'),60,'LJ363');
Insert into SCHEDULE (S_NO,STIME,ETIME,FLIGHT_NO) values (2264,to_date('22/01/15','RR/MM/DD'),60,'LJ363');
Insert into SCHEDULE (S_NO,STIME,ETIME,FLIGHT_NO) values (2265,to_date('22/01/14','RR/MM/DD'),60,'LJ343');
Insert into SCHEDULE (S_NO,STIME,ETIME,FLIGHT_NO) values (2266,to_date('22/01/15','RR/MM/DD'),60,'LJ343');
Insert into SCHEDULE (S_NO,STIME,ETIME,FLIGHT_NO) values (2267,to_date('22/01/16','RR/MM/DD'),60,'LJ343');
Insert into SCHEDULE (S_NO,STIME,ETIME,FLIGHT_NO) values (2268,to_date('22/01/16','RR/MM/DD'),65,'LJ345');
Insert into SCHEDULE (S_NO,STIME,ETIME,FLIGHT_NO) values (2269,to_date('22/01/13','RR/MM/DD'),60,'LJ347');
Insert into SCHEDULE (S_NO,STIME,ETIME,FLIGHT_NO) values (2270,to_date('22/01/14','RR/MM/DD'),60,'LJ347');
Insert into SCHEDULE (S_NO,STIME,ETIME,FLIGHT_NO) values (2271,to_date('22/01/15','RR/MM/DD'),60,'LJ347');
Insert into SCHEDULE (S_NO,STIME,ETIME,FLIGHT_NO) values (2272,to_date('22/01/16','RR/MM/DD'),60,'LJ347');
Insert into SCHEDULE (S_NO,STIME,ETIME,FLIGHT_NO) values (2273,to_date('22/01/15','RR/MM/DD'),55,'LJ361');
Insert into SCHEDULE (S_NO,STIME,ETIME,FLIGHT_NO) values (2274,to_date('22/01/16','RR/MM/DD'),55,'LJ361');
Insert into SCHEDULE (S_NO,STIME,ETIME,FLIGHT_NO) values (2275,to_date('22/01/10','RR/MM/DD'),60,'LJ349');
Insert into SCHEDULE (S_NO,STIME,ETIME,FLIGHT_NO) values (2276,to_date('22/01/11','RR/MM/DD'),60,'LJ349');
Insert into SCHEDULE (S_NO,STIME,ETIME,FLIGHT_NO) values (2277,to_date('22/01/12','RR/MM/DD'),60,'LJ349');
Insert into SCHEDULE (S_NO,STIME,ETIME,FLIGHT_NO) values (2278,to_date('22/01/13','RR/MM/DD'),60,'LJ349');
Insert into SCHEDULE (S_NO,STIME,ETIME,FLIGHT_NO) values (2279,to_date('22/01/14','RR/MM/DD'),60,'LJ349');
Insert into SCHEDULE (S_NO,STIME,ETIME,FLIGHT_NO) values (2280,to_date('22/01/15','RR/MM/DD'),60,'LJ349');
Insert into SCHEDULE (S_NO,STIME,ETIME,FLIGHT_NO) values (2281,to_date('22/01/16','RR/MM/DD'),60,'LJ349');
Insert into SCHEDULE (S_NO,STIME,ETIME,FLIGHT_NO) values (2282,to_date('22/01/10','RR/MM/DD'),55,'LJ353');
Insert into SCHEDULE (S_NO,STIME,ETIME,FLIGHT_NO) values (2283,to_date('22/01/11','RR/MM/DD'),55,'LJ353');
Insert into SCHEDULE (S_NO,STIME,ETIME,FLIGHT_NO) values (2284,to_date('22/01/12','RR/MM/DD'),55,'LJ353');
Insert into SCHEDULE (S_NO,STIME,ETIME,FLIGHT_NO) values (2285,to_date('22/01/13','RR/MM/DD'),55,'LJ353');
Insert into SCHEDULE (S_NO,STIME,ETIME,FLIGHT_NO) values (2286,to_date('22/01/14','RR/MM/DD'),55,'LJ353');
Insert into SCHEDULE (S_NO,STIME,ETIME,FLIGHT_NO) values (2287,to_date('22/01/15','RR/MM/DD'),55,'LJ353');
Insert into SCHEDULE (S_NO,STIME,ETIME,FLIGHT_NO) values (2288,to_date('22/01/16','RR/MM/DD'),55,'LJ353');
Insert into SCHEDULE (S_NO,STIME,ETIME,FLIGHT_NO) values (2289,to_date('22/01/17','RR/MM/DD'),60,'LJ359');
Insert into SCHEDULE (S_NO,STIME,ETIME,FLIGHT_NO) values (2290,to_date('22/01/22','RR/MM/DD'),60,'LJ359');
Insert into SCHEDULE (S_NO,STIME,ETIME,FLIGHT_NO) values (2291,to_date('22/01/23','RR/MM/DD'),60,'LJ359');
Insert into SCHEDULE (S_NO,STIME,ETIME,FLIGHT_NO) values (2292,to_date('22/01/23','RR/MM/DD'),60,'LJ363');
Insert into SCHEDULE (S_NO,STIME,ETIME,FLIGHT_NO) values (2293,to_date('22/01/17','RR/MM/DD'),60,'LJ363');
Insert into SCHEDULE (S_NO,STIME,ETIME,FLIGHT_NO) values (2294,to_date('22/01/18','RR/MM/DD'),60,'LJ363');
Insert into SCHEDULE (S_NO,STIME,ETIME,FLIGHT_NO) values (2295,to_date('22/01/19','RR/MM/DD'),60,'LJ363');
Insert into SCHEDULE (S_NO,STIME,ETIME,FLIGHT_NO) values (2296,to_date('22/01/20','RR/MM/DD'),60,'LJ363');
Insert into SCHEDULE (S_NO,STIME,ETIME,FLIGHT_NO) values (2297,to_date('22/01/21','RR/MM/DD'),60,'LJ363');
Insert into SCHEDULE (S_NO,STIME,ETIME,FLIGHT_NO) values (2298,to_date('22/01/22','RR/MM/DD'),60,'LJ363');
Insert into SCHEDULE (S_NO,STIME,ETIME,FLIGHT_NO) values (2299,to_date('22/01/21','RR/MM/DD'),60,'LJ343');
Insert into SCHEDULE (S_NO,STIME,ETIME,FLIGHT_NO) values (2300,to_date('22/01/22','RR/MM/DD'),60,'LJ343');
Insert into SCHEDULE (S_NO,STIME,ETIME,FLIGHT_NO) values (2301,to_date('22/01/23','RR/MM/DD'),60,'LJ343');
Insert into SCHEDULE (S_NO,STIME,ETIME,FLIGHT_NO) values (2302,to_date('22/01/23','RR/MM/DD'),65,'LJ345');
Insert into SCHEDULE (S_NO,STIME,ETIME,FLIGHT_NO) values (2303,to_date('22/01/20','RR/MM/DD'),60,'LJ347');
Insert into SCHEDULE (S_NO,STIME,ETIME,FLIGHT_NO) values (2304,to_date('22/01/21','RR/MM/DD'),60,'LJ347');
Insert into SCHEDULE (S_NO,STIME,ETIME,FLIGHT_NO) values (2305,to_date('22/01/22','RR/MM/DD'),60,'LJ347');
Insert into SCHEDULE (S_NO,STIME,ETIME,FLIGHT_NO) values (2306,to_date('22/01/23','RR/MM/DD'),60,'LJ347');
Insert into SCHEDULE (S_NO,STIME,ETIME,FLIGHT_NO) values (2307,to_date('22/01/22','RR/MM/DD'),55,'LJ361');
Insert into SCHEDULE (S_NO,STIME,ETIME,FLIGHT_NO) values (2308,to_date('22/01/23','RR/MM/DD'),55,'LJ361');
Insert into SCHEDULE (S_NO,STIME,ETIME,FLIGHT_NO) values (2309,to_date('22/01/17','RR/MM/DD'),60,'LJ349');
Insert into SCHEDULE (S_NO,STIME,ETIME,FLIGHT_NO) values (2310,to_date('22/01/18','RR/MM/DD'),60,'LJ349');
Insert into SCHEDULE (S_NO,STIME,ETIME,FLIGHT_NO) values (2311,to_date('22/01/19','RR/MM/DD'),60,'LJ349');
Insert into SCHEDULE (S_NO,STIME,ETIME,FLIGHT_NO) values (2312,to_date('22/01/20','RR/MM/DD'),60,'LJ349');
Insert into SCHEDULE (S_NO,STIME,ETIME,FLIGHT_NO) values (2313,to_date('22/01/21','RR/MM/DD'),60,'LJ349');
Insert into SCHEDULE (S_NO,STIME,ETIME,FLIGHT_NO) values (2314,to_date('22/01/22','RR/MM/DD'),60,'LJ349');
Insert into SCHEDULE (S_NO,STIME,ETIME,FLIGHT_NO) values (2315,to_date('22/01/23','RR/MM/DD'),60,'LJ349');
Insert into SCHEDULE (S_NO,STIME,ETIME,FLIGHT_NO) values (2316,to_date('22/01/17','RR/MM/DD'),55,'LJ353');
Insert into SCHEDULE (S_NO,STIME,ETIME,FLIGHT_NO) values (2317,to_date('22/01/18','RR/MM/DD'),55,'LJ353');
Insert into SCHEDULE (S_NO,STIME,ETIME,FLIGHT_NO) values (2318,to_date('22/01/19','RR/MM/DD'),55,'LJ353');
Insert into SCHEDULE (S_NO,STIME,ETIME,FLIGHT_NO) values (2319,to_date('22/01/20','RR/MM/DD'),55,'LJ353');
Insert into SCHEDULE (S_NO,STIME,ETIME,FLIGHT_NO) values (2320,to_date('22/01/21','RR/MM/DD'),55,'LJ353');
Insert into SCHEDULE (S_NO,STIME,ETIME,FLIGHT_NO) values (2321,to_date('22/01/22','RR/MM/DD'),55,'LJ353');
Insert into SCHEDULE (S_NO,STIME,ETIME,FLIGHT_NO) values (2322,to_date('22/01/23','RR/MM/DD'),55,'LJ353');
Insert into SCHEDULE (S_NO,STIME,ETIME,FLIGHT_NO) values (2323,to_date('22/01/28','RR/MM/DD'),60,'LJ341');
Insert into SCHEDULE (S_NO,STIME,ETIME,FLIGHT_NO) values (2324,to_date('22/01/29','RR/MM/DD'),60,'LJ341');
Insert into SCHEDULE (S_NO,STIME,ETIME,FLIGHT_NO) values (2325,to_date('22/01/30','RR/MM/DD'),60,'LJ341');
Insert into SCHEDULE (S_NO,STIME,ETIME,FLIGHT_NO) values (2326,to_date('22/01/24','RR/MM/DD'),60,'LJ359');
Insert into SCHEDULE (S_NO,STIME,ETIME,FLIGHT_NO) values (2327,to_date('22/01/25','RR/MM/DD'),60,'LJ359');
Insert into SCHEDULE (S_NO,STIME,ETIME,FLIGHT_NO) values (2328,to_date('22/01/26','RR/MM/DD'),60,'LJ359');
Insert into SCHEDULE (S_NO,STIME,ETIME,FLIGHT_NO) values (2329,to_date('22/01/27','RR/MM/DD'),60,'LJ359');
Insert into SCHEDULE (S_NO,STIME,ETIME,FLIGHT_NO) values (2330,to_date('22/01/28','RR/MM/DD'),60,'LJ359');
Insert into SCHEDULE (S_NO,STIME,ETIME,FLIGHT_NO) values (2331,to_date('22/01/29','RR/MM/DD'),60,'LJ359');
Insert into SCHEDULE (S_NO,STIME,ETIME,FLIGHT_NO) values (2332,to_date('22/01/30','RR/MM/DD'),60,'LJ359');
Insert into SCHEDULE (S_NO,STIME,ETIME,FLIGHT_NO) values (2333,to_date('22/01/30','RR/MM/DD'),60,'LJ363');
Insert into SCHEDULE (S_NO,STIME,ETIME,FLIGHT_NO) values (2334,to_date('22/01/24','RR/MM/DD'),60,'LJ363');
Insert into SCHEDULE (S_NO,STIME,ETIME,FLIGHT_NO) values (2335,to_date('22/01/25','RR/MM/DD'),60,'LJ363');
Insert into SCHEDULE (S_NO,STIME,ETIME,FLIGHT_NO) values (2336,to_date('22/01/26','RR/MM/DD'),60,'LJ363');
Insert into SCHEDULE (S_NO,STIME,ETIME,FLIGHT_NO) values (2337,to_date('22/01/27','RR/MM/DD'),60,'LJ363');
Insert into SCHEDULE (S_NO,STIME,ETIME,FLIGHT_NO) values (2338,to_date('22/01/28','RR/MM/DD'),60,'LJ363');
Insert into SCHEDULE (S_NO,STIME,ETIME,FLIGHT_NO) values (2339,to_date('22/01/29','RR/MM/DD'),60,'LJ363');
Insert into SCHEDULE (S_NO,STIME,ETIME,FLIGHT_NO) values (2340,to_date('22/01/28','RR/MM/DD'),60,'LJ343');
Insert into SCHEDULE (S_NO,STIME,ETIME,FLIGHT_NO) values (2341,to_date('22/01/29','RR/MM/DD'),60,'LJ343');
Insert into SCHEDULE (S_NO,STIME,ETIME,FLIGHT_NO) values (2342,to_date('22/01/30','RR/MM/DD'),60,'LJ343');
Insert into SCHEDULE (S_NO,STIME,ETIME,FLIGHT_NO) values (2343,to_date('22/01/29','RR/MM/DD'),65,'LJ345');
Insert into SCHEDULE (S_NO,STIME,ETIME,FLIGHT_NO) values (2344,to_date('22/01/30','RR/MM/DD'),65,'LJ345');
Insert into SCHEDULE (S_NO,STIME,ETIME,FLIGHT_NO) values (2345,to_date('22/01/24','RR/MM/DD'),60,'LJ347');
Insert into SCHEDULE (S_NO,STIME,ETIME,FLIGHT_NO) values (2346,to_date('22/01/25','RR/MM/DD'),60,'LJ347');
Insert into SCHEDULE (S_NO,STIME,ETIME,FLIGHT_NO) values (2347,to_date('22/01/26','RR/MM/DD'),60,'LJ347');
Insert into SCHEDULE (S_NO,STIME,ETIME,FLIGHT_NO) values (2348,to_date('22/01/27','RR/MM/DD'),60,'LJ347');
Insert into SCHEDULE (S_NO,STIME,ETIME,FLIGHT_NO) values (2349,to_date('22/01/28','RR/MM/DD'),60,'LJ347');
Insert into SCHEDULE (S_NO,STIME,ETIME,FLIGHT_NO) values (2350,to_date('22/01/29','RR/MM/DD'),60,'LJ347');
Insert into SCHEDULE (S_NO,STIME,ETIME,FLIGHT_NO) values (2351,to_date('22/01/30','RR/MM/DD'),60,'LJ347');
Insert into SCHEDULE (S_NO,STIME,ETIME,FLIGHT_NO) values (2352,to_date('22/01/29','RR/MM/DD'),55,'LJ361');
Insert into SCHEDULE (S_NO,STIME,ETIME,FLIGHT_NO) values (2353,to_date('22/01/30','RR/MM/DD'),55,'LJ361');
Insert into SCHEDULE (S_NO,STIME,ETIME,FLIGHT_NO) values (2354,to_date('22/01/24','RR/MM/DD'),60,'LJ349');
Insert into SCHEDULE (S_NO,STIME,ETIME,FLIGHT_NO) values (2355,to_date('22/01/25','RR/MM/DD'),60,'LJ349');
Insert into SCHEDULE (S_NO,STIME,ETIME,FLIGHT_NO) values (2356,to_date('22/01/26','RR/MM/DD'),60,'LJ349');
Insert into SCHEDULE (S_NO,STIME,ETIME,FLIGHT_NO) values (2357,to_date('22/01/27','RR/MM/DD'),60,'LJ349');
Insert into SCHEDULE (S_NO,STIME,ETIME,FLIGHT_NO) values (2358,to_date('22/01/28','RR/MM/DD'),60,'LJ349');
Insert into SCHEDULE (S_NO,STIME,ETIME,FLIGHT_NO) values (2359,to_date('22/01/29','RR/MM/DD'),60,'LJ349');
Insert into SCHEDULE (S_NO,STIME,ETIME,FLIGHT_NO) values (2360,to_date('22/01/30','RR/MM/DD'),60,'LJ349');
Insert into SCHEDULE (S_NO,STIME,ETIME,FLIGHT_NO) values (2361,to_date('22/01/24','RR/MM/DD'),55,'LJ353');
Insert into SCHEDULE (S_NO,STIME,ETIME,FLIGHT_NO) values (2362,to_date('22/01/25','RR/MM/DD'),55,'LJ353');
Insert into SCHEDULE (S_NO,STIME,ETIME,FLIGHT_NO) values (2363,to_date('22/01/26','RR/MM/DD'),55,'LJ353');
Insert into SCHEDULE (S_NO,STIME,ETIME,FLIGHT_NO) values (2364,to_date('22/01/27','RR/MM/DD'),55,'LJ353');
Insert into SCHEDULE (S_NO,STIME,ETIME,FLIGHT_NO) values (2365,to_date('22/01/28','RR/MM/DD'),55,'LJ353');
Insert into SCHEDULE (S_NO,STIME,ETIME,FLIGHT_NO) values (2366,to_date('22/01/29','RR/MM/DD'),55,'LJ353');
Insert into SCHEDULE (S_NO,STIME,ETIME,FLIGHT_NO) values (2367,to_date('22/01/30','RR/MM/DD'),55,'LJ353');
Insert into SCHEDULE (S_NO,STIME,ETIME,FLIGHT_NO) values (2368,to_date('22/01/01','RR/MM/DD'),60,'LJ342');
Insert into SCHEDULE (S_NO,STIME,ETIME,FLIGHT_NO) values (2369,to_date('22/01/01','RR/MM/DD'),60,'LJ358');
Insert into SCHEDULE (S_NO,STIME,ETIME,FLIGHT_NO) values (2370,to_date('22/01/01','RR/MM/DD'),60,'LJ344');
Insert into SCHEDULE (S_NO,STIME,ETIME,FLIGHT_NO) values (2371,to_date('22/01/01','RR/MM/DD'),60,'LJ360');
Insert into SCHEDULE (S_NO,STIME,ETIME,FLIGHT_NO) values (2372,to_date('22/01/01','RR/MM/DD'),60,'LJ346');
Insert into SCHEDULE (S_NO,STIME,ETIME,FLIGHT_NO) values (2373,to_date('22/01/01','RR/MM/DD'),60,'LJ354');
Insert into SCHEDULE (S_NO,STIME,ETIME,FLIGHT_NO) values (2374,to_date('22/01/01','RR/MM/DD'),60,'LJ348');
Insert into SCHEDULE (S_NO,STIME,ETIME,FLIGHT_NO) values (2375,to_date('22/01/01','RR/MM/DD'),60,'LJ350');
Insert into SCHEDULE (S_NO,STIME,ETIME,FLIGHT_NO) values (2376,to_date('22/01/01','RR/MM/DD'),60,'LJ362');
Insert into SCHEDULE (S_NO,STIME,ETIME,FLIGHT_NO) values (2377,to_date('22/01/02','RR/MM/DD'),60,'LJ342');
Insert into SCHEDULE (S_NO,STIME,ETIME,FLIGHT_NO) values (2378,to_date('22/01/02','RR/MM/DD'),60,'LJ358');
Insert into SCHEDULE (S_NO,STIME,ETIME,FLIGHT_NO) values (2379,to_date('22/01/02','RR/MM/DD'),60,'LJ344');
Insert into SCHEDULE (S_NO,STIME,ETIME,FLIGHT_NO) values (2380,to_date('22/01/02','RR/MM/DD'),60,'LJ360');
Insert into SCHEDULE (S_NO,STIME,ETIME,FLIGHT_NO) values (2381,to_date('22/01/02','RR/MM/DD'),60,'LJ346');
Insert into SCHEDULE (S_NO,STIME,ETIME,FLIGHT_NO) values (2382,to_date('22/01/02','RR/MM/DD'),60,'LJ354');
Insert into SCHEDULE (S_NO,STIME,ETIME,FLIGHT_NO) values (2383,to_date('22/01/02','RR/MM/DD'),60,'LJ348');
Insert into SCHEDULE (S_NO,STIME,ETIME,FLIGHT_NO) values (2384,to_date('22/01/02','RR/MM/DD'),60,'LJ350');
Insert into SCHEDULE (S_NO,STIME,ETIME,FLIGHT_NO) values (2385,to_date('22/01/02','RR/MM/DD'),60,'LJ362');
Insert into SCHEDULE (S_NO,STIME,ETIME,FLIGHT_NO) values (2386,to_date('22/01/03','RR/MM/DD'),60,'LJ342');
Insert into SCHEDULE (S_NO,STIME,ETIME,FLIGHT_NO) values (2387,to_date('22/01/04','RR/MM/DD'),60,'LJ342');
Insert into SCHEDULE (S_NO,STIME,ETIME,FLIGHT_NO) values (2388,to_date('22/01/05','RR/MM/DD'),60,'LJ342');
Insert into SCHEDULE (S_NO,STIME,ETIME,FLIGHT_NO) values (2389,to_date('22/01/06','RR/MM/DD'),60,'LJ342');
Insert into SCHEDULE (S_NO,STIME,ETIME,FLIGHT_NO) values (2390,to_date('22/01/07','RR/MM/DD'),60,'LJ358');
Insert into SCHEDULE (S_NO,STIME,ETIME,FLIGHT_NO) values (2391,to_date('22/01/08','RR/MM/DD'),60,'LJ358');
Insert into SCHEDULE (S_NO,STIME,ETIME,FLIGHT_NO) values (2392,to_date('22/01/09','RR/MM/DD'),60,'LJ358');
Insert into SCHEDULE (S_NO,STIME,ETIME,FLIGHT_NO) values (2393,to_date('22/01/07','RR/MM/DD'),60,'LJ344');
Insert into SCHEDULE (S_NO,STIME,ETIME,FLIGHT_NO) values (2394,to_date('22/01/08','RR/MM/DD'),60,'LJ344');
Insert into SCHEDULE (S_NO,STIME,ETIME,FLIGHT_NO) values (2395,to_date('22/01/09','RR/MM/DD'),60,'LJ344');
Insert into SCHEDULE (S_NO,STIME,ETIME,FLIGHT_NO) values (2396,to_date('22/01/09','RR/MM/DD'),60,'LJ360');
Insert into SCHEDULE (S_NO,STIME,ETIME,FLIGHT_NO) values (2397,to_date('22/01/07','RR/MM/DD'),60,'LJ346');
Insert into SCHEDULE (S_NO,STIME,ETIME,FLIGHT_NO) values (2398,to_date('22/01/08','RR/MM/DD'),60,'LJ346');
Insert into SCHEDULE (S_NO,STIME,ETIME,FLIGHT_NO) values (2399,to_date('22/01/09','RR/MM/DD'),60,'LJ346');
Insert into SCHEDULE (S_NO,STIME,ETIME,FLIGHT_NO) values (2400,to_date('22/01/03','RR/MM/DD'),60,'LJ354');
Insert into SCHEDULE (S_NO,STIME,ETIME,FLIGHT_NO) values (2401,to_date('22/01/04','RR/MM/DD'),60,'LJ354');
Insert into SCHEDULE (S_NO,STIME,ETIME,FLIGHT_NO) values (2402,to_date('22/01/05','RR/MM/DD'),60,'LJ354');
Insert into SCHEDULE (S_NO,STIME,ETIME,FLIGHT_NO) values (2403,to_date('22/01/06','RR/MM/DD'),60,'LJ354');
Insert into SCHEDULE (S_NO,STIME,ETIME,FLIGHT_NO) values (2404,to_date('22/01/07','RR/MM/DD'),60,'LJ354');
Insert into SCHEDULE (S_NO,STIME,ETIME,FLIGHT_NO) values (2405,to_date('22/01/08','RR/MM/DD'),60,'LJ354');
Insert into SCHEDULE (S_NO,STIME,ETIME,FLIGHT_NO) values (2406,to_date('22/01/09','RR/MM/DD'),60,'LJ354');
Insert into SCHEDULE (S_NO,STIME,ETIME,FLIGHT_NO) values (2407,to_date('22/01/08','RR/MM/DD'),60,'LJ348');
Insert into SCHEDULE (S_NO,STIME,ETIME,FLIGHT_NO) values (2408,to_date('22/01/09','RR/MM/DD'),60,'LJ348');
Insert into SCHEDULE (S_NO,STIME,ETIME,FLIGHT_NO) values (2409,to_date('22/01/03','RR/MM/DD'),60,'LJ350');
Insert into SCHEDULE (S_NO,STIME,ETIME,FLIGHT_NO) values (2410,to_date('22/01/04','RR/MM/DD'),60,'LJ350');
Insert into SCHEDULE (S_NO,STIME,ETIME,FLIGHT_NO) values (2411,to_date('22/01/05','RR/MM/DD'),60,'LJ350');
Insert into SCHEDULE (S_NO,STIME,ETIME,FLIGHT_NO) values (2412,to_date('22/01/06','RR/MM/DD'),60,'LJ350');
Insert into SCHEDULE (S_NO,STIME,ETIME,FLIGHT_NO) values (2413,to_date('22/01/07','RR/MM/DD'),60,'LJ350');
Insert into SCHEDULE (S_NO,STIME,ETIME,FLIGHT_NO) values (2414,to_date('22/01/08','RR/MM/DD'),60,'LJ350');
Insert into SCHEDULE (S_NO,STIME,ETIME,FLIGHT_NO) values (2415,to_date('22/01/09','RR/MM/DD'),60,'LJ350');
Insert into SCHEDULE (S_NO,STIME,ETIME,FLIGHT_NO) values (2416,to_date('22/01/08','RR/MM/DD'),60,'LJ362');
Insert into SCHEDULE (S_NO,STIME,ETIME,FLIGHT_NO) values (2417,to_date('22/01/09','RR/MM/DD'),60,'LJ362');
Insert into SCHEDULE (S_NO,STIME,ETIME,FLIGHT_NO) values (2418,to_date('22/01/10','RR/MM/DD'),60,'LJ342');
Insert into SCHEDULE (S_NO,STIME,ETIME,FLIGHT_NO) values (2419,to_date('22/01/15','RR/MM/DD'),60,'LJ358');
Insert into SCHEDULE (S_NO,STIME,ETIME,FLIGHT_NO) values (2420,to_date('22/01/16','RR/MM/DD'),60,'LJ358');
Insert into SCHEDULE (S_NO,STIME,ETIME,FLIGHT_NO) values (2421,to_date('22/01/11','RR/MM/DD'),60,'LJ344');
Insert into SCHEDULE (S_NO,STIME,ETIME,FLIGHT_NO) values (2422,to_date('22/01/12','RR/MM/DD'),60,'LJ344');
Insert into SCHEDULE (S_NO,STIME,ETIME,FLIGHT_NO) values (2423,to_date('22/01/13','RR/MM/DD'),60,'LJ344');
Insert into SCHEDULE (S_NO,STIME,ETIME,FLIGHT_NO) values (2424,to_date('22/01/14','RR/MM/DD'),60,'LJ344');
Insert into SCHEDULE (S_NO,STIME,ETIME,FLIGHT_NO) values (2425,to_date('22/01/15','RR/MM/DD'),60,'LJ344');
Insert into SCHEDULE (S_NO,STIME,ETIME,FLIGHT_NO) values (2426,to_date('22/01/16','RR/MM/DD'),60,'LJ344');
Insert into SCHEDULE (S_NO,STIME,ETIME,FLIGHT_NO) values (2427,to_date('22/01/10','RR/MM/DD'),60,'LJ360');
Insert into SCHEDULE (S_NO,STIME,ETIME,FLIGHT_NO) values (2428,to_date('22/01/11','RR/MM/DD'),60,'LJ360');
Insert into SCHEDULE (S_NO,STIME,ETIME,FLIGHT_NO) values (2429,to_date('22/01/12','RR/MM/DD'),60,'LJ360');
Insert into SCHEDULE (S_NO,STIME,ETIME,FLIGHT_NO) values (2430,to_date('22/01/13','RR/MM/DD'),60,'LJ360');
Insert into SCHEDULE (S_NO,STIME,ETIME,FLIGHT_NO) values (2431,to_date('22/01/14','RR/MM/DD'),60,'LJ360');
Insert into SCHEDULE (S_NO,STIME,ETIME,FLIGHT_NO) values (2432,to_date('22/01/15','RR/MM/DD'),60,'LJ360');
Insert into SCHEDULE (S_NO,STIME,ETIME,FLIGHT_NO) values (2433,to_date('22/01/16','RR/MM/DD'),60,'LJ360');
Insert into SCHEDULE (S_NO,STIME,ETIME,FLIGHT_NO) values (2434,to_date('22/01/14','RR/MM/DD'),60,'LJ346');
Insert into SCHEDULE (S_NO,STIME,ETIME,FLIGHT_NO) values (2435,to_date('22/01/15','RR/MM/DD'),60,'LJ346');
Insert into SCHEDULE (S_NO,STIME,ETIME,FLIGHT_NO) values (2436,to_date('22/01/16','RR/MM/DD'),60,'LJ346');
Insert into SCHEDULE (S_NO,STIME,ETIME,FLIGHT_NO) values (2437,to_date('22/01/10','RR/MM/DD'),60,'LJ354');
Insert into SCHEDULE (S_NO,STIME,ETIME,FLIGHT_NO) values (2438,to_date('22/01/11','RR/MM/DD'),60,'LJ354');
Insert into SCHEDULE (S_NO,STIME,ETIME,FLIGHT_NO) values (2439,to_date('22/01/12','RR/MM/DD'),60,'LJ354');
Insert into SCHEDULE (S_NO,STIME,ETIME,FLIGHT_NO) values (2440,to_date('22/01/13','RR/MM/DD'),60,'LJ354');
Insert into SCHEDULE (S_NO,STIME,ETIME,FLIGHT_NO) values (2441,to_date('22/01/14','RR/MM/DD'),60,'LJ354');
Insert into SCHEDULE (S_NO,STIME,ETIME,FLIGHT_NO) values (2442,to_date('22/01/15','RR/MM/DD'),60,'LJ354');
Insert into SCHEDULE (S_NO,STIME,ETIME,FLIGHT_NO) values (2443,to_date('22/01/16','RR/MM/DD'),60,'LJ354');
Insert into SCHEDULE (S_NO,STIME,ETIME,FLIGHT_NO) values (2444,to_date('22/01/16','RR/MM/DD'),60,'LJ348');
Insert into SCHEDULE (S_NO,STIME,ETIME,FLIGHT_NO) values (2445,to_date('22/01/13','RR/MM/DD'),60,'LJ350');
Insert into SCHEDULE (S_NO,STIME,ETIME,FLIGHT_NO) values (2446,to_date('22/01/14','RR/MM/DD'),60,'LJ350');
Insert into SCHEDULE (S_NO,STIME,ETIME,FLIGHT_NO) values (2447,to_date('22/01/15','RR/MM/DD'),60,'LJ350');
Insert into SCHEDULE (S_NO,STIME,ETIME,FLIGHT_NO) values (2448,to_date('22/01/16','RR/MM/DD'),60,'LJ350');
Insert into SCHEDULE (S_NO,STIME,ETIME,FLIGHT_NO) values (2449,to_date('22/01/15','RR/MM/DD'),60,'LJ362');
Insert into SCHEDULE (S_NO,STIME,ETIME,FLIGHT_NO) values (2450,to_date('22/01/16','RR/MM/DD'),60,'LJ362');
Insert into SCHEDULE (S_NO,STIME,ETIME,FLIGHT_NO) values (2451,to_date('22/01/17','RR/MM/DD'),60,'LJ342');
Insert into SCHEDULE (S_NO,STIME,ETIME,FLIGHT_NO) values (2452,to_date('22/01/17','RR/MM/DD'),60,'LJ358');
Insert into SCHEDULE (S_NO,STIME,ETIME,FLIGHT_NO) values (2453,to_date('22/01/22','RR/MM/DD'),60,'LJ358');
Insert into SCHEDULE (S_NO,STIME,ETIME,FLIGHT_NO) values (2454,to_date('22/01/23','RR/MM/DD'),60,'LJ358');
Insert into SCHEDULE (S_NO,STIME,ETIME,FLIGHT_NO) values (2455,to_date('22/01/18','RR/MM/DD'),60,'LJ344');
Insert into SCHEDULE (S_NO,STIME,ETIME,FLIGHT_NO) values (2456,to_date('22/01/19','RR/MM/DD'),60,'LJ344');
Insert into SCHEDULE (S_NO,STIME,ETIME,FLIGHT_NO) values (2457,to_date('22/01/20','RR/MM/DD'),60,'LJ344');
Insert into SCHEDULE (S_NO,STIME,ETIME,FLIGHT_NO) values (2458,to_date('22/01/21','RR/MM/DD'),60,'LJ344');
Insert into SCHEDULE (S_NO,STIME,ETIME,FLIGHT_NO) values (2459,to_date('22/01/22','RR/MM/DD'),60,'LJ344');
Insert into SCHEDULE (S_NO,STIME,ETIME,FLIGHT_NO) values (2460,to_date('22/01/23','RR/MM/DD'),60,'LJ344');
Insert into SCHEDULE (S_NO,STIME,ETIME,FLIGHT_NO) values (2461,to_date('22/01/17','RR/MM/DD'),60,'LJ360');
Insert into SCHEDULE (S_NO,STIME,ETIME,FLIGHT_NO) values (2462,to_date('22/01/18','RR/MM/DD'),60,'LJ360');
Insert into SCHEDULE (S_NO,STIME,ETIME,FLIGHT_NO) values (2463,to_date('22/01/19','RR/MM/DD'),60,'LJ360');
Insert into SCHEDULE (S_NO,STIME,ETIME,FLIGHT_NO) values (2464,to_date('22/01/20','RR/MM/DD'),60,'LJ360');
Insert into SCHEDULE (S_NO,STIME,ETIME,FLIGHT_NO) values (2465,to_date('22/01/21','RR/MM/DD'),60,'LJ360');
Insert into SCHEDULE (S_NO,STIME,ETIME,FLIGHT_NO) values (2466,to_date('22/01/22','RR/MM/DD'),60,'LJ360');
Insert into SCHEDULE (S_NO,STIME,ETIME,FLIGHT_NO) values (2467,to_date('22/01/23','RR/MM/DD'),60,'LJ360');
Insert into SCHEDULE (S_NO,STIME,ETIME,FLIGHT_NO) values (2468,to_date('22/01/21','RR/MM/DD'),60,'LJ346');
Insert into SCHEDULE (S_NO,STIME,ETIME,FLIGHT_NO) values (2469,to_date('22/01/22','RR/MM/DD'),60,'LJ346');
Insert into SCHEDULE (S_NO,STIME,ETIME,FLIGHT_NO) values (2470,to_date('22/01/23','RR/MM/DD'),60,'LJ346');
Insert into SCHEDULE (S_NO,STIME,ETIME,FLIGHT_NO) values (2471,to_date('22/01/17','RR/MM/DD'),60,'LJ354');
Insert into SCHEDULE (S_NO,STIME,ETIME,FLIGHT_NO) values (2472,to_date('22/01/18','RR/MM/DD'),60,'LJ354');
Insert into SCHEDULE (S_NO,STIME,ETIME,FLIGHT_NO) values (2473,to_date('22/01/19','RR/MM/DD'),60,'LJ354');
Insert into SCHEDULE (S_NO,STIME,ETIME,FLIGHT_NO) values (2474,to_date('22/01/20','RR/MM/DD'),60,'LJ354');
Insert into SCHEDULE (S_NO,STIME,ETIME,FLIGHT_NO) values (2475,to_date('22/01/21','RR/MM/DD'),60,'LJ354');
Insert into SCHEDULE (S_NO,STIME,ETIME,FLIGHT_NO) values (2476,to_date('22/01/22','RR/MM/DD'),60,'LJ354');
Insert into SCHEDULE (S_NO,STIME,ETIME,FLIGHT_NO) values (2477,to_date('22/01/23','RR/MM/DD'),60,'LJ354');
Insert into SCHEDULE (S_NO,STIME,ETIME,FLIGHT_NO) values (2478,to_date('22/01/23','RR/MM/DD'),60,'LJ348');
Insert into SCHEDULE (S_NO,STIME,ETIME,FLIGHT_NO) values (2479,to_date('22/01/20','RR/MM/DD'),60,'LJ350');
Insert into SCHEDULE (S_NO,STIME,ETIME,FLIGHT_NO) values (2480,to_date('22/01/21','RR/MM/DD'),60,'LJ350');
Insert into SCHEDULE (S_NO,STIME,ETIME,FLIGHT_NO) values (2481,to_date('22/01/22','RR/MM/DD'),60,'LJ350');
Insert into SCHEDULE (S_NO,STIME,ETIME,FLIGHT_NO) values (2482,to_date('22/01/23','RR/MM/DD'),60,'LJ350');
Insert into SCHEDULE (S_NO,STIME,ETIME,FLIGHT_NO) values (2483,to_date('22/01/22','RR/MM/DD'),60,'LJ362');
Insert into SCHEDULE (S_NO,STIME,ETIME,FLIGHT_NO) values (2484,to_date('22/01/23','RR/MM/DD'),60,'LJ362');
Insert into SCHEDULE (S_NO,STIME,ETIME,FLIGHT_NO) values (2485,to_date('22/01/24','RR/MM/DD'),60,'LJ342');
Insert into SCHEDULE (S_NO,STIME,ETIME,FLIGHT_NO) values (2486,to_date('22/01/25','RR/MM/DD'),60,'LJ342');
Insert into SCHEDULE (S_NO,STIME,ETIME,FLIGHT_NO) values (2487,to_date('22/01/26','RR/MM/DD'),60,'LJ342');
Insert into SCHEDULE (S_NO,STIME,ETIME,FLIGHT_NO) values (2488,to_date('22/01/27','RR/MM/DD'),60,'LJ342');
Insert into SCHEDULE (S_NO,STIME,ETIME,FLIGHT_NO) values (2489,to_date('22/01/28','RR/MM/DD'),60,'LJ342');
Insert into SCHEDULE (S_NO,STIME,ETIME,FLIGHT_NO) values (2490,to_date('22/01/29','RR/MM/DD'),60,'LJ342');
Insert into SCHEDULE (S_NO,STIME,ETIME,FLIGHT_NO) values (2491,to_date('22/01/30','RR/MM/DD'),60,'LJ342');
Insert into SCHEDULE (S_NO,STIME,ETIME,FLIGHT_NO) values (2492,to_date('22/01/24','RR/MM/DD'),60,'LJ358');
Insert into SCHEDULE (S_NO,STIME,ETIME,FLIGHT_NO) values (2493,to_date('22/01/25','RR/MM/DD'),60,'LJ358');
Insert into SCHEDULE (S_NO,STIME,ETIME,FLIGHT_NO) values (2494,to_date('22/01/26','RR/MM/DD'),60,'LJ358');
Insert into SCHEDULE (S_NO,STIME,ETIME,FLIGHT_NO) values (2495,to_date('22/01/27','RR/MM/DD'),60,'LJ358');
Insert into SCHEDULE (S_NO,STIME,ETIME,FLIGHT_NO) values (2496,to_date('22/01/28','RR/MM/DD'),60,'LJ358');
Insert into SCHEDULE (S_NO,STIME,ETIME,FLIGHT_NO) values (2497,to_date('22/01/29','RR/MM/DD'),60,'LJ358');
Insert into SCHEDULE (S_NO,STIME,ETIME,FLIGHT_NO) values (2498,to_date('22/01/30','RR/MM/DD'),60,'LJ358');
Insert into SCHEDULE (S_NO,STIME,ETIME,FLIGHT_NO) values (2499,to_date('22/01/28','RR/MM/DD'),60,'LJ344');
Insert into SCHEDULE (S_NO,STIME,ETIME,FLIGHT_NO) values (2500,to_date('22/01/29','RR/MM/DD'),60,'LJ344');
Insert into SCHEDULE (S_NO,STIME,ETIME,FLIGHT_NO) values (2501,to_date('22/01/30','RR/MM/DD'),60,'LJ344');
Insert into SCHEDULE (S_NO,STIME,ETIME,FLIGHT_NO) values (2502,to_date('22/01/24','RR/MM/DD'),60,'LJ360');
Insert into SCHEDULE (S_NO,STIME,ETIME,FLIGHT_NO) values (2503,to_date('22/01/25','RR/MM/DD'),60,'LJ360');
Insert into SCHEDULE (S_NO,STIME,ETIME,FLIGHT_NO) values (2504,to_date('22/01/26','RR/MM/DD'),60,'LJ360');
Insert into SCHEDULE (S_NO,STIME,ETIME,FLIGHT_NO) values (2505,to_date('22/01/27','RR/MM/DD'),60,'LJ360');
Insert into SCHEDULE (S_NO,STIME,ETIME,FLIGHT_NO) values (2506,to_date('22/01/28','RR/MM/DD'),60,'LJ360');
Insert into SCHEDULE (S_NO,STIME,ETIME,FLIGHT_NO) values (2507,to_date('22/01/29','RR/MM/DD'),60,'LJ360');
Insert into SCHEDULE (S_NO,STIME,ETIME,FLIGHT_NO) values (2508,to_date('22/01/30','RR/MM/DD'),60,'LJ360');
Insert into SCHEDULE (S_NO,STIME,ETIME,FLIGHT_NO) values (2509,to_date('22/01/28','RR/MM/DD'),60,'LJ346');
Insert into SCHEDULE (S_NO,STIME,ETIME,FLIGHT_NO) values (2510,to_date('22/01/29','RR/MM/DD'),60,'LJ346');
Insert into SCHEDULE (S_NO,STIME,ETIME,FLIGHT_NO) values (2511,to_date('22/01/30','RR/MM/DD'),60,'LJ346');
Insert into SCHEDULE (S_NO,STIME,ETIME,FLIGHT_NO) values (2512,to_date('22/01/24','RR/MM/DD'),60,'LJ354');
Insert into SCHEDULE (S_NO,STIME,ETIME,FLIGHT_NO) values (2513,to_date('22/01/25','RR/MM/DD'),60,'LJ354');
Insert into SCHEDULE (S_NO,STIME,ETIME,FLIGHT_NO) values (2514,to_date('22/01/26','RR/MM/DD'),60,'LJ354');
Insert into SCHEDULE (S_NO,STIME,ETIME,FLIGHT_NO) values (2515,to_date('22/01/27','RR/MM/DD'),60,'LJ354');
Insert into SCHEDULE (S_NO,STIME,ETIME,FLIGHT_NO) values (2516,to_date('22/01/28','RR/MM/DD'),60,'LJ354');
Insert into SCHEDULE (S_NO,STIME,ETIME,FLIGHT_NO) values (2517,to_date('22/01/29','RR/MM/DD'),60,'LJ354');
Insert into SCHEDULE (S_NO,STIME,ETIME,FLIGHT_NO) values (2518,to_date('22/01/30','RR/MM/DD'),60,'LJ354');
Insert into SCHEDULE (S_NO,STIME,ETIME,FLIGHT_NO) values (2519,to_date('22/01/29','RR/MM/DD'),60,'LJ348');
Insert into SCHEDULE (S_NO,STIME,ETIME,FLIGHT_NO) values (2520,to_date('22/01/30','RR/MM/DD'),60,'LJ348');
Insert into SCHEDULE (S_NO,STIME,ETIME,FLIGHT_NO) values (2521,to_date('22/01/24','RR/MM/DD'),60,'LJ350');
Insert into SCHEDULE (S_NO,STIME,ETIME,FLIGHT_NO) values (2522,to_date('22/01/25','RR/MM/DD'),60,'LJ350');
Insert into SCHEDULE (S_NO,STIME,ETIME,FLIGHT_NO) values (2523,to_date('22/01/26','RR/MM/DD'),60,'LJ350');
Insert into SCHEDULE (S_NO,STIME,ETIME,FLIGHT_NO) values (2524,to_date('22/01/27','RR/MM/DD'),60,'LJ350');
Insert into SCHEDULE (S_NO,STIME,ETIME,FLIGHT_NO) values (2525,to_date('22/01/28','RR/MM/DD'),60,'LJ350');
Insert into SCHEDULE (S_NO,STIME,ETIME,FLIGHT_NO) values (2526,to_date('22/01/29','RR/MM/DD'),60,'LJ350');
Insert into SCHEDULE (S_NO,STIME,ETIME,FLIGHT_NO) values (2527,to_date('22/01/30','RR/MM/DD'),60,'LJ350');
Insert into SCHEDULE (S_NO,STIME,ETIME,FLIGHT_NO) values (2528,to_date('22/01/29','RR/MM/DD'),60,'LJ362');
Insert into SCHEDULE (S_NO,STIME,ETIME,FLIGHT_NO) values (2529,to_date('22/01/30','RR/MM/DD'),60,'LJ362');
Insert into SCHEDULE (S_NO,STIME,ETIME,FLIGHT_NO) values (2530,to_date('22/01/01','RR/MM/DD'),55,'LJ371');
Insert into SCHEDULE (S_NO,STIME,ETIME,FLIGHT_NO) values (2531,to_date('22/01/02','RR/MM/DD'),55,'LJ371');
Insert into SCHEDULE (S_NO,STIME,ETIME,FLIGHT_NO) values (2532,to_date('22/01/01','RR/MM/DD'),55,'LJ373');
Insert into SCHEDULE (S_NO,STIME,ETIME,FLIGHT_NO) values (2533,to_date('22/01/02','RR/MM/DD'),55,'LJ373');
Insert into SCHEDULE (S_NO,STIME,ETIME,FLIGHT_NO) values (2534,to_date('22/01/01','RR/MM/DD'),60,'LJ375');
Insert into SCHEDULE (S_NO,STIME,ETIME,FLIGHT_NO) values (2535,to_date('22/01/02','RR/MM/DD'),60,'LJ375');
Insert into SCHEDULE (S_NO,STIME,ETIME,FLIGHT_NO) values (2536,to_date('22/01/03','RR/MM/DD'),55,'LJ371');
Insert into SCHEDULE (S_NO,STIME,ETIME,FLIGHT_NO) values (2537,to_date('22/01/07','RR/MM/DD'),55,'LJ371');
Insert into SCHEDULE (S_NO,STIME,ETIME,FLIGHT_NO) values (2538,to_date('22/01/08','RR/MM/DD'),55,'LJ371');
Insert into SCHEDULE (S_NO,STIME,ETIME,FLIGHT_NO) values (2539,to_date('22/01/09','RR/MM/DD'),55,'LJ371');
Insert into SCHEDULE (S_NO,STIME,ETIME,FLIGHT_NO) values (2540,to_date('22/01/03','RR/MM/DD'),55,'LJ373');
Insert into SCHEDULE (S_NO,STIME,ETIME,FLIGHT_NO) values (2541,to_date('22/01/04','RR/MM/DD'),55,'LJ373');
Insert into SCHEDULE (S_NO,STIME,ETIME,FLIGHT_NO) values (2542,to_date('22/01/05','RR/MM/DD'),55,'LJ373');
Insert into SCHEDULE (S_NO,STIME,ETIME,FLIGHT_NO) values (2543,to_date('22/01/06','RR/MM/DD'),55,'LJ373');
Insert into SCHEDULE (S_NO,STIME,ETIME,FLIGHT_NO) values (2544,to_date('22/01/07','RR/MM/DD'),55,'LJ373');
Insert into SCHEDULE (S_NO,STIME,ETIME,FLIGHT_NO) values (2545,to_date('22/01/08','RR/MM/DD'),55,'LJ373');
Insert into SCHEDULE (S_NO,STIME,ETIME,FLIGHT_NO) values (2546,to_date('22/01/09','RR/MM/DD'),55,'LJ373');
Insert into SCHEDULE (S_NO,STIME,ETIME,FLIGHT_NO) values (2547,to_date('22/01/04','RR/MM/DD'),60,'LJ375');
Insert into SCHEDULE (S_NO,STIME,ETIME,FLIGHT_NO) values (2548,to_date('22/01/05','RR/MM/DD'),60,'LJ375');
Insert into SCHEDULE (S_NO,STIME,ETIME,FLIGHT_NO) values (2549,to_date('22/01/06','RR/MM/DD'),60,'LJ375');
Insert into SCHEDULE (S_NO,STIME,ETIME,FLIGHT_NO) values (2550,to_date('22/01/07','RR/MM/DD'),60,'LJ375');
Insert into SCHEDULE (S_NO,STIME,ETIME,FLIGHT_NO) values (2551,to_date('22/01/08','RR/MM/DD'),60,'LJ375');
Insert into SCHEDULE (S_NO,STIME,ETIME,FLIGHT_NO) values (2552,to_date('22/01/09','RR/MM/DD'),60,'LJ375');
Insert into SCHEDULE (S_NO,STIME,ETIME,FLIGHT_NO) values (2553,to_date('22/01/10','RR/MM/DD'),55,'LJ371');
Insert into SCHEDULE (S_NO,STIME,ETIME,FLIGHT_NO) values (2554,to_date('22/01/14','RR/MM/DD'),55,'LJ371');
Insert into SCHEDULE (S_NO,STIME,ETIME,FLIGHT_NO) values (2555,to_date('22/01/15','RR/MM/DD'),55,'LJ371');
Insert into SCHEDULE (S_NO,STIME,ETIME,FLIGHT_NO) values (2556,to_date('22/01/16','RR/MM/DD'),55,'LJ371');
Insert into SCHEDULE (S_NO,STIME,ETIME,FLIGHT_NO) values (2557,to_date('22/01/10','RR/MM/DD'),55,'LJ373');
Insert into SCHEDULE (S_NO,STIME,ETIME,FLIGHT_NO) values (2558,to_date('22/01/11','RR/MM/DD'),55,'LJ373');
Insert into SCHEDULE (S_NO,STIME,ETIME,FLIGHT_NO) values (2559,to_date('22/01/12','RR/MM/DD'),55,'LJ373');
Insert into SCHEDULE (S_NO,STIME,ETIME,FLIGHT_NO) values (2560,to_date('22/01/13','RR/MM/DD'),55,'LJ373');
Insert into SCHEDULE (S_NO,STIME,ETIME,FLIGHT_NO) values (2561,to_date('22/01/14','RR/MM/DD'),55,'LJ373');
Insert into SCHEDULE (S_NO,STIME,ETIME,FLIGHT_NO) values (2562,to_date('22/01/15','RR/MM/DD'),55,'LJ373');
Insert into SCHEDULE (S_NO,STIME,ETIME,FLIGHT_NO) values (2563,to_date('22/01/16','RR/MM/DD'),55,'LJ373');
Insert into SCHEDULE (S_NO,STIME,ETIME,FLIGHT_NO) values (2564,to_date('22/01/11','RR/MM/DD'),60,'LJ375');
Insert into SCHEDULE (S_NO,STIME,ETIME,FLIGHT_NO) values (2565,to_date('22/01/12','RR/MM/DD'),60,'LJ375');
Insert into SCHEDULE (S_NO,STIME,ETIME,FLIGHT_NO) values (2566,to_date('22/01/13','RR/MM/DD'),60,'LJ375');
Insert into SCHEDULE (S_NO,STIME,ETIME,FLIGHT_NO) values (2567,to_date('22/01/14','RR/MM/DD'),60,'LJ375');
Insert into SCHEDULE (S_NO,STIME,ETIME,FLIGHT_NO) values (2568,to_date('22/01/15','RR/MM/DD'),60,'LJ375');
Insert into SCHEDULE (S_NO,STIME,ETIME,FLIGHT_NO) values (2569,to_date('22/01/16','RR/MM/DD'),60,'LJ375');
Insert into SCHEDULE (S_NO,STIME,ETIME,FLIGHT_NO) values (2570,to_date('22/01/17','RR/MM/DD'),55,'LJ371');
Insert into SCHEDULE (S_NO,STIME,ETIME,FLIGHT_NO) values (2571,to_date('22/01/21','RR/MM/DD'),55,'LJ371');
Insert into SCHEDULE (S_NO,STIME,ETIME,FLIGHT_NO) values (2572,to_date('22/01/22','RR/MM/DD'),55,'LJ371');
Insert into SCHEDULE (S_NO,STIME,ETIME,FLIGHT_NO) values (2573,to_date('22/01/23','RR/MM/DD'),55,'LJ371');
Insert into SCHEDULE (S_NO,STIME,ETIME,FLIGHT_NO) values (2574,to_date('22/01/17','RR/MM/DD'),55,'LJ373');
Insert into SCHEDULE (S_NO,STIME,ETIME,FLIGHT_NO) values (2575,to_date('22/01/18','RR/MM/DD'),55,'LJ373');
Insert into SCHEDULE (S_NO,STIME,ETIME,FLIGHT_NO) values (2576,to_date('22/01/19','RR/MM/DD'),55,'LJ373');
Insert into SCHEDULE (S_NO,STIME,ETIME,FLIGHT_NO) values (2577,to_date('22/01/20','RR/MM/DD'),55,'LJ373');
Insert into SCHEDULE (S_NO,STIME,ETIME,FLIGHT_NO) values (2578,to_date('22/01/21','RR/MM/DD'),55,'LJ373');
Insert into SCHEDULE (S_NO,STIME,ETIME,FLIGHT_NO) values (2579,to_date('22/01/22','RR/MM/DD'),55,'LJ373');
Insert into SCHEDULE (S_NO,STIME,ETIME,FLIGHT_NO) values (2580,to_date('22/01/23','RR/MM/DD'),55,'LJ373');
Insert into SCHEDULE (S_NO,STIME,ETIME,FLIGHT_NO) values (2581,to_date('22/01/18','RR/MM/DD'),60,'LJ375');
Insert into SCHEDULE (S_NO,STIME,ETIME,FLIGHT_NO) values (2582,to_date('22/01/19','RR/MM/DD'),60,'LJ375');
Insert into SCHEDULE (S_NO,STIME,ETIME,FLIGHT_NO) values (2583,to_date('22/01/20','RR/MM/DD'),60,'LJ375');
Insert into SCHEDULE (S_NO,STIME,ETIME,FLIGHT_NO) values (2584,to_date('22/01/21','RR/MM/DD'),60,'LJ375');
Insert into SCHEDULE (S_NO,STIME,ETIME,FLIGHT_NO) values (2585,to_date('22/01/22','RR/MM/DD'),60,'LJ375');
Insert into SCHEDULE (S_NO,STIME,ETIME,FLIGHT_NO) values (2586,to_date('22/01/23','RR/MM/DD'),60,'LJ375');
Insert into SCHEDULE (S_NO,STIME,ETIME,FLIGHT_NO) values (2587,to_date('22/01/24','RR/MM/DD'),55,'LJ371');
Insert into SCHEDULE (S_NO,STIME,ETIME,FLIGHT_NO) values (2588,to_date('22/01/25','RR/MM/DD'),55,'LJ371');
Insert into SCHEDULE (S_NO,STIME,ETIME,FLIGHT_NO) values (2589,to_date('22/01/26','RR/MM/DD'),55,'LJ371');
Insert into SCHEDULE (S_NO,STIME,ETIME,FLIGHT_NO) values (2590,to_date('22/01/27','RR/MM/DD'),55,'LJ371');
Insert into SCHEDULE (S_NO,STIME,ETIME,FLIGHT_NO) values (2591,to_date('22/01/28','RR/MM/DD'),55,'LJ371');
Insert into SCHEDULE (S_NO,STIME,ETIME,FLIGHT_NO) values (2592,to_date('22/01/29','RR/MM/DD'),55,'LJ371');
Insert into SCHEDULE (S_NO,STIME,ETIME,FLIGHT_NO) values (2593,to_date('22/01/30','RR/MM/DD'),55,'LJ371');
Insert into SCHEDULE (S_NO,STIME,ETIME,FLIGHT_NO) values (2594,to_date('22/01/24','RR/MM/DD'),55,'LJ373');
Insert into SCHEDULE (S_NO,STIME,ETIME,FLIGHT_NO) values (2595,to_date('22/01/25','RR/MM/DD'),55,'LJ373');
Insert into SCHEDULE (S_NO,STIME,ETIME,FLIGHT_NO) values (2596,to_date('22/01/26','RR/MM/DD'),55,'LJ373');
Insert into SCHEDULE (S_NO,STIME,ETIME,FLIGHT_NO) values (2597,to_date('22/01/27','RR/MM/DD'),55,'LJ373');
Insert into SCHEDULE (S_NO,STIME,ETIME,FLIGHT_NO) values (2598,to_date('22/01/28','RR/MM/DD'),55,'LJ373');
Insert into SCHEDULE (S_NO,STIME,ETIME,FLIGHT_NO) values (2599,to_date('22/01/29','RR/MM/DD'),55,'LJ373');
Insert into SCHEDULE (S_NO,STIME,ETIME,FLIGHT_NO) values (2600,to_date('22/01/30','RR/MM/DD'),55,'LJ373');
Insert into SCHEDULE (S_NO,STIME,ETIME,FLIGHT_NO) values (2601,to_date('22/01/24','RR/MM/DD'),60,'LJ375');
Insert into SCHEDULE (S_NO,STIME,ETIME,FLIGHT_NO) values (2602,to_date('22/01/25','RR/MM/DD'),60,'LJ375');
Insert into SCHEDULE (S_NO,STIME,ETIME,FLIGHT_NO) values (2603,to_date('22/01/26','RR/MM/DD'),60,'LJ375');
Insert into SCHEDULE (S_NO,STIME,ETIME,FLIGHT_NO) values (2604,to_date('22/01/27','RR/MM/DD'),60,'LJ375');
Insert into SCHEDULE (S_NO,STIME,ETIME,FLIGHT_NO) values (2605,to_date('22/01/28','RR/MM/DD'),60,'LJ375');
Insert into SCHEDULE (S_NO,STIME,ETIME,FLIGHT_NO) values (2606,to_date('22/01/29','RR/MM/DD'),60,'LJ375');
Insert into SCHEDULE (S_NO,STIME,ETIME,FLIGHT_NO) values (2607,to_date('22/01/30','RR/MM/DD'),60,'LJ375');
Insert into SCHEDULE (S_NO,STIME,ETIME,FLIGHT_NO) values (2608,to_date('22/01/01','RR/MM/DD'),60,'LJ372');
Insert into SCHEDULE (S_NO,STIME,ETIME,FLIGHT_NO) values (2609,to_date('22/01/02','RR/MM/DD'),60,'LJ372');
Insert into SCHEDULE (S_NO,STIME,ETIME,FLIGHT_NO) values (2610,to_date('22/01/01','RR/MM/DD'),55,'LJ374');
Insert into SCHEDULE (S_NO,STIME,ETIME,FLIGHT_NO) values (2611,to_date('22/01/02','RR/MM/DD'),55,'LJ374');
Insert into SCHEDULE (S_NO,STIME,ETIME,FLIGHT_NO) values (2612,to_date('22/01/01','RR/MM/DD'),55,'LJ376');
Insert into SCHEDULE (S_NO,STIME,ETIME,FLIGHT_NO) values (2613,to_date('22/01/02','RR/MM/DD'),55,'LJ376');
Insert into SCHEDULE (S_NO,STIME,ETIME,FLIGHT_NO) values (2614,to_date('22/01/03','RR/MM/DD'),55,'LJ372');
Insert into SCHEDULE (S_NO,STIME,ETIME,FLIGHT_NO) values (2615,to_date('22/01/07','RR/MM/DD'),55,'LJ372');
Insert into SCHEDULE (S_NO,STIME,ETIME,FLIGHT_NO) values (2616,to_date('22/01/08','RR/MM/DD'),55,'LJ372');
Insert into SCHEDULE (S_NO,STIME,ETIME,FLIGHT_NO) values (2617,to_date('22/01/09','RR/MM/DD'),55,'LJ372');
Insert into SCHEDULE (S_NO,STIME,ETIME,FLIGHT_NO) values (2618,to_date('22/01/03','RR/MM/DD'),55,'LJ374');
Insert into SCHEDULE (S_NO,STIME,ETIME,FLIGHT_NO) values (2619,to_date('22/01/04','RR/MM/DD'),55,'LJ374');
Insert into SCHEDULE (S_NO,STIME,ETIME,FLIGHT_NO) values (2620,to_date('22/01/05','RR/MM/DD'),55,'LJ374');
Insert into SCHEDULE (S_NO,STIME,ETIME,FLIGHT_NO) values (2621,to_date('22/01/06','RR/MM/DD'),55,'LJ374');
Insert into SCHEDULE (S_NO,STIME,ETIME,FLIGHT_NO) values (2622,to_date('22/01/07','RR/MM/DD'),55,'LJ374');
Insert into SCHEDULE (S_NO,STIME,ETIME,FLIGHT_NO) values (2623,to_date('22/01/08','RR/MM/DD'),55,'LJ374');
Insert into SCHEDULE (S_NO,STIME,ETIME,FLIGHT_NO) values (2624,to_date('22/01/09','RR/MM/DD'),55,'LJ374');
Insert into SCHEDULE (S_NO,STIME,ETIME,FLIGHT_NO) values (2625,to_date('22/01/04','RR/MM/DD'),55,'LJ376');
Insert into SCHEDULE (S_NO,STIME,ETIME,FLIGHT_NO) values (2626,to_date('22/01/05','RR/MM/DD'),55,'LJ376');
Insert into SCHEDULE (S_NO,STIME,ETIME,FLIGHT_NO) values (2627,to_date('22/01/06','RR/MM/DD'),55,'LJ376');
Insert into SCHEDULE (S_NO,STIME,ETIME,FLIGHT_NO) values (2628,to_date('22/01/07','RR/MM/DD'),55,'LJ376');
Insert into SCHEDULE (S_NO,STIME,ETIME,FLIGHT_NO) values (2629,to_date('22/01/08','RR/MM/DD'),55,'LJ376');
Insert into SCHEDULE (S_NO,STIME,ETIME,FLIGHT_NO) values (2630,to_date('22/01/09','RR/MM/DD'),55,'LJ376');
Insert into SCHEDULE (S_NO,STIME,ETIME,FLIGHT_NO) values (2631,to_date('22/01/10','RR/MM/DD'),55,'LJ372');
Insert into SCHEDULE (S_NO,STIME,ETIME,FLIGHT_NO) values (2632,to_date('22/01/14','RR/MM/DD'),55,'LJ372');
Insert into SCHEDULE (S_NO,STIME,ETIME,FLIGHT_NO) values (2633,to_date('22/01/15','RR/MM/DD'),55,'LJ372');
Insert into SCHEDULE (S_NO,STIME,ETIME,FLIGHT_NO) values (2634,to_date('22/01/16','RR/MM/DD'),55,'LJ372');
Insert into SCHEDULE (S_NO,STIME,ETIME,FLIGHT_NO) values (2635,to_date('22/01/10','RR/MM/DD'),55,'LJ374');
Insert into SCHEDULE (S_NO,STIME,ETIME,FLIGHT_NO) values (2636,to_date('22/01/11','RR/MM/DD'),55,'LJ374');
Insert into SCHEDULE (S_NO,STIME,ETIME,FLIGHT_NO) values (2637,to_date('22/01/12','RR/MM/DD'),55,'LJ374');
Insert into SCHEDULE (S_NO,STIME,ETIME,FLIGHT_NO) values (2638,to_date('22/01/13','RR/MM/DD'),55,'LJ374');
Insert into SCHEDULE (S_NO,STIME,ETIME,FLIGHT_NO) values (2639,to_date('22/01/14','RR/MM/DD'),55,'LJ374');
Insert into SCHEDULE (S_NO,STIME,ETIME,FLIGHT_NO) values (2640,to_date('22/01/15','RR/MM/DD'),55,'LJ374');
Insert into SCHEDULE (S_NO,STIME,ETIME,FLIGHT_NO) values (2641,to_date('22/01/16','RR/MM/DD'),55,'LJ374');
Insert into SCHEDULE (S_NO,STIME,ETIME,FLIGHT_NO) values (2642,to_date('22/01/11','RR/MM/DD'),55,'LJ376');
Insert into SCHEDULE (S_NO,STIME,ETIME,FLIGHT_NO) values (2643,to_date('22/01/12','RR/MM/DD'),55,'LJ376');
Insert into SCHEDULE (S_NO,STIME,ETIME,FLIGHT_NO) values (2644,to_date('22/01/13','RR/MM/DD'),55,'LJ376');
Insert into SCHEDULE (S_NO,STIME,ETIME,FLIGHT_NO) values (2645,to_date('22/01/14','RR/MM/DD'),55,'LJ376');
Insert into SCHEDULE (S_NO,STIME,ETIME,FLIGHT_NO) values (2646,to_date('22/01/15','RR/MM/DD'),55,'LJ376');
Insert into SCHEDULE (S_NO,STIME,ETIME,FLIGHT_NO) values (2647,to_date('22/01/16','RR/MM/DD'),55,'LJ376');
Insert into SCHEDULE (S_NO,STIME,ETIME,FLIGHT_NO) values (2648,to_date('22/01/17','RR/MM/DD'),55,'LJ372');
Insert into SCHEDULE (S_NO,STIME,ETIME,FLIGHT_NO) values (2649,to_date('22/01/21','RR/MM/DD'),55,'LJ372');
Insert into SCHEDULE (S_NO,STIME,ETIME,FLIGHT_NO) values (2650,to_date('22/01/22','RR/MM/DD'),55,'LJ372');
Insert into SCHEDULE (S_NO,STIME,ETIME,FLIGHT_NO) values (2651,to_date('22/01/23','RR/MM/DD'),55,'LJ372');
Insert into SCHEDULE (S_NO,STIME,ETIME,FLIGHT_NO) values (2652,to_date('22/01/17','RR/MM/DD'),55,'LJ374');
Insert into SCHEDULE (S_NO,STIME,ETIME,FLIGHT_NO) values (2653,to_date('22/01/18','RR/MM/DD'),55,'LJ374');
Insert into SCHEDULE (S_NO,STIME,ETIME,FLIGHT_NO) values (2654,to_date('22/01/19','RR/MM/DD'),55,'LJ374');
Insert into SCHEDULE (S_NO,STIME,ETIME,FLIGHT_NO) values (2655,to_date('22/01/20','RR/MM/DD'),55,'LJ374');
Insert into SCHEDULE (S_NO,STIME,ETIME,FLIGHT_NO) values (2656,to_date('22/01/21','RR/MM/DD'),55,'LJ374');
Insert into SCHEDULE (S_NO,STIME,ETIME,FLIGHT_NO) values (2657,to_date('22/01/22','RR/MM/DD'),55,'LJ374');
Insert into SCHEDULE (S_NO,STIME,ETIME,FLIGHT_NO) values (2658,to_date('22/01/23','RR/MM/DD'),55,'LJ374');
Insert into SCHEDULE (S_NO,STIME,ETIME,FLIGHT_NO) values (2659,to_date('22/01/18','RR/MM/DD'),55,'LJ376');
Insert into SCHEDULE (S_NO,STIME,ETIME,FLIGHT_NO) values (2660,to_date('22/01/19','RR/MM/DD'),55,'LJ376');
Insert into SCHEDULE (S_NO,STIME,ETIME,FLIGHT_NO) values (2661,to_date('22/01/20','RR/MM/DD'),55,'LJ376');
Insert into SCHEDULE (S_NO,STIME,ETIME,FLIGHT_NO) values (2662,to_date('22/01/21','RR/MM/DD'),55,'LJ376');
Insert into SCHEDULE (S_NO,STIME,ETIME,FLIGHT_NO) values (2663,to_date('22/01/22','RR/MM/DD'),55,'LJ376');
Insert into SCHEDULE (S_NO,STIME,ETIME,FLIGHT_NO) values (2664,to_date('22/01/23','RR/MM/DD'),55,'LJ376');
Insert into SCHEDULE (S_NO,STIME,ETIME,FLIGHT_NO) values (2665,to_date('22/01/24','RR/MM/DD'),55,'LJ372');
Insert into SCHEDULE (S_NO,STIME,ETIME,FLIGHT_NO) values (2666,to_date('22/01/25','RR/MM/DD'),55,'LJ372');
Insert into SCHEDULE (S_NO,STIME,ETIME,FLIGHT_NO) values (2667,to_date('22/01/26','RR/MM/DD'),55,'LJ372');
Insert into SCHEDULE (S_NO,STIME,ETIME,FLIGHT_NO) values (2668,to_date('22/01/27','RR/MM/DD'),55,'LJ372');
Insert into SCHEDULE (S_NO,STIME,ETIME,FLIGHT_NO) values (2669,to_date('22/01/28','RR/MM/DD'),55,'LJ372');
Insert into SCHEDULE (S_NO,STIME,ETIME,FLIGHT_NO) values (2670,to_date('22/01/29','RR/MM/DD'),55,'LJ372');
Insert into SCHEDULE (S_NO,STIME,ETIME,FLIGHT_NO) values (2671,to_date('22/01/30','RR/MM/DD'),55,'LJ372');
Insert into SCHEDULE (S_NO,STIME,ETIME,FLIGHT_NO) values (2672,to_date('22/01/24','RR/MM/DD'),55,'LJ374');
Insert into SCHEDULE (S_NO,STIME,ETIME,FLIGHT_NO) values (2673,to_date('22/01/25','RR/MM/DD'),55,'LJ374');
Insert into SCHEDULE (S_NO,STIME,ETIME,FLIGHT_NO) values (2674,to_date('22/01/26','RR/MM/DD'),55,'LJ374');
Insert into SCHEDULE (S_NO,STIME,ETIME,FLIGHT_NO) values (2675,to_date('22/01/27','RR/MM/DD'),55,'LJ374');
Insert into SCHEDULE (S_NO,STIME,ETIME,FLIGHT_NO) values (2676,to_date('22/01/28','RR/MM/DD'),55,'LJ374');
Insert into SCHEDULE (S_NO,STIME,ETIME,FLIGHT_NO) values (2677,to_date('22/01/29','RR/MM/DD'),55,'LJ374');
Insert into SCHEDULE (S_NO,STIME,ETIME,FLIGHT_NO) values (2678,to_date('22/01/30','RR/MM/DD'),55,'LJ374');
Insert into SCHEDULE (S_NO,STIME,ETIME,FLIGHT_NO) values (2679,to_date('22/01/24','RR/MM/DD'),55,'LJ376');
Insert into SCHEDULE (S_NO,STIME,ETIME,FLIGHT_NO) values (2680,to_date('22/01/25','RR/MM/DD'),55,'LJ376');
Insert into SCHEDULE (S_NO,STIME,ETIME,FLIGHT_NO) values (2681,to_date('22/01/26','RR/MM/DD'),55,'LJ376');
Insert into SCHEDULE (S_NO,STIME,ETIME,FLIGHT_NO) values (2682,to_date('22/01/27','RR/MM/DD'),55,'LJ376');
Insert into SCHEDULE (S_NO,STIME,ETIME,FLIGHT_NO) values (2683,to_date('22/01/28','RR/MM/DD'),55,'LJ376');
Insert into SCHEDULE (S_NO,STIME,ETIME,FLIGHT_NO) values (2684,to_date('22/01/29','RR/MM/DD'),55,'LJ376');
Insert into SCHEDULE (S_NO,STIME,ETIME,FLIGHT_NO) values (2685,to_date('22/01/30','RR/MM/DD'),55,'LJ376');
Insert into SCHEDULE (S_NO,STIME,ETIME,FLIGHT_NO) values (2686,to_date('22/01/01','RR/MM/DD'),60,'LJ377');
Insert into SCHEDULE (S_NO,STIME,ETIME,FLIGHT_NO) values (2687,to_date('22/01/01','RR/MM/DD'),60,'LJ377');
Insert into SCHEDULE (S_NO,STIME,ETIME,FLIGHT_NO) values (2688,to_date('22/01/01','RR/MM/DD'),60,'LJ379');
Insert into SCHEDULE (S_NO,STIME,ETIME,FLIGHT_NO) values (2689,to_date('22/01/02','RR/MM/DD'),60,'LJ379');
Insert into SCHEDULE (S_NO,STIME,ETIME,FLIGHT_NO) values (2690,to_date('22/01/01','RR/MM/DD'),60,'LJ381');
Insert into SCHEDULE (S_NO,STIME,ETIME,FLIGHT_NO) values (2691,to_date('22/01/02','RR/MM/DD'),60,'LJ381');
Insert into SCHEDULE (S_NO,STIME,ETIME,FLIGHT_NO) values (2692,to_date('22/01/01','RR/MM/DD'),60,'LJ383');
Insert into SCHEDULE (S_NO,STIME,ETIME,FLIGHT_NO) values (2693,to_date('22/01/02','RR/MM/DD'),60,'LJ383');
Insert into SCHEDULE (S_NO,STIME,ETIME,FLIGHT_NO) values (2694,to_date('22/01/01','RR/MM/DD'),60,'LJ385');
Insert into SCHEDULE (S_NO,STIME,ETIME,FLIGHT_NO) values (2695,to_date('22/01/02','RR/MM/DD'),60,'LJ385');
Insert into SCHEDULE (S_NO,STIME,ETIME,FLIGHT_NO) values (2696,to_date('22/01/03','RR/MM/DD'),60,'LJ377');
Insert into SCHEDULE (S_NO,STIME,ETIME,FLIGHT_NO) values (2697,to_date('22/01/04','RR/MM/DD'),60,'LJ377');
Insert into SCHEDULE (S_NO,STIME,ETIME,FLIGHT_NO) values (2698,to_date('22/01/05','RR/MM/DD'),60,'LJ377');
Insert into SCHEDULE (S_NO,STIME,ETIME,FLIGHT_NO) values (2699,to_date('22/01/06','RR/MM/DD'),60,'LJ377');
Insert into SCHEDULE (S_NO,STIME,ETIME,FLIGHT_NO) values (2700,to_date('22/01/07','RR/MM/DD'),60,'LJ377');
Insert into SCHEDULE (S_NO,STIME,ETIME,FLIGHT_NO) values (2701,to_date('22/01/08','RR/MM/DD'),60,'LJ377');
Insert into SCHEDULE (S_NO,STIME,ETIME,FLIGHT_NO) values (2702,to_date('22/01/09','RR/MM/DD'),60,'LJ377');
Insert into SCHEDULE (S_NO,STIME,ETIME,FLIGHT_NO) values (2703,to_date('22/01/07','RR/MM/DD'),60,'LJ379');
Insert into SCHEDULE (S_NO,STIME,ETIME,FLIGHT_NO) values (2704,to_date('22/01/08','RR/MM/DD'),60,'LJ379');
Insert into SCHEDULE (S_NO,STIME,ETIME,FLIGHT_NO) values (2705,to_date('22/01/09','RR/MM/DD'),60,'LJ379');
Insert into SCHEDULE (S_NO,STIME,ETIME,FLIGHT_NO) values (2706,to_date('22/01/03','RR/MM/DD'),60,'LJ381');
Insert into SCHEDULE (S_NO,STIME,ETIME,FLIGHT_NO) values (2707,to_date('22/01/04','RR/MM/DD'),60,'LJ381');
Insert into SCHEDULE (S_NO,STIME,ETIME,FLIGHT_NO) values (2708,to_date('22/01/05','RR/MM/DD'),60,'LJ381');
Insert into SCHEDULE (S_NO,STIME,ETIME,FLIGHT_NO) values (2709,to_date('22/01/06','RR/MM/DD'),60,'LJ381');
Insert into SCHEDULE (S_NO,STIME,ETIME,FLIGHT_NO) values (2710,to_date('22/01/07','RR/MM/DD'),60,'LJ381');
Insert into SCHEDULE (S_NO,STIME,ETIME,FLIGHT_NO) values (2711,to_date('22/01/08','RR/MM/DD'),60,'LJ381');
Insert into SCHEDULE (S_NO,STIME,ETIME,FLIGHT_NO) values (2712,to_date('22/01/09','RR/MM/DD'),60,'LJ381');
Insert into SCHEDULE (S_NO,STIME,ETIME,FLIGHT_NO) values (2713,to_date('22/01/07','RR/MM/DD'),60,'LJ385');
Insert into SCHEDULE (S_NO,STIME,ETIME,FLIGHT_NO) values (2714,to_date('22/01/09','RR/MM/DD'),60,'LJ385');
Insert into SCHEDULE (S_NO,STIME,ETIME,FLIGHT_NO) values (2715,to_date('22/01/10','RR/MM/DD'),60,'LJ377');
Insert into SCHEDULE (S_NO,STIME,ETIME,FLIGHT_NO) values (2716,to_date('22/01/11','RR/MM/DD'),60,'LJ377');
Insert into SCHEDULE (S_NO,STIME,ETIME,FLIGHT_NO) values (2717,to_date('22/01/12','RR/MM/DD'),60,'LJ377');
Insert into SCHEDULE (S_NO,STIME,ETIME,FLIGHT_NO) values (2718,to_date('22/01/13','RR/MM/DD'),60,'LJ377');
Insert into SCHEDULE (S_NO,STIME,ETIME,FLIGHT_NO) values (2719,to_date('22/01/14','RR/MM/DD'),60,'LJ377');
Insert into SCHEDULE (S_NO,STIME,ETIME,FLIGHT_NO) values (2720,to_date('22/01/15','RR/MM/DD'),60,'LJ377');
Insert into SCHEDULE (S_NO,STIME,ETIME,FLIGHT_NO) values (2721,to_date('22/01/16','RR/MM/DD'),60,'LJ377');
Insert into SCHEDULE (S_NO,STIME,ETIME,FLIGHT_NO) values (2722,to_date('22/01/10','RR/MM/DD'),60,'LJ379');
Insert into SCHEDULE (S_NO,STIME,ETIME,FLIGHT_NO) values (2723,to_date('22/01/11','RR/MM/DD'),60,'LJ379');
Insert into SCHEDULE (S_NO,STIME,ETIME,FLIGHT_NO) values (2724,to_date('22/01/12','RR/MM/DD'),60,'LJ379');
Insert into SCHEDULE (S_NO,STIME,ETIME,FLIGHT_NO) values (2725,to_date('22/01/13','RR/MM/DD'),60,'LJ379');
Insert into SCHEDULE (S_NO,STIME,ETIME,FLIGHT_NO) values (2726,to_date('22/01/14','RR/MM/DD'),60,'LJ379');
Insert into SCHEDULE (S_NO,STIME,ETIME,FLIGHT_NO) values (2727,to_date('22/01/15','RR/MM/DD'),60,'LJ379');
Insert into SCHEDULE (S_NO,STIME,ETIME,FLIGHT_NO) values (2728,to_date('22/01/16','RR/MM/DD'),60,'LJ379');
Insert into SCHEDULE (S_NO,STIME,ETIME,FLIGHT_NO) values (2729,to_date('22/01/10','RR/MM/DD'),60,'LJ381');
Insert into SCHEDULE (S_NO,STIME,ETIME,FLIGHT_NO) values (2730,to_date('22/01/11','RR/MM/DD'),60,'LJ381');
Insert into SCHEDULE (S_NO,STIME,ETIME,FLIGHT_NO) values (2731,to_date('22/01/12','RR/MM/DD'),60,'LJ381');
Insert into SCHEDULE (S_NO,STIME,ETIME,FLIGHT_NO) values (2732,to_date('22/01/13','RR/MM/DD'),60,'LJ381');
Insert into SCHEDULE (S_NO,STIME,ETIME,FLIGHT_NO) values (2733,to_date('22/01/14','RR/MM/DD'),60,'LJ381');
Insert into SCHEDULE (S_NO,STIME,ETIME,FLIGHT_NO) values (2734,to_date('22/01/15','RR/MM/DD'),60,'LJ381');
Insert into SCHEDULE (S_NO,STIME,ETIME,FLIGHT_NO) values (2735,to_date('22/01/16','RR/MM/DD'),60,'LJ381');
Insert into SCHEDULE (S_NO,STIME,ETIME,FLIGHT_NO) values (2736,to_date('22/01/10','RR/MM/DD'),60,'LJ383');
Insert into SCHEDULE (S_NO,STIME,ETIME,FLIGHT_NO) values (2737,to_date('22/01/11','RR/MM/DD'),60,'LJ383');
Insert into SCHEDULE (S_NO,STIME,ETIME,FLIGHT_NO) values (2738,to_date('22/01/12','RR/MM/DD'),60,'LJ383');
Insert into SCHEDULE (S_NO,STIME,ETIME,FLIGHT_NO) values (2739,to_date('22/01/13','RR/MM/DD'),60,'LJ383');
Insert into SCHEDULE (S_NO,STIME,ETIME,FLIGHT_NO) values (2740,to_date('22/01/14','RR/MM/DD'),60,'LJ383');
Insert into SCHEDULE (S_NO,STIME,ETIME,FLIGHT_NO) values (2741,to_date('22/01/15','RR/MM/DD'),60,'LJ383');
Insert into SCHEDULE (S_NO,STIME,ETIME,FLIGHT_NO) values (2742,to_date('22/01/16','RR/MM/DD'),60,'LJ383');
Insert into SCHEDULE (S_NO,STIME,ETIME,FLIGHT_NO) values (2743,to_date('22/01/10','RR/MM/DD'),60,'LJ385');
Insert into SCHEDULE (S_NO,STIME,ETIME,FLIGHT_NO) values (2744,to_date('22/01/11','RR/MM/DD'),60,'LJ385');
Insert into SCHEDULE (S_NO,STIME,ETIME,FLIGHT_NO) values (2745,to_date('22/01/12','RR/MM/DD'),60,'LJ385');
Insert into SCHEDULE (S_NO,STIME,ETIME,FLIGHT_NO) values (2746,to_date('22/01/13','RR/MM/DD'),60,'LJ385');
Insert into SCHEDULE (S_NO,STIME,ETIME,FLIGHT_NO) values (2747,to_date('22/01/14','RR/MM/DD'),60,'LJ385');
Insert into SCHEDULE (S_NO,STIME,ETIME,FLIGHT_NO) values (2748,to_date('22/01/15','RR/MM/DD'),60,'LJ385');
Insert into SCHEDULE (S_NO,STIME,ETIME,FLIGHT_NO) values (2749,to_date('22/01/16','RR/MM/DD'),60,'LJ385');
Insert into SCHEDULE (S_NO,STIME,ETIME,FLIGHT_NO) values (2750,to_date('22/01/17','RR/MM/DD'),60,'LJ377');
Insert into SCHEDULE (S_NO,STIME,ETIME,FLIGHT_NO) values (2751,to_date('22/01/18','RR/MM/DD'),60,'LJ377');
Insert into SCHEDULE (S_NO,STIME,ETIME,FLIGHT_NO) values (2752,to_date('22/01/19','RR/MM/DD'),60,'LJ377');
Insert into SCHEDULE (S_NO,STIME,ETIME,FLIGHT_NO) values (2753,to_date('22/01/20','RR/MM/DD'),60,'LJ377');
Insert into SCHEDULE (S_NO,STIME,ETIME,FLIGHT_NO) values (2754,to_date('22/01/21','RR/MM/DD'),60,'LJ377');
Insert into SCHEDULE (S_NO,STIME,ETIME,FLIGHT_NO) values (2755,to_date('22/01/22','RR/MM/DD'),60,'LJ377');
Insert into SCHEDULE (S_NO,STIME,ETIME,FLIGHT_NO) values (2756,to_date('22/01/23','RR/MM/DD'),60,'LJ377');
Insert into SCHEDULE (S_NO,STIME,ETIME,FLIGHT_NO) values (2757,to_date('22/01/17','RR/MM/DD'),60,'LJ379');
Insert into SCHEDULE (S_NO,STIME,ETIME,FLIGHT_NO) values (2758,to_date('22/01/18','RR/MM/DD'),60,'LJ379');
Insert into SCHEDULE (S_NO,STIME,ETIME,FLIGHT_NO) values (2759,to_date('22/01/19','RR/MM/DD'),60,'LJ379');
Insert into SCHEDULE (S_NO,STIME,ETIME,FLIGHT_NO) values (2760,to_date('22/01/20','RR/MM/DD'),60,'LJ379');
Insert into SCHEDULE (S_NO,STIME,ETIME,FLIGHT_NO) values (2761,to_date('22/01/21','RR/MM/DD'),60,'LJ379');
Insert into SCHEDULE (S_NO,STIME,ETIME,FLIGHT_NO) values (2762,to_date('22/01/22','RR/MM/DD'),60,'LJ379');
Insert into SCHEDULE (S_NO,STIME,ETIME,FLIGHT_NO) values (2763,to_date('22/01/23','RR/MM/DD'),60,'LJ379');
Insert into SCHEDULE (S_NO,STIME,ETIME,FLIGHT_NO) values (2764,to_date('22/01/17','RR/MM/DD'),60,'LJ381');
Insert into SCHEDULE (S_NO,STIME,ETIME,FLIGHT_NO) values (2765,to_date('22/01/18','RR/MM/DD'),60,'LJ381');
Insert into SCHEDULE (S_NO,STIME,ETIME,FLIGHT_NO) values (2766,to_date('22/01/19','RR/MM/DD'),60,'LJ381');
Insert into SCHEDULE (S_NO,STIME,ETIME,FLIGHT_NO) values (2767,to_date('22/01/20','RR/MM/DD'),60,'LJ381');
Insert into SCHEDULE (S_NO,STIME,ETIME,FLIGHT_NO) values (2768,to_date('22/01/21','RR/MM/DD'),60,'LJ381');
Insert into SCHEDULE (S_NO,STIME,ETIME,FLIGHT_NO) values (2769,to_date('22/01/22','RR/MM/DD'),60,'LJ381');
Insert into SCHEDULE (S_NO,STIME,ETIME,FLIGHT_NO) values (2770,to_date('22/01/23','RR/MM/DD'),60,'LJ381');
Insert into SCHEDULE (S_NO,STIME,ETIME,FLIGHT_NO) values (2771,to_date('22/01/17','RR/MM/DD'),60,'LJ383');
Insert into SCHEDULE (S_NO,STIME,ETIME,FLIGHT_NO) values (2772,to_date('22/01/18','RR/MM/DD'),60,'LJ383');
Insert into SCHEDULE (S_NO,STIME,ETIME,FLIGHT_NO) values (2773,to_date('22/01/19','RR/MM/DD'),60,'LJ383');
Insert into SCHEDULE (S_NO,STIME,ETIME,FLIGHT_NO) values (2774,to_date('22/01/20','RR/MM/DD'),60,'LJ383');
Insert into SCHEDULE (S_NO,STIME,ETIME,FLIGHT_NO) values (2775,to_date('22/01/21','RR/MM/DD'),60,'LJ383');
Insert into SCHEDULE (S_NO,STIME,ETIME,FLIGHT_NO) values (2776,to_date('22/01/22','RR/MM/DD'),60,'LJ383');
Insert into SCHEDULE (S_NO,STIME,ETIME,FLIGHT_NO) values (2777,to_date('22/01/23','RR/MM/DD'),60,'LJ383');
Insert into SCHEDULE (S_NO,STIME,ETIME,FLIGHT_NO) values (2778,to_date('22/01/17','RR/MM/DD'),60,'LJ385');
Insert into SCHEDULE (S_NO,STIME,ETIME,FLIGHT_NO) values (2779,to_date('22/01/18','RR/MM/DD'),60,'LJ385');
Insert into SCHEDULE (S_NO,STIME,ETIME,FLIGHT_NO) values (2780,to_date('22/01/19','RR/MM/DD'),60,'LJ385');
Insert into SCHEDULE (S_NO,STIME,ETIME,FLIGHT_NO) values (2781,to_date('22/01/20','RR/MM/DD'),60,'LJ385');
Insert into SCHEDULE (S_NO,STIME,ETIME,FLIGHT_NO) values (2782,to_date('22/01/21','RR/MM/DD'),60,'LJ385');
Insert into SCHEDULE (S_NO,STIME,ETIME,FLIGHT_NO) values (2783,to_date('22/01/22','RR/MM/DD'),60,'LJ385');
Insert into SCHEDULE (S_NO,STIME,ETIME,FLIGHT_NO) values (2784,to_date('22/01/23','RR/MM/DD'),60,'LJ385');
Insert into SCHEDULE (S_NO,STIME,ETIME,FLIGHT_NO) values (2785,to_date('22/01/24','RR/MM/DD'),60,'LJ377');
Insert into SCHEDULE (S_NO,STIME,ETIME,FLIGHT_NO) values (2786,to_date('22/01/25','RR/MM/DD'),60,'LJ377');
Insert into SCHEDULE (S_NO,STIME,ETIME,FLIGHT_NO) values (2787,to_date('22/01/26','RR/MM/DD'),60,'LJ377');
Insert into SCHEDULE (S_NO,STIME,ETIME,FLIGHT_NO) values (2788,to_date('22/01/27','RR/MM/DD'),60,'LJ377');
Insert into SCHEDULE (S_NO,STIME,ETIME,FLIGHT_NO) values (2789,to_date('22/01/28','RR/MM/DD'),60,'LJ377');
Insert into SCHEDULE (S_NO,STIME,ETIME,FLIGHT_NO) values (2790,to_date('22/01/29','RR/MM/DD'),60,'LJ377');
Insert into SCHEDULE (S_NO,STIME,ETIME,FLIGHT_NO) values (2791,to_date('22/01/30','RR/MM/DD'),60,'LJ377');
Insert into SCHEDULE (S_NO,STIME,ETIME,FLIGHT_NO) values (2792,to_date('22/01/24','RR/MM/DD'),60,'LJ379');
Insert into SCHEDULE (S_NO,STIME,ETIME,FLIGHT_NO) values (2793,to_date('22/01/25','RR/MM/DD'),60,'LJ379');
Insert into SCHEDULE (S_NO,STIME,ETIME,FLIGHT_NO) values (2794,to_date('22/01/26','RR/MM/DD'),60,'LJ379');
Insert into SCHEDULE (S_NO,STIME,ETIME,FLIGHT_NO) values (2795,to_date('22/01/27','RR/MM/DD'),60,'LJ379');
Insert into SCHEDULE (S_NO,STIME,ETIME,FLIGHT_NO) values (2796,to_date('22/01/28','RR/MM/DD'),60,'LJ379');
Insert into SCHEDULE (S_NO,STIME,ETIME,FLIGHT_NO) values (2797,to_date('22/01/29','RR/MM/DD'),60,'LJ379');
Insert into SCHEDULE (S_NO,STIME,ETIME,FLIGHT_NO) values (2798,to_date('22/01/30','RR/MM/DD'),60,'LJ379');
Insert into SCHEDULE (S_NO,STIME,ETIME,FLIGHT_NO) values (2799,to_date('22/01/24','RR/MM/DD'),60,'LJ381');
Insert into SCHEDULE (S_NO,STIME,ETIME,FLIGHT_NO) values (2800,to_date('22/01/25','RR/MM/DD'),60,'LJ381');
Insert into SCHEDULE (S_NO,STIME,ETIME,FLIGHT_NO) values (2801,to_date('22/01/26','RR/MM/DD'),60,'LJ381');
Insert into SCHEDULE (S_NO,STIME,ETIME,FLIGHT_NO) values (2802,to_date('22/01/27','RR/MM/DD'),60,'LJ381');
Insert into SCHEDULE (S_NO,STIME,ETIME,FLIGHT_NO) values (2803,to_date('22/01/28','RR/MM/DD'),60,'LJ381');
Insert into SCHEDULE (S_NO,STIME,ETIME,FLIGHT_NO) values (2804,to_date('22/01/29','RR/MM/DD'),60,'LJ381');
Insert into SCHEDULE (S_NO,STIME,ETIME,FLIGHT_NO) values (2805,to_date('22/01/30','RR/MM/DD'),60,'LJ381');
Insert into SCHEDULE (S_NO,STIME,ETIME,FLIGHT_NO) values (2806,to_date('22/01/24','RR/MM/DD'),60,'LJ383');
Insert into SCHEDULE (S_NO,STIME,ETIME,FLIGHT_NO) values (2807,to_date('22/01/25','RR/MM/DD'),60,'LJ383');
Insert into SCHEDULE (S_NO,STIME,ETIME,FLIGHT_NO) values (2808,to_date('22/01/26','RR/MM/DD'),60,'LJ383');
Insert into SCHEDULE (S_NO,STIME,ETIME,FLIGHT_NO) values (2809,to_date('22/01/27','RR/MM/DD'),60,'LJ383');
Insert into SCHEDULE (S_NO,STIME,ETIME,FLIGHT_NO) values (2810,to_date('22/01/28','RR/MM/DD'),60,'LJ383');
Insert into SCHEDULE (S_NO,STIME,ETIME,FLIGHT_NO) values (2811,to_date('22/01/29','RR/MM/DD'),60,'LJ383');
Insert into SCHEDULE (S_NO,STIME,ETIME,FLIGHT_NO) values (2812,to_date('22/01/30','RR/MM/DD'),60,'LJ383');
Insert into SCHEDULE (S_NO,STIME,ETIME,FLIGHT_NO) values (2813,to_date('22/01/24','RR/MM/DD'),60,'LJ385');
Insert into SCHEDULE (S_NO,STIME,ETIME,FLIGHT_NO) values (2814,to_date('22/01/25','RR/MM/DD'),60,'LJ385');
Insert into SCHEDULE (S_NO,STIME,ETIME,FLIGHT_NO) values (2815,to_date('22/01/26','RR/MM/DD'),60,'LJ385');
Insert into SCHEDULE (S_NO,STIME,ETIME,FLIGHT_NO) values (2816,to_date('22/01/27','RR/MM/DD'),60,'LJ385');
Insert into SCHEDULE (S_NO,STIME,ETIME,FLIGHT_NO) values (2817,to_date('22/01/28','RR/MM/DD'),60,'LJ385');
Insert into SCHEDULE (S_NO,STIME,ETIME,FLIGHT_NO) values (2818,to_date('22/01/29','RR/MM/DD'),60,'LJ385');
Insert into SCHEDULE (S_NO,STIME,ETIME,FLIGHT_NO) values (2819,to_date('22/01/30','RR/MM/DD'),60,'LJ385');
Insert into SCHEDULE (S_NO,STIME,ETIME,FLIGHT_NO) values (2820,to_date('22/01/01','RR/MM/DD'),60,'LJ378');
Insert into SCHEDULE (S_NO,STIME,ETIME,FLIGHT_NO) values (2821,to_date('22/01/02','RR/MM/DD'),60,'LJ378');
Insert into SCHEDULE (S_NO,STIME,ETIME,FLIGHT_NO) values (2822,to_date('22/01/01','RR/MM/DD'),60,'LJ380');
Insert into SCHEDULE (S_NO,STIME,ETIME,FLIGHT_NO) values (2823,to_date('22/01/02','RR/MM/DD'),60,'LJ380');
Insert into SCHEDULE (S_NO,STIME,ETIME,FLIGHT_NO) values (2824,to_date('22/01/01','RR/MM/DD'),60,'LJ382');
Insert into SCHEDULE (S_NO,STIME,ETIME,FLIGHT_NO) values (2825,to_date('22/01/02','RR/MM/DD'),60,'LJ382');
Insert into SCHEDULE (S_NO,STIME,ETIME,FLIGHT_NO) values (2826,to_date('22/01/01','RR/MM/DD'),60,'LJ384');
Insert into SCHEDULE (S_NO,STIME,ETIME,FLIGHT_NO) values (2827,to_date('22/01/02','RR/MM/DD'),60,'LJ384');
Insert into SCHEDULE (S_NO,STIME,ETIME,FLIGHT_NO) values (2828,to_date('22/01/01','RR/MM/DD'),60,'LJ386');
Insert into SCHEDULE (S_NO,STIME,ETIME,FLIGHT_NO) values (2829,to_date('22/01/02','RR/MM/DD'),60,'LJ386');
Insert into SCHEDULE (S_NO,STIME,ETIME,FLIGHT_NO) values (2830,to_date('22/01/03','RR/MM/DD'),60,'LJ378');
Insert into SCHEDULE (S_NO,STIME,ETIME,FLIGHT_NO) values (2831,to_date('22/01/04','RR/MM/DD'),60,'LJ378');
Insert into SCHEDULE (S_NO,STIME,ETIME,FLIGHT_NO) values (2832,to_date('22/01/05','RR/MM/DD'),60,'LJ378');
Insert into SCHEDULE (S_NO,STIME,ETIME,FLIGHT_NO) values (2833,to_date('22/01/06','RR/MM/DD'),60,'LJ378');
Insert into SCHEDULE (S_NO,STIME,ETIME,FLIGHT_NO) values (2834,to_date('22/01/07','RR/MM/DD'),60,'LJ378');
Insert into SCHEDULE (S_NO,STIME,ETIME,FLIGHT_NO) values (2835,to_date('22/01/08','RR/MM/DD'),60,'LJ378');
Insert into SCHEDULE (S_NO,STIME,ETIME,FLIGHT_NO) values (2836,to_date('22/01/09','RR/MM/DD'),60,'LJ378');
Insert into SCHEDULE (S_NO,STIME,ETIME,FLIGHT_NO) values (2837,to_date('22/01/10','RR/MM/DD'),60,'LJ378');
Insert into SCHEDULE (S_NO,STIME,ETIME,FLIGHT_NO) values (2838,to_date('22/01/11','RR/MM/DD'),60,'LJ378');
Insert into SCHEDULE (S_NO,STIME,ETIME,FLIGHT_NO) values (2839,to_date('22/01/12','RR/MM/DD'),60,'LJ378');
Insert into SCHEDULE (S_NO,STIME,ETIME,FLIGHT_NO) values (2840,to_date('22/01/13','RR/MM/DD'),60,'LJ378');
Insert into SCHEDULE (S_NO,STIME,ETIME,FLIGHT_NO) values (2841,to_date('22/01/14','RR/MM/DD'),60,'LJ378');
Insert into SCHEDULE (S_NO,STIME,ETIME,FLIGHT_NO) values (2842,to_date('22/01/15','RR/MM/DD'),60,'LJ378');
Insert into SCHEDULE (S_NO,STIME,ETIME,FLIGHT_NO) values (2843,to_date('22/01/16','RR/MM/DD'),60,'LJ378');
Insert into SCHEDULE (S_NO,STIME,ETIME,FLIGHT_NO) values (2844,to_date('22/01/17','RR/MM/DD'),60,'LJ378');
Insert into SCHEDULE (S_NO,STIME,ETIME,FLIGHT_NO) values (2845,to_date('22/01/18','RR/MM/DD'),60,'LJ378');
Insert into SCHEDULE (S_NO,STIME,ETIME,FLIGHT_NO) values (2846,to_date('22/01/19','RR/MM/DD'),60,'LJ378');
Insert into SCHEDULE (S_NO,STIME,ETIME,FLIGHT_NO) values (2847,to_date('22/01/20','RR/MM/DD'),60,'LJ378');
Insert into SCHEDULE (S_NO,STIME,ETIME,FLIGHT_NO) values (2848,to_date('22/01/21','RR/MM/DD'),60,'LJ378');
Insert into SCHEDULE (S_NO,STIME,ETIME,FLIGHT_NO) values (2849,to_date('22/01/22','RR/MM/DD'),60,'LJ378');
Insert into SCHEDULE (S_NO,STIME,ETIME,FLIGHT_NO) values (2850,to_date('22/01/23','RR/MM/DD'),60,'LJ378');
Insert into SCHEDULE (S_NO,STIME,ETIME,FLIGHT_NO) values (2851,to_date('22/01/24','RR/MM/DD'),60,'LJ378');
Insert into SCHEDULE (S_NO,STIME,ETIME,FLIGHT_NO) values (2852,to_date('22/01/25','RR/MM/DD'),60,'LJ378');
Insert into SCHEDULE (S_NO,STIME,ETIME,FLIGHT_NO) values (2853,to_date('22/01/26','RR/MM/DD'),60,'LJ378');
Insert into SCHEDULE (S_NO,STIME,ETIME,FLIGHT_NO) values (2854,to_date('22/01/27','RR/MM/DD'),60,'LJ378');
Insert into SCHEDULE (S_NO,STIME,ETIME,FLIGHT_NO) values (2855,to_date('22/01/28','RR/MM/DD'),60,'LJ378');
Insert into SCHEDULE (S_NO,STIME,ETIME,FLIGHT_NO) values (2856,to_date('22/01/29','RR/MM/DD'),60,'LJ378');
Insert into SCHEDULE (S_NO,STIME,ETIME,FLIGHT_NO) values (2857,to_date('22/01/30','RR/MM/DD'),60,'LJ378');
Insert into SCHEDULE (S_NO,STIME,ETIME,FLIGHT_NO) values (2858,to_date('22/01/07','RR/MM/DD'),60,'LJ380');
Insert into SCHEDULE (S_NO,STIME,ETIME,FLIGHT_NO) values (2859,to_date('22/01/08','RR/MM/DD'),60,'LJ380');
Insert into SCHEDULE (S_NO,STIME,ETIME,FLIGHT_NO) values (2860,to_date('22/01/09','RR/MM/DD'),60,'LJ380');
Insert into SCHEDULE (S_NO,STIME,ETIME,FLIGHT_NO) values (2861,to_date('22/01/10','RR/MM/DD'),60,'LJ380');
Insert into SCHEDULE (S_NO,STIME,ETIME,FLIGHT_NO) values (2862,to_date('22/01/11','RR/MM/DD'),60,'LJ380');
Insert into SCHEDULE (S_NO,STIME,ETIME,FLIGHT_NO) values (2863,to_date('22/01/12','RR/MM/DD'),60,'LJ380');
Insert into SCHEDULE (S_NO,STIME,ETIME,FLIGHT_NO) values (2864,to_date('22/01/13','RR/MM/DD'),60,'LJ380');
Insert into SCHEDULE (S_NO,STIME,ETIME,FLIGHT_NO) values (2865,to_date('22/01/14','RR/MM/DD'),60,'LJ380');
Insert into SCHEDULE (S_NO,STIME,ETIME,FLIGHT_NO) values (2866,to_date('22/01/15','RR/MM/DD'),60,'LJ380');
Insert into SCHEDULE (S_NO,STIME,ETIME,FLIGHT_NO) values (2867,to_date('22/01/16','RR/MM/DD'),60,'LJ380');
Insert into SCHEDULE (S_NO,STIME,ETIME,FLIGHT_NO) values (2868,to_date('22/01/17','RR/MM/DD'),60,'LJ380');
Insert into SCHEDULE (S_NO,STIME,ETIME,FLIGHT_NO) values (2869,to_date('22/01/18','RR/MM/DD'),60,'LJ380');
Insert into SCHEDULE (S_NO,STIME,ETIME,FLIGHT_NO) values (2870,to_date('22/01/19','RR/MM/DD'),60,'LJ380');
Insert into SCHEDULE (S_NO,STIME,ETIME,FLIGHT_NO) values (2871,to_date('22/01/20','RR/MM/DD'),60,'LJ380');
Insert into SCHEDULE (S_NO,STIME,ETIME,FLIGHT_NO) values (2872,to_date('22/01/21','RR/MM/DD'),60,'LJ380');
Insert into SCHEDULE (S_NO,STIME,ETIME,FLIGHT_NO) values (2873,to_date('22/01/22','RR/MM/DD'),60,'LJ380');
Insert into SCHEDULE (S_NO,STIME,ETIME,FLIGHT_NO) values (2874,to_date('22/01/23','RR/MM/DD'),60,'LJ380');
Insert into SCHEDULE (S_NO,STIME,ETIME,FLIGHT_NO) values (2875,to_date('22/01/24','RR/MM/DD'),60,'LJ380');
Insert into SCHEDULE (S_NO,STIME,ETIME,FLIGHT_NO) values (2876,to_date('22/01/25','RR/MM/DD'),60,'LJ380');
Insert into SCHEDULE (S_NO,STIME,ETIME,FLIGHT_NO) values (2877,to_date('22/01/26','RR/MM/DD'),60,'LJ380');
Insert into SCHEDULE (S_NO,STIME,ETIME,FLIGHT_NO) values (2878,to_date('22/01/27','RR/MM/DD'),60,'LJ380');
Insert into SCHEDULE (S_NO,STIME,ETIME,FLIGHT_NO) values (2879,to_date('22/01/28','RR/MM/DD'),60,'LJ380');
Insert into SCHEDULE (S_NO,STIME,ETIME,FLIGHT_NO) values (2880,to_date('22/01/29','RR/MM/DD'),60,'LJ380');
Insert into SCHEDULE (S_NO,STIME,ETIME,FLIGHT_NO) values (2881,to_date('22/01/30','RR/MM/DD'),60,'LJ380');
Insert into SCHEDULE (S_NO,STIME,ETIME,FLIGHT_NO) values (2882,to_date('22/01/03','RR/MM/DD'),60,'LJ382');
Insert into SCHEDULE (S_NO,STIME,ETIME,FLIGHT_NO) values (2883,to_date('22/01/04','RR/MM/DD'),60,'LJ382');
Insert into SCHEDULE (S_NO,STIME,ETIME,FLIGHT_NO) values (2884,to_date('22/01/05','RR/MM/DD'),60,'LJ382');
Insert into SCHEDULE (S_NO,STIME,ETIME,FLIGHT_NO) values (2885,to_date('22/01/06','RR/MM/DD'),60,'LJ382');
Insert into SCHEDULE (S_NO,STIME,ETIME,FLIGHT_NO) values (2886,to_date('22/01/07','RR/MM/DD'),60,'LJ382');
Insert into SCHEDULE (S_NO,STIME,ETIME,FLIGHT_NO) values (2887,to_date('22/01/08','RR/MM/DD'),60,'LJ382');
Insert into SCHEDULE (S_NO,STIME,ETIME,FLIGHT_NO) values (2888,to_date('22/01/09','RR/MM/DD'),60,'LJ382');
Insert into SCHEDULE (S_NO,STIME,ETIME,FLIGHT_NO) values (2889,to_date('22/01/10','RR/MM/DD'),60,'LJ382');
Insert into SCHEDULE (S_NO,STIME,ETIME,FLIGHT_NO) values (2890,to_date('22/01/11','RR/MM/DD'),60,'LJ382');
Insert into SCHEDULE (S_NO,STIME,ETIME,FLIGHT_NO) values (2891,to_date('22/01/12','RR/MM/DD'),60,'LJ382');
Insert into SCHEDULE (S_NO,STIME,ETIME,FLIGHT_NO) values (2892,to_date('22/01/13','RR/MM/DD'),60,'LJ382');
Insert into SCHEDULE (S_NO,STIME,ETIME,FLIGHT_NO) values (2893,to_date('22/01/14','RR/MM/DD'),60,'LJ382');
Insert into SCHEDULE (S_NO,STIME,ETIME,FLIGHT_NO) values (2894,to_date('22/01/15','RR/MM/DD'),60,'LJ382');
Insert into SCHEDULE (S_NO,STIME,ETIME,FLIGHT_NO) values (2895,to_date('22/01/16','RR/MM/DD'),60,'LJ382');
Insert into SCHEDULE (S_NO,STIME,ETIME,FLIGHT_NO) values (2896,to_date('22/01/17','RR/MM/DD'),60,'LJ382');
Insert into SCHEDULE (S_NO,STIME,ETIME,FLIGHT_NO) values (2897,to_date('22/01/18','RR/MM/DD'),60,'LJ382');
Insert into SCHEDULE (S_NO,STIME,ETIME,FLIGHT_NO) values (2898,to_date('22/01/19','RR/MM/DD'),60,'LJ382');
Insert into SCHEDULE (S_NO,STIME,ETIME,FLIGHT_NO) values (2899,to_date('22/01/20','RR/MM/DD'),60,'LJ382');
Insert into SCHEDULE (S_NO,STIME,ETIME,FLIGHT_NO) values (2900,to_date('22/01/21','RR/MM/DD'),60,'LJ382');
Insert into SCHEDULE (S_NO,STIME,ETIME,FLIGHT_NO) values (2901,to_date('22/01/22','RR/MM/DD'),60,'LJ382');
Insert into SCHEDULE (S_NO,STIME,ETIME,FLIGHT_NO) values (2902,to_date('22/01/23','RR/MM/DD'),60,'LJ382');
Insert into SCHEDULE (S_NO,STIME,ETIME,FLIGHT_NO) values (2903,to_date('22/01/24','RR/MM/DD'),60,'LJ382');
Insert into SCHEDULE (S_NO,STIME,ETIME,FLIGHT_NO) values (2904,to_date('22/01/25','RR/MM/DD'),60,'LJ382');
Insert into SCHEDULE (S_NO,STIME,ETIME,FLIGHT_NO) values (2905,to_date('22/01/26','RR/MM/DD'),60,'LJ382');
Insert into SCHEDULE (S_NO,STIME,ETIME,FLIGHT_NO) values (2906,to_date('22/01/27','RR/MM/DD'),60,'LJ382');
Insert into SCHEDULE (S_NO,STIME,ETIME,FLIGHT_NO) values (2907,to_date('22/01/28','RR/MM/DD'),60,'LJ382');
Insert into SCHEDULE (S_NO,STIME,ETIME,FLIGHT_NO) values (2908,to_date('22/01/29','RR/MM/DD'),60,'LJ382');
Insert into SCHEDULE (S_NO,STIME,ETIME,FLIGHT_NO) values (2909,to_date('22/01/30','RR/MM/DD'),60,'LJ382');
Insert into SCHEDULE (S_NO,STIME,ETIME,FLIGHT_NO) values (2910,to_date('22/01/10','RR/MM/DD'),60,'LJ384');
Insert into SCHEDULE (S_NO,STIME,ETIME,FLIGHT_NO) values (2911,to_date('22/01/11','RR/MM/DD'),60,'LJ384');
Insert into SCHEDULE (S_NO,STIME,ETIME,FLIGHT_NO) values (2912,to_date('22/01/12','RR/MM/DD'),60,'LJ384');
Insert into SCHEDULE (S_NO,STIME,ETIME,FLIGHT_NO) values (2913,to_date('22/01/13','RR/MM/DD'),60,'LJ384');
Insert into SCHEDULE (S_NO,STIME,ETIME,FLIGHT_NO) values (2914,to_date('22/01/14','RR/MM/DD'),60,'LJ384');
Insert into SCHEDULE (S_NO,STIME,ETIME,FLIGHT_NO) values (2915,to_date('22/01/15','RR/MM/DD'),60,'LJ384');
Insert into SCHEDULE (S_NO,STIME,ETIME,FLIGHT_NO) values (2916,to_date('22/01/16','RR/MM/DD'),60,'LJ384');
Insert into SCHEDULE (S_NO,STIME,ETIME,FLIGHT_NO) values (2917,to_date('22/01/17','RR/MM/DD'),60,'LJ384');
Insert into SCHEDULE (S_NO,STIME,ETIME,FLIGHT_NO) values (2918,to_date('22/01/18','RR/MM/DD'),60,'LJ384');
Insert into SCHEDULE (S_NO,STIME,ETIME,FLIGHT_NO) values (2919,to_date('22/01/19','RR/MM/DD'),60,'LJ384');
Insert into SCHEDULE (S_NO,STIME,ETIME,FLIGHT_NO) values (2920,to_date('22/01/20','RR/MM/DD'),60,'LJ384');
Insert into SCHEDULE (S_NO,STIME,ETIME,FLIGHT_NO) values (2921,to_date('22/01/21','RR/MM/DD'),60,'LJ384');
Insert into SCHEDULE (S_NO,STIME,ETIME,FLIGHT_NO) values (2922,to_date('22/01/22','RR/MM/DD'),60,'LJ384');
Insert into SCHEDULE (S_NO,STIME,ETIME,FLIGHT_NO) values (2923,to_date('22/01/23','RR/MM/DD'),60,'LJ384');
Insert into SCHEDULE (S_NO,STIME,ETIME,FLIGHT_NO) values (2924,to_date('22/01/24','RR/MM/DD'),60,'LJ384');
Insert into SCHEDULE (S_NO,STIME,ETIME,FLIGHT_NO) values (2925,to_date('22/01/25','RR/MM/DD'),60,'LJ384');
Insert into SCHEDULE (S_NO,STIME,ETIME,FLIGHT_NO) values (2926,to_date('22/01/26','RR/MM/DD'),60,'LJ384');
Insert into SCHEDULE (S_NO,STIME,ETIME,FLIGHT_NO) values (2927,to_date('22/01/27','RR/MM/DD'),60,'LJ384');
Insert into SCHEDULE (S_NO,STIME,ETIME,FLIGHT_NO) values (2928,to_date('22/01/28','RR/MM/DD'),60,'LJ384');
Insert into SCHEDULE (S_NO,STIME,ETIME,FLIGHT_NO) values (2929,to_date('22/01/29','RR/MM/DD'),60,'LJ384');
Insert into SCHEDULE (S_NO,STIME,ETIME,FLIGHT_NO) values (2930,to_date('22/01/30','RR/MM/DD'),60,'LJ384');
Insert into SCHEDULE (S_NO,STIME,ETIME,FLIGHT_NO) values (2931,to_date('22/01/07','RR/MM/DD'),60,'LJ386');
Insert into SCHEDULE (S_NO,STIME,ETIME,FLIGHT_NO) values (2932,to_date('22/01/09','RR/MM/DD'),60,'LJ386');
Insert into SCHEDULE (S_NO,STIME,ETIME,FLIGHT_NO) values (2933,to_date('22/01/10','RR/MM/DD'),60,'LJ386');
Insert into SCHEDULE (S_NO,STIME,ETIME,FLIGHT_NO) values (2934,to_date('22/01/11','RR/MM/DD'),60,'LJ386');
Insert into SCHEDULE (S_NO,STIME,ETIME,FLIGHT_NO) values (2935,to_date('22/01/12','RR/MM/DD'),60,'LJ386');
Insert into SCHEDULE (S_NO,STIME,ETIME,FLIGHT_NO) values (2936,to_date('22/01/13','RR/MM/DD'),60,'LJ386');
Insert into SCHEDULE (S_NO,STIME,ETIME,FLIGHT_NO) values (2937,to_date('22/01/14','RR/MM/DD'),60,'LJ386');
Insert into SCHEDULE (S_NO,STIME,ETIME,FLIGHT_NO) values (2938,to_date('22/01/15','RR/MM/DD'),60,'LJ386');
Insert into SCHEDULE (S_NO,STIME,ETIME,FLIGHT_NO) values (2939,to_date('22/01/16','RR/MM/DD'),60,'LJ386');
Insert into SCHEDULE (S_NO,STIME,ETIME,FLIGHT_NO) values (2940,to_date('22/01/17','RR/MM/DD'),60,'LJ386');
Insert into SCHEDULE (S_NO,STIME,ETIME,FLIGHT_NO) values (2941,to_date('22/01/18','RR/MM/DD'),60,'LJ386');
Insert into SCHEDULE (S_NO,STIME,ETIME,FLIGHT_NO) values (2942,to_date('22/01/19','RR/MM/DD'),60,'LJ386');
Insert into SCHEDULE (S_NO,STIME,ETIME,FLIGHT_NO) values (2943,to_date('22/01/20','RR/MM/DD'),60,'LJ386');
Insert into SCHEDULE (S_NO,STIME,ETIME,FLIGHT_NO) values (2944,to_date('22/01/21','RR/MM/DD'),60,'LJ386');
Insert into SCHEDULE (S_NO,STIME,ETIME,FLIGHT_NO) values (2945,to_date('22/01/22','RR/MM/DD'),60,'LJ386');
Insert into SCHEDULE (S_NO,STIME,ETIME,FLIGHT_NO) values (2946,to_date('22/01/23','RR/MM/DD'),60,'LJ386');
Insert into SCHEDULE (S_NO,STIME,ETIME,FLIGHT_NO) values (2947,to_date('22/01/24','RR/MM/DD'),60,'LJ386');
Insert into SCHEDULE (S_NO,STIME,ETIME,FLIGHT_NO) values (2948,to_date('22/01/25','RR/MM/DD'),60,'LJ386');
Insert into SCHEDULE (S_NO,STIME,ETIME,FLIGHT_NO) values (2949,to_date('22/01/26','RR/MM/DD'),60,'LJ386');
Insert into SCHEDULE (S_NO,STIME,ETIME,FLIGHT_NO) values (2950,to_date('22/01/27','RR/MM/DD'),60,'LJ386');
Insert into SCHEDULE (S_NO,STIME,ETIME,FLIGHT_NO) values (2951,to_date('22/01/28','RR/MM/DD'),60,'LJ386');
Insert into SCHEDULE (S_NO,STIME,ETIME,FLIGHT_NO) values (2952,to_date('22/01/29','RR/MM/DD'),60,'LJ386');
Insert into SCHEDULE (S_NO,STIME,ETIME,FLIGHT_NO) values (2953,to_date('22/01/30','RR/MM/DD'),60,'LJ386');
Insert into SCHEDULE (S_NO,STIME,ETIME,FLIGHT_NO) values (2954,to_date('22/01/01','RR/MM/DD'),60,'LJ389');
Insert into SCHEDULE (S_NO,STIME,ETIME,FLIGHT_NO) values (2955,to_date('22/01/02','RR/MM/DD'),60,'LJ389');
Insert into SCHEDULE (S_NO,STIME,ETIME,FLIGHT_NO) values (2956,to_date('22/01/03','RR/MM/DD'),60,'LJ389');
Insert into SCHEDULE (S_NO,STIME,ETIME,FLIGHT_NO) values (2957,to_date('22/01/04','RR/MM/DD'),60,'LJ389');
Insert into SCHEDULE (S_NO,STIME,ETIME,FLIGHT_NO) values (2958,to_date('22/01/05','RR/MM/DD'),60,'LJ389');
Insert into SCHEDULE (S_NO,STIME,ETIME,FLIGHT_NO) values (2959,to_date('22/01/06','RR/MM/DD'),60,'LJ389');
Insert into SCHEDULE (S_NO,STIME,ETIME,FLIGHT_NO) values (2960,to_date('22/01/07','RR/MM/DD'),60,'LJ389');
Insert into SCHEDULE (S_NO,STIME,ETIME,FLIGHT_NO) values (2961,to_date('22/01/08','RR/MM/DD'),60,'LJ389');
Insert into SCHEDULE (S_NO,STIME,ETIME,FLIGHT_NO) values (2962,to_date('22/01/09','RR/MM/DD'),60,'LJ389');
Insert into SCHEDULE (S_NO,STIME,ETIME,FLIGHT_NO) values (2963,to_date('22/01/10','RR/MM/DD'),60,'LJ389');
Insert into SCHEDULE (S_NO,STIME,ETIME,FLIGHT_NO) values (2964,to_date('22/01/11','RR/MM/DD'),60,'LJ389');
Insert into SCHEDULE (S_NO,STIME,ETIME,FLIGHT_NO) values (2965,to_date('22/01/12','RR/MM/DD'),60,'LJ389');
Insert into SCHEDULE (S_NO,STIME,ETIME,FLIGHT_NO) values (2966,to_date('22/01/13','RR/MM/DD'),60,'LJ389');
Insert into SCHEDULE (S_NO,STIME,ETIME,FLIGHT_NO) values (2967,to_date('22/01/14','RR/MM/DD'),60,'LJ389');
Insert into SCHEDULE (S_NO,STIME,ETIME,FLIGHT_NO) values (2968,to_date('22/01/15','RR/MM/DD'),60,'LJ389');
Insert into SCHEDULE (S_NO,STIME,ETIME,FLIGHT_NO) values (2969,to_date('22/01/16','RR/MM/DD'),60,'LJ389');
Insert into SCHEDULE (S_NO,STIME,ETIME,FLIGHT_NO) values (2970,to_date('22/01/17','RR/MM/DD'),60,'LJ389');
Insert into SCHEDULE (S_NO,STIME,ETIME,FLIGHT_NO) values (2971,to_date('22/01/18','RR/MM/DD'),60,'LJ389');
Insert into SCHEDULE (S_NO,STIME,ETIME,FLIGHT_NO) values (2972,to_date('22/01/19','RR/MM/DD'),60,'LJ389');
Insert into SCHEDULE (S_NO,STIME,ETIME,FLIGHT_NO) values (2973,to_date('22/01/20','RR/MM/DD'),60,'LJ389');
Insert into SCHEDULE (S_NO,STIME,ETIME,FLIGHT_NO) values (2974,to_date('22/01/21','RR/MM/DD'),60,'LJ389');
Insert into SCHEDULE (S_NO,STIME,ETIME,FLIGHT_NO) values (2975,to_date('22/01/22','RR/MM/DD'),60,'LJ389');
Insert into SCHEDULE (S_NO,STIME,ETIME,FLIGHT_NO) values (2976,to_date('22/01/23','RR/MM/DD'),60,'LJ389');
Insert into SCHEDULE (S_NO,STIME,ETIME,FLIGHT_NO) values (2977,to_date('22/01/24','RR/MM/DD'),60,'LJ389');
Insert into SCHEDULE (S_NO,STIME,ETIME,FLIGHT_NO) values (2978,to_date('22/01/25','RR/MM/DD'),60,'LJ389');
Insert into SCHEDULE (S_NO,STIME,ETIME,FLIGHT_NO) values (2979,to_date('22/01/26','RR/MM/DD'),60,'LJ389');
Insert into SCHEDULE (S_NO,STIME,ETIME,FLIGHT_NO) values (2980,to_date('22/01/27','RR/MM/DD'),60,'LJ389');
Insert into SCHEDULE (S_NO,STIME,ETIME,FLIGHT_NO) values (2981,to_date('22/01/28','RR/MM/DD'),60,'LJ389');
Insert into SCHEDULE (S_NO,STIME,ETIME,FLIGHT_NO) values (2982,to_date('22/01/29','RR/MM/DD'),60,'LJ389');
Insert into SCHEDULE (S_NO,STIME,ETIME,FLIGHT_NO) values (2983,to_date('22/01/30','RR/MM/DD'),60,'LJ389');
Insert into SCHEDULE (S_NO,STIME,ETIME,FLIGHT_NO) values (2984,to_date('22/01/01','RR/MM/DD'),60,'LJ391');
Insert into SCHEDULE (S_NO,STIME,ETIME,FLIGHT_NO) values (2985,to_date('22/01/02','RR/MM/DD'),60,'LJ391');
Insert into SCHEDULE (S_NO,STIME,ETIME,FLIGHT_NO) values (2986,to_date('22/01/07','RR/MM/DD'),60,'LJ391');
Insert into SCHEDULE (S_NO,STIME,ETIME,FLIGHT_NO) values (2987,to_date('22/01/08','RR/MM/DD'),60,'LJ391');
Insert into SCHEDULE (S_NO,STIME,ETIME,FLIGHT_NO) values (2988,to_date('22/01/09','RR/MM/DD'),60,'LJ391');
Insert into SCHEDULE (S_NO,STIME,ETIME,FLIGHT_NO) values (2989,to_date('22/01/14','RR/MM/DD'),60,'LJ391');
Insert into SCHEDULE (S_NO,STIME,ETIME,FLIGHT_NO) values (2990,to_date('22/01/15','RR/MM/DD'),60,'LJ391');
Insert into SCHEDULE (S_NO,STIME,ETIME,FLIGHT_NO) values (2991,to_date('22/01/16','RR/MM/DD'),60,'LJ391');
Insert into SCHEDULE (S_NO,STIME,ETIME,FLIGHT_NO) values (2992,to_date('22/01/21','RR/MM/DD'),60,'LJ391');
Insert into SCHEDULE (S_NO,STIME,ETIME,FLIGHT_NO) values (2993,to_date('22/01/22','RR/MM/DD'),60,'LJ391');
Insert into SCHEDULE (S_NO,STIME,ETIME,FLIGHT_NO) values (2994,to_date('22/01/23','RR/MM/DD'),60,'LJ391');
Insert into SCHEDULE (S_NO,STIME,ETIME,FLIGHT_NO) values (2995,to_date('22/01/24','RR/MM/DD'),60,'LJ391');
Insert into SCHEDULE (S_NO,STIME,ETIME,FLIGHT_NO) values (2996,to_date('22/01/25','RR/MM/DD'),60,'LJ391');
Insert into SCHEDULE (S_NO,STIME,ETIME,FLIGHT_NO) values (2997,to_date('22/01/26','RR/MM/DD'),60,'LJ391');
Insert into SCHEDULE (S_NO,STIME,ETIME,FLIGHT_NO) values (2998,to_date('22/01/27','RR/MM/DD'),60,'LJ391');
Insert into SCHEDULE (S_NO,STIME,ETIME,FLIGHT_NO) values (2999,to_date('22/01/28','RR/MM/DD'),60,'LJ391');
Insert into SCHEDULE (S_NO,STIME,ETIME,FLIGHT_NO) values (3000,to_date('22/01/29','RR/MM/DD'),60,'LJ391');
Insert into SCHEDULE (S_NO,STIME,ETIME,FLIGHT_NO) values (3001,to_date('22/01/30','RR/MM/DD'),60,'LJ391');
Insert into SCHEDULE (S_NO,STIME,ETIME,FLIGHT_NO) values (3002,to_date('22/01/01','RR/MM/DD'),60,'LJ393');
Insert into SCHEDULE (S_NO,STIME,ETIME,FLIGHT_NO) values (3003,to_date('22/01/02','RR/MM/DD'),60,'LJ393');
Insert into SCHEDULE (S_NO,STIME,ETIME,FLIGHT_NO) values (3004,to_date('22/01/07','RR/MM/DD'),60,'LJ393');
Insert into SCHEDULE (S_NO,STIME,ETIME,FLIGHT_NO) values (3005,to_date('22/01/08','RR/MM/DD'),60,'LJ393');
Insert into SCHEDULE (S_NO,STIME,ETIME,FLIGHT_NO) values (3006,to_date('22/01/09','RR/MM/DD'),60,'LJ393');
Insert into SCHEDULE (S_NO,STIME,ETIME,FLIGHT_NO) values (3007,to_date('22/01/14','RR/MM/DD'),60,'LJ393');
Insert into SCHEDULE (S_NO,STIME,ETIME,FLIGHT_NO) values (3008,to_date('22/01/15','RR/MM/DD'),60,'LJ393');
Insert into SCHEDULE (S_NO,STIME,ETIME,FLIGHT_NO) values (3009,to_date('22/01/16','RR/MM/DD'),60,'LJ393');
Insert into SCHEDULE (S_NO,STIME,ETIME,FLIGHT_NO) values (3010,to_date('22/01/21','RR/MM/DD'),60,'LJ393');
Insert into SCHEDULE (S_NO,STIME,ETIME,FLIGHT_NO) values (3011,to_date('22/01/22','RR/MM/DD'),60,'LJ393');
Insert into SCHEDULE (S_NO,STIME,ETIME,FLIGHT_NO) values (3012,to_date('22/01/23','RR/MM/DD'),60,'LJ393');
Insert into SCHEDULE (S_NO,STIME,ETIME,FLIGHT_NO) values (3013,to_date('22/01/24','RR/MM/DD'),60,'LJ393');
Insert into SCHEDULE (S_NO,STIME,ETIME,FLIGHT_NO) values (3014,to_date('22/01/25','RR/MM/DD'),60,'LJ393');
Insert into SCHEDULE (S_NO,STIME,ETIME,FLIGHT_NO) values (3015,to_date('22/01/26','RR/MM/DD'),60,'LJ393');
Insert into SCHEDULE (S_NO,STIME,ETIME,FLIGHT_NO) values (3016,to_date('22/01/27','RR/MM/DD'),60,'LJ393');
Insert into SCHEDULE (S_NO,STIME,ETIME,FLIGHT_NO) values (3017,to_date('22/01/28','RR/MM/DD'),60,'LJ393');
Insert into SCHEDULE (S_NO,STIME,ETIME,FLIGHT_NO) values (3018,to_date('22/01/29','RR/MM/DD'),60,'LJ393');
Insert into SCHEDULE (S_NO,STIME,ETIME,FLIGHT_NO) values (3019,to_date('22/01/30','RR/MM/DD'),60,'LJ393');
Insert into SCHEDULE (S_NO,STIME,ETIME,FLIGHT_NO) values (3020,to_date('22/01/01','RR/MM/DD'),60,'LJ395');
Insert into SCHEDULE (S_NO,STIME,ETIME,FLIGHT_NO) values (3021,to_date('22/01/02','RR/MM/DD'),60,'LJ395');
Insert into SCHEDULE (S_NO,STIME,ETIME,FLIGHT_NO) values (3022,to_date('22/01/03','RR/MM/DD'),60,'LJ395');
Insert into SCHEDULE (S_NO,STIME,ETIME,FLIGHT_NO) values (3023,to_date('22/01/04','RR/MM/DD'),60,'LJ395');
Insert into SCHEDULE (S_NO,STIME,ETIME,FLIGHT_NO) values (3024,to_date('22/01/05','RR/MM/DD'),60,'LJ395');
Insert into SCHEDULE (S_NO,STIME,ETIME,FLIGHT_NO) values (3025,to_date('22/01/06','RR/MM/DD'),60,'LJ395');
Insert into SCHEDULE (S_NO,STIME,ETIME,FLIGHT_NO) values (3026,to_date('22/01/07','RR/MM/DD'),60,'LJ395');
Insert into SCHEDULE (S_NO,STIME,ETIME,FLIGHT_NO) values (3027,to_date('22/01/09','RR/MM/DD'),60,'LJ395');
Insert into SCHEDULE (S_NO,STIME,ETIME,FLIGHT_NO) values (3028,to_date('22/01/10','RR/MM/DD'),60,'LJ395');
Insert into SCHEDULE (S_NO,STIME,ETIME,FLIGHT_NO) values (3029,to_date('22/01/11','RR/MM/DD'),60,'LJ395');
Insert into SCHEDULE (S_NO,STIME,ETIME,FLIGHT_NO) values (3030,to_date('22/01/12','RR/MM/DD'),60,'LJ395');
Insert into SCHEDULE (S_NO,STIME,ETIME,FLIGHT_NO) values (3031,to_date('22/01/13','RR/MM/DD'),60,'LJ395');
Insert into SCHEDULE (S_NO,STIME,ETIME,FLIGHT_NO) values (3032,to_date('22/01/14','RR/MM/DD'),60,'LJ395');
Insert into SCHEDULE (S_NO,STIME,ETIME,FLIGHT_NO) values (3033,to_date('22/01/16','RR/MM/DD'),60,'LJ395');
Insert into SCHEDULE (S_NO,STIME,ETIME,FLIGHT_NO) values (3034,to_date('22/01/17','RR/MM/DD'),60,'LJ395');
Insert into SCHEDULE (S_NO,STIME,ETIME,FLIGHT_NO) values (3035,to_date('22/01/18','RR/MM/DD'),60,'LJ395');
Insert into SCHEDULE (S_NO,STIME,ETIME,FLIGHT_NO) values (3036,to_date('22/01/19','RR/MM/DD'),60,'LJ395');
Insert into SCHEDULE (S_NO,STIME,ETIME,FLIGHT_NO) values (3037,to_date('22/01/20','RR/MM/DD'),60,'LJ395');
Insert into SCHEDULE (S_NO,STIME,ETIME,FLIGHT_NO) values (3038,to_date('22/01/21','RR/MM/DD'),60,'LJ395');
Insert into SCHEDULE (S_NO,STIME,ETIME,FLIGHT_NO) values (3039,to_date('22/01/23','RR/MM/DD'),60,'LJ395');
Insert into SCHEDULE (S_NO,STIME,ETIME,FLIGHT_NO) values (3040,to_date('22/01/24','RR/MM/DD'),60,'LJ395');
Insert into SCHEDULE (S_NO,STIME,ETIME,FLIGHT_NO) values (3041,to_date('22/01/25','RR/MM/DD'),60,'LJ395');
Insert into SCHEDULE (S_NO,STIME,ETIME,FLIGHT_NO) values (3042,to_date('22/01/26','RR/MM/DD'),60,'LJ395');
Insert into SCHEDULE (S_NO,STIME,ETIME,FLIGHT_NO) values (3043,to_date('22/01/27','RR/MM/DD'),60,'LJ395');
Insert into SCHEDULE (S_NO,STIME,ETIME,FLIGHT_NO) values (3044,to_date('22/01/28','RR/MM/DD'),60,'LJ395');
Insert into SCHEDULE (S_NO,STIME,ETIME,FLIGHT_NO) values (3045,to_date('22/01/29','RR/MM/DD'),60,'LJ395');
Insert into SCHEDULE (S_NO,STIME,ETIME,FLIGHT_NO) values (3046,to_date('22/01/30','RR/MM/DD'),60,'LJ395');
Insert into SCHEDULE (S_NO,STIME,ETIME,FLIGHT_NO) values (3047,to_date('22/01/01','RR/MM/DD'),60,'LJ390');
Insert into SCHEDULE (S_NO,STIME,ETIME,FLIGHT_NO) values (3048,to_date('22/01/02','RR/MM/DD'),60,'LJ390');
Insert into SCHEDULE (S_NO,STIME,ETIME,FLIGHT_NO) values (3049,to_date('22/01/03','RR/MM/DD'),60,'LJ390');
Insert into SCHEDULE (S_NO,STIME,ETIME,FLIGHT_NO) values (3050,to_date('22/01/04','RR/MM/DD'),60,'LJ390');
Insert into SCHEDULE (S_NO,STIME,ETIME,FLIGHT_NO) values (3051,to_date('22/01/05','RR/MM/DD'),60,'LJ390');
Insert into SCHEDULE (S_NO,STIME,ETIME,FLIGHT_NO) values (3052,to_date('22/01/06','RR/MM/DD'),60,'LJ390');
Insert into SCHEDULE (S_NO,STIME,ETIME,FLIGHT_NO) values (3053,to_date('22/01/07','RR/MM/DD'),60,'LJ390');
Insert into SCHEDULE (S_NO,STIME,ETIME,FLIGHT_NO) values (3054,to_date('22/01/08','RR/MM/DD'),60,'LJ390');
Insert into SCHEDULE (S_NO,STIME,ETIME,FLIGHT_NO) values (3055,to_date('22/01/09','RR/MM/DD'),60,'LJ390');
Insert into SCHEDULE (S_NO,STIME,ETIME,FLIGHT_NO) values (3056,to_date('22/01/10','RR/MM/DD'),60,'LJ390');
Insert into SCHEDULE (S_NO,STIME,ETIME,FLIGHT_NO) values (3057,to_date('22/01/11','RR/MM/DD'),60,'LJ390');
Insert into SCHEDULE (S_NO,STIME,ETIME,FLIGHT_NO) values (3058,to_date('22/01/12','RR/MM/DD'),60,'LJ390');
Insert into SCHEDULE (S_NO,STIME,ETIME,FLIGHT_NO) values (3059,to_date('22/01/13','RR/MM/DD'),60,'LJ390');
Insert into SCHEDULE (S_NO,STIME,ETIME,FLIGHT_NO) values (3060,to_date('22/01/14','RR/MM/DD'),60,'LJ390');
Insert into SCHEDULE (S_NO,STIME,ETIME,FLIGHT_NO) values (3061,to_date('22/01/15','RR/MM/DD'),60,'LJ390');
Insert into SCHEDULE (S_NO,STIME,ETIME,FLIGHT_NO) values (3062,to_date('22/01/16','RR/MM/DD'),60,'LJ390');
Insert into SCHEDULE (S_NO,STIME,ETIME,FLIGHT_NO) values (3063,to_date('22/01/17','RR/MM/DD'),60,'LJ390');
Insert into SCHEDULE (S_NO,STIME,ETIME,FLIGHT_NO) values (3064,to_date('22/01/18','RR/MM/DD'),60,'LJ390');
Insert into SCHEDULE (S_NO,STIME,ETIME,FLIGHT_NO) values (3065,to_date('22/01/19','RR/MM/DD'),60,'LJ390');
Insert into SCHEDULE (S_NO,STIME,ETIME,FLIGHT_NO) values (3066,to_date('22/01/20','RR/MM/DD'),60,'LJ390');
Insert into SCHEDULE (S_NO,STIME,ETIME,FLIGHT_NO) values (3067,to_date('22/01/21','RR/MM/DD'),60,'LJ390');
Insert into SCHEDULE (S_NO,STIME,ETIME,FLIGHT_NO) values (3068,to_date('22/01/22','RR/MM/DD'),60,'LJ390');
Insert into SCHEDULE (S_NO,STIME,ETIME,FLIGHT_NO) values (3069,to_date('22/01/23','RR/MM/DD'),60,'LJ390');
Insert into SCHEDULE (S_NO,STIME,ETIME,FLIGHT_NO) values (3070,to_date('22/01/24','RR/MM/DD'),60,'LJ390');
Insert into SCHEDULE (S_NO,STIME,ETIME,FLIGHT_NO) values (3071,to_date('22/01/25','RR/MM/DD'),60,'LJ390');
Insert into SCHEDULE (S_NO,STIME,ETIME,FLIGHT_NO) values (3072,to_date('22/01/26','RR/MM/DD'),60,'LJ390');
Insert into SCHEDULE (S_NO,STIME,ETIME,FLIGHT_NO) values (3073,to_date('22/01/27','RR/MM/DD'),60,'LJ390');
Insert into SCHEDULE (S_NO,STIME,ETIME,FLIGHT_NO) values (3074,to_date('22/01/28','RR/MM/DD'),60,'LJ390');
Insert into SCHEDULE (S_NO,STIME,ETIME,FLIGHT_NO) values (3103,to_date('22/01/21','RR/MM/DD'),60,'LJ394');
Insert into SCHEDULE (S_NO,STIME,ETIME,FLIGHT_NO) values (3104,to_date('22/01/22','RR/MM/DD'),60,'LJ394');
Insert into SCHEDULE (S_NO,STIME,ETIME,FLIGHT_NO) values (3105,to_date('22/01/23','RR/MM/DD'),60,'LJ394');
Insert into SCHEDULE (S_NO,STIME,ETIME,FLIGHT_NO) values (3106,to_date('22/01/24','RR/MM/DD'),60,'LJ394');
Insert into SCHEDULE (S_NO,STIME,ETIME,FLIGHT_NO) values (3107,to_date('22/01/25','RR/MM/DD'),60,'LJ394');
Insert into SCHEDULE (S_NO,STIME,ETIME,FLIGHT_NO) values (3108,to_date('22/01/26','RR/MM/DD'),60,'LJ394');
Insert into SCHEDULE (S_NO,STIME,ETIME,FLIGHT_NO) values (3109,to_date('22/01/27','RR/MM/DD'),60,'LJ394');
Insert into SCHEDULE (S_NO,STIME,ETIME,FLIGHT_NO) values (3110,to_date('22/01/28','RR/MM/DD'),60,'LJ394');
Insert into SCHEDULE (S_NO,STIME,ETIME,FLIGHT_NO) values (3111,to_date('22/01/29','RR/MM/DD'),60,'LJ394');
Insert into SCHEDULE (S_NO,STIME,ETIME,FLIGHT_NO) values (3112,to_date('22/01/30','RR/MM/DD'),60,'LJ394');
Insert into SCHEDULE (S_NO,STIME,ETIME,FLIGHT_NO) values (3113,to_date('22/01/01','RR/MM/DD'),60,'LJ396');
Insert into SCHEDULE (S_NO,STIME,ETIME,FLIGHT_NO) values (3114,to_date('22/01/02','RR/MM/DD'),60,'LJ396');
Insert into SCHEDULE (S_NO,STIME,ETIME,FLIGHT_NO) values (3115,to_date('22/01/03','RR/MM/DD'),60,'LJ396');
Insert into SCHEDULE (S_NO,STIME,ETIME,FLIGHT_NO) values (3116,to_date('22/01/04','RR/MM/DD'),60,'LJ396');
Insert into SCHEDULE (S_NO,STIME,ETIME,FLIGHT_NO) values (3117,to_date('22/01/05','RR/MM/DD'),60,'LJ396');
Insert into SCHEDULE (S_NO,STIME,ETIME,FLIGHT_NO) values (3118,to_date('22/01/06','RR/MM/DD'),60,'LJ396');
Insert into SCHEDULE (S_NO,STIME,ETIME,FLIGHT_NO) values (3119,to_date('22/01/07','RR/MM/DD'),60,'LJ396');
Insert into SCHEDULE (S_NO,STIME,ETIME,FLIGHT_NO) values (3120,to_date('22/01/09','RR/MM/DD'),60,'LJ396');
Insert into SCHEDULE (S_NO,STIME,ETIME,FLIGHT_NO) values (3121,to_date('22/01/10','RR/MM/DD'),60,'LJ396');
Insert into SCHEDULE (S_NO,STIME,ETIME,FLIGHT_NO) values (3122,to_date('22/01/11','RR/MM/DD'),60,'LJ396');
Insert into SCHEDULE (S_NO,STIME,ETIME,FLIGHT_NO) values (3123,to_date('22/01/12','RR/MM/DD'),60,'LJ396');
Insert into SCHEDULE (S_NO,STIME,ETIME,FLIGHT_NO) values (3124,to_date('22/01/13','RR/MM/DD'),60,'LJ396');
Insert into SCHEDULE (S_NO,STIME,ETIME,FLIGHT_NO) values (3125,to_date('22/01/14','RR/MM/DD'),60,'LJ396');
Insert into SCHEDULE (S_NO,STIME,ETIME,FLIGHT_NO) values (3126,to_date('22/01/16','RR/MM/DD'),60,'LJ396');
Insert into SCHEDULE (S_NO,STIME,ETIME,FLIGHT_NO) values (3127,to_date('22/01/17','RR/MM/DD'),60,'LJ396');
Insert into SCHEDULE (S_NO,STIME,ETIME,FLIGHT_NO) values (3128,to_date('22/01/18','RR/MM/DD'),60,'LJ396');
Insert into SCHEDULE (S_NO,STIME,ETIME,FLIGHT_NO) values (3129,to_date('22/01/19','RR/MM/DD'),60,'LJ396');
Insert into SCHEDULE (S_NO,STIME,ETIME,FLIGHT_NO) values (3130,to_date('22/01/20','RR/MM/DD'),60,'LJ396');
Insert into SCHEDULE (S_NO,STIME,ETIME,FLIGHT_NO) values (3131,to_date('22/01/21','RR/MM/DD'),60,'LJ396');
Insert into SCHEDULE (S_NO,STIME,ETIME,FLIGHT_NO) values (3132,to_date('22/01/23','RR/MM/DD'),60,'LJ396');
Insert into SCHEDULE (S_NO,STIME,ETIME,FLIGHT_NO) values (3133,to_date('22/01/24','RR/MM/DD'),60,'LJ396');
Insert into SCHEDULE (S_NO,STIME,ETIME,FLIGHT_NO) values (3134,to_date('22/01/25','RR/MM/DD'),60,'LJ396');
Insert into SCHEDULE (S_NO,STIME,ETIME,FLIGHT_NO) values (3135,to_date('22/01/26','RR/MM/DD'),60,'LJ396');
Insert into SCHEDULE (S_NO,STIME,ETIME,FLIGHT_NO) values (3136,to_date('22/01/27','RR/MM/DD'),60,'LJ396');
Insert into SCHEDULE (S_NO,STIME,ETIME,FLIGHT_NO) values (3137,to_date('22/01/28','RR/MM/DD'),60,'LJ396');
Insert into SCHEDULE (S_NO,STIME,ETIME,FLIGHT_NO) values (3138,to_date('22/01/29','RR/MM/DD'),60,'LJ396');
Insert into SCHEDULE (S_NO,STIME,ETIME,FLIGHT_NO) values (3139,to_date('22/01/30','RR/MM/DD'),60,'LJ396');
Insert into SCHEDULE (S_NO,STIME,ETIME,FLIGHT_NO) values (3140,to_date('22/01/01','RR/MM/DD'),60,'LJ397');
Insert into SCHEDULE (S_NO,STIME,ETIME,FLIGHT_NO) values (3141,to_date('22/01/02','RR/MM/DD'),60,'LJ397');
Insert into SCHEDULE (S_NO,STIME,ETIME,FLIGHT_NO) values (3142,to_date('22/01/03','RR/MM/DD'),60,'LJ397');
Insert into SCHEDULE (S_NO,STIME,ETIME,FLIGHT_NO) values (3143,to_date('22/01/04','RR/MM/DD'),60,'LJ397');
Insert into SCHEDULE (S_NO,STIME,ETIME,FLIGHT_NO) values (3144,to_date('22/01/05','RR/MM/DD'),60,'LJ397');
Insert into SCHEDULE (S_NO,STIME,ETIME,FLIGHT_NO) values (3145,to_date('22/01/06','RR/MM/DD'),60,'LJ397');
Insert into SCHEDULE (S_NO,STIME,ETIME,FLIGHT_NO) values (3146,to_date('22/01/07','RR/MM/DD'),60,'LJ397');
Insert into SCHEDULE (S_NO,STIME,ETIME,FLIGHT_NO) values (3147,to_date('22/01/08','RR/MM/DD'),60,'LJ397');
Insert into SCHEDULE (S_NO,STIME,ETIME,FLIGHT_NO) values (3148,to_date('22/01/09','RR/MM/DD'),60,'LJ397');
Insert into SCHEDULE (S_NO,STIME,ETIME,FLIGHT_NO) values (3149,to_date('22/01/10','RR/MM/DD'),60,'LJ397');
Insert into SCHEDULE (S_NO,STIME,ETIME,FLIGHT_NO) values (3150,to_date('22/01/11','RR/MM/DD'),60,'LJ397');
Insert into SCHEDULE (S_NO,STIME,ETIME,FLIGHT_NO) values (3151,to_date('22/01/12','RR/MM/DD'),60,'LJ397');
Insert into SCHEDULE (S_NO,STIME,ETIME,FLIGHT_NO) values (3152,to_date('22/01/13','RR/MM/DD'),60,'LJ397');
Insert into SCHEDULE (S_NO,STIME,ETIME,FLIGHT_NO) values (3153,to_date('22/01/14','RR/MM/DD'),60,'LJ397');
Insert into SCHEDULE (S_NO,STIME,ETIME,FLIGHT_NO) values (3154,to_date('22/01/15','RR/MM/DD'),60,'LJ397');
Insert into SCHEDULE (S_NO,STIME,ETIME,FLIGHT_NO) values (3155,to_date('22/01/16','RR/MM/DD'),60,'LJ397');
Insert into SCHEDULE (S_NO,STIME,ETIME,FLIGHT_NO) values (3156,to_date('22/01/17','RR/MM/DD'),60,'LJ397');
Insert into SCHEDULE (S_NO,STIME,ETIME,FLIGHT_NO) values (3157,to_date('22/01/18','RR/MM/DD'),60,'LJ397');
Insert into SCHEDULE (S_NO,STIME,ETIME,FLIGHT_NO) values (3158,to_date('22/01/19','RR/MM/DD'),60,'LJ397');
Insert into SCHEDULE (S_NO,STIME,ETIME,FLIGHT_NO) values (3159,to_date('22/01/20','RR/MM/DD'),60,'LJ397');
Insert into SCHEDULE (S_NO,STIME,ETIME,FLIGHT_NO) values (3160,to_date('22/01/21','RR/MM/DD'),60,'LJ397');
Insert into SCHEDULE (S_NO,STIME,ETIME,FLIGHT_NO) values (3161,to_date('22/01/22','RR/MM/DD'),60,'LJ397');
Insert into SCHEDULE (S_NO,STIME,ETIME,FLIGHT_NO) values (3162,to_date('22/01/23','RR/MM/DD'),60,'LJ397');
Insert into SCHEDULE (S_NO,STIME,ETIME,FLIGHT_NO) values (3163,to_date('22/01/24','RR/MM/DD'),60,'LJ397');
Insert into SCHEDULE (S_NO,STIME,ETIME,FLIGHT_NO) values (3164,to_date('22/01/25','RR/MM/DD'),60,'LJ397');
Insert into SCHEDULE (S_NO,STIME,ETIME,FLIGHT_NO) values (3165,to_date('22/01/26','RR/MM/DD'),60,'LJ397');
Insert into SCHEDULE (S_NO,STIME,ETIME,FLIGHT_NO) values (3166,to_date('22/01/27','RR/MM/DD'),60,'LJ397');
Insert into SCHEDULE (S_NO,STIME,ETIME,FLIGHT_NO) values (3167,to_date('22/01/28','RR/MM/DD'),60,'LJ397');
Insert into SCHEDULE (S_NO,STIME,ETIME,FLIGHT_NO) values (3168,to_date('22/01/29','RR/MM/DD'),60,'LJ397');
Insert into SCHEDULE (S_NO,STIME,ETIME,FLIGHT_NO) values (3169,to_date('22/01/30','RR/MM/DD'),60,'LJ397');
Insert into SCHEDULE (S_NO,STIME,ETIME,FLIGHT_NO) values (3170,to_date('22/01/01','RR/MM/DD'),60,'LJ398');
Insert into SCHEDULE (S_NO,STIME,ETIME,FLIGHT_NO) values (3171,to_date('22/01/02','RR/MM/DD'),60,'LJ398');
Insert into SCHEDULE (S_NO,STIME,ETIME,FLIGHT_NO) values (3172,to_date('22/01/03','RR/MM/DD'),60,'LJ398');
Insert into SCHEDULE (S_NO,STIME,ETIME,FLIGHT_NO) values (3173,to_date('22/01/04','RR/MM/DD'),60,'LJ398');
Insert into SCHEDULE (S_NO,STIME,ETIME,FLIGHT_NO) values (3174,to_date('22/01/05','RR/MM/DD'),60,'LJ398');
Insert into SCHEDULE (S_NO,STIME,ETIME,FLIGHT_NO) values (3175,to_date('22/01/06','RR/MM/DD'),60,'LJ398');
Insert into SCHEDULE (S_NO,STIME,ETIME,FLIGHT_NO) values (3176,to_date('22/01/07','RR/MM/DD'),60,'LJ398');
Insert into SCHEDULE (S_NO,STIME,ETIME,FLIGHT_NO) values (3177,to_date('22/01/08','RR/MM/DD'),60,'LJ398');
Insert into SCHEDULE (S_NO,STIME,ETIME,FLIGHT_NO) values (3178,to_date('22/01/09','RR/MM/DD'),60,'LJ398');
Insert into SCHEDULE (S_NO,STIME,ETIME,FLIGHT_NO) values (3179,to_date('22/01/10','RR/MM/DD'),60,'LJ398');
Insert into SCHEDULE (S_NO,STIME,ETIME,FLIGHT_NO) values (3180,to_date('22/01/11','RR/MM/DD'),60,'LJ398');
Insert into SCHEDULE (S_NO,STIME,ETIME,FLIGHT_NO) values (3181,to_date('22/01/12','RR/MM/DD'),60,'LJ398');
Insert into SCHEDULE (S_NO,STIME,ETIME,FLIGHT_NO) values (3182,to_date('22/01/13','RR/MM/DD'),60,'LJ398');
Insert into SCHEDULE (S_NO,STIME,ETIME,FLIGHT_NO) values (3183,to_date('22/01/14','RR/MM/DD'),60,'LJ398');
Insert into SCHEDULE (S_NO,STIME,ETIME,FLIGHT_NO) values (3184,to_date('22/01/15','RR/MM/DD'),60,'LJ398');
Insert into SCHEDULE (S_NO,STIME,ETIME,FLIGHT_NO) values (3185,to_date('22/01/16','RR/MM/DD'),60,'LJ398');
Insert into SCHEDULE (S_NO,STIME,ETIME,FLIGHT_NO) values (3186,to_date('22/01/17','RR/MM/DD'),60,'LJ398');
Insert into SCHEDULE (S_NO,STIME,ETIME,FLIGHT_NO) values (3187,to_date('22/01/18','RR/MM/DD'),60,'LJ398');
Insert into SCHEDULE (S_NO,STIME,ETIME,FLIGHT_NO) values (3188,to_date('22/01/19','RR/MM/DD'),60,'LJ398');
Insert into SCHEDULE (S_NO,STIME,ETIME,FLIGHT_NO) values (3189,to_date('22/01/20','RR/MM/DD'),60,'LJ398');
Insert into SCHEDULE (S_NO,STIME,ETIME,FLIGHT_NO) values (3190,to_date('22/01/21','RR/MM/DD'),60,'LJ398');
Insert into SCHEDULE (S_NO,STIME,ETIME,FLIGHT_NO) values (3191,to_date('22/01/22','RR/MM/DD'),60,'LJ398');
Insert into SCHEDULE (S_NO,STIME,ETIME,FLIGHT_NO) values (3192,to_date('22/01/23','RR/MM/DD'),60,'LJ398');
Insert into SCHEDULE (S_NO,STIME,ETIME,FLIGHT_NO) values (3193,to_date('22/01/24','RR/MM/DD'),60,'LJ398');
Insert into SCHEDULE (S_NO,STIME,ETIME,FLIGHT_NO) values (3075,to_date('22/01/29','RR/MM/DD'),60,'LJ390');
Insert into SCHEDULE (S_NO,STIME,ETIME,FLIGHT_NO) values (3076,to_date('22/01/30','RR/MM/DD'),60,'LJ390');
Insert into SCHEDULE (S_NO,STIME,ETIME,FLIGHT_NO) values (3077,to_date('22/01/01','RR/MM/DD'),60,'LJ392');
Insert into SCHEDULE (S_NO,STIME,ETIME,FLIGHT_NO) values (3078,to_date('22/01/02','RR/MM/DD'),60,'LJ392');
Insert into SCHEDULE (S_NO,STIME,ETIME,FLIGHT_NO) values (3079,to_date('22/01/07','RR/MM/DD'),60,'LJ392');
Insert into SCHEDULE (S_NO,STIME,ETIME,FLIGHT_NO) values (3080,to_date('22/01/08','RR/MM/DD'),60,'LJ392');
Insert into SCHEDULE (S_NO,STIME,ETIME,FLIGHT_NO) values (3081,to_date('22/01/09','RR/MM/DD'),60,'LJ392');
Insert into SCHEDULE (S_NO,STIME,ETIME,FLIGHT_NO) values (3082,to_date('22/01/14','RR/MM/DD'),60,'LJ392');
Insert into SCHEDULE (S_NO,STIME,ETIME,FLIGHT_NO) values (3083,to_date('22/01/15','RR/MM/DD'),60,'LJ392');
Insert into SCHEDULE (S_NO,STIME,ETIME,FLIGHT_NO) values (3084,to_date('22/01/16','RR/MM/DD'),60,'LJ392');
Insert into SCHEDULE (S_NO,STIME,ETIME,FLIGHT_NO) values (3085,to_date('22/01/21','RR/MM/DD'),60,'LJ392');
Insert into SCHEDULE (S_NO,STIME,ETIME,FLIGHT_NO) values (3086,to_date('22/01/22','RR/MM/DD'),60,'LJ392');
Insert into SCHEDULE (S_NO,STIME,ETIME,FLIGHT_NO) values (3087,to_date('22/01/23','RR/MM/DD'),60,'LJ392');
Insert into SCHEDULE (S_NO,STIME,ETIME,FLIGHT_NO) values (3088,to_date('22/01/24','RR/MM/DD'),60,'LJ392');
Insert into SCHEDULE (S_NO,STIME,ETIME,FLIGHT_NO) values (3089,to_date('22/01/25','RR/MM/DD'),60,'LJ392');
Insert into SCHEDULE (S_NO,STIME,ETIME,FLIGHT_NO) values (3090,to_date('22/01/26','RR/MM/DD'),60,'LJ392');
Insert into SCHEDULE (S_NO,STIME,ETIME,FLIGHT_NO) values (3091,to_date('22/01/27','RR/MM/DD'),60,'LJ392');
Insert into SCHEDULE (S_NO,STIME,ETIME,FLIGHT_NO) values (3092,to_date('22/01/28','RR/MM/DD'),60,'LJ392');
Insert into SCHEDULE (S_NO,STIME,ETIME,FLIGHT_NO) values (3093,to_date('22/01/29','RR/MM/DD'),60,'LJ392');
Insert into SCHEDULE (S_NO,STIME,ETIME,FLIGHT_NO) values (3094,to_date('22/01/30','RR/MM/DD'),60,'LJ392');
Insert into SCHEDULE (S_NO,STIME,ETIME,FLIGHT_NO) values (3095,to_date('22/01/01','RR/MM/DD'),60,'LJ394');
Insert into SCHEDULE (S_NO,STIME,ETIME,FLIGHT_NO) values (3096,to_date('22/01/02','RR/MM/DD'),60,'LJ394');
Insert into SCHEDULE (S_NO,STIME,ETIME,FLIGHT_NO) values (3097,to_date('22/01/07','RR/MM/DD'),60,'LJ394');
Insert into SCHEDULE (S_NO,STIME,ETIME,FLIGHT_NO) values (3098,to_date('22/01/08','RR/MM/DD'),60,'LJ394');
Insert into SCHEDULE (S_NO,STIME,ETIME,FLIGHT_NO) values (3099,to_date('22/01/09','RR/MM/DD'),60,'LJ394');
Insert into SCHEDULE (S_NO,STIME,ETIME,FLIGHT_NO) values (3100,to_date('22/01/14','RR/MM/DD'),60,'LJ394');
Insert into SCHEDULE (S_NO,STIME,ETIME,FLIGHT_NO) values (3101,to_date('22/01/15','RR/MM/DD'),60,'LJ394');
Insert into SCHEDULE (S_NO,STIME,ETIME,FLIGHT_NO) values (3102,to_date('22/01/16','RR/MM/DD'),60,'LJ394');
Insert into SCHEDULE (S_NO,STIME,ETIME,FLIGHT_NO) values (3194,to_date('22/01/25','RR/MM/DD'),60,'LJ398');
Insert into SCHEDULE (S_NO,STIME,ETIME,FLIGHT_NO) values (3195,to_date('22/01/26','RR/MM/DD'),60,'LJ398');
Insert into SCHEDULE (S_NO,STIME,ETIME,FLIGHT_NO) values (3196,to_date('22/01/27','RR/MM/DD'),60,'LJ398');
Insert into SCHEDULE (S_NO,STIME,ETIME,FLIGHT_NO) values (3197,to_date('22/01/28','RR/MM/DD'),60,'LJ398');
Insert into SCHEDULE (S_NO,STIME,ETIME,FLIGHT_NO) values (3198,to_date('22/01/29','RR/MM/DD'),60,'LJ398');
Insert into SCHEDULE (S_NO,STIME,ETIME,FLIGHT_NO) values (3199,to_date('22/01/30','RR/MM/DD'),60,'LJ398');
REM INSERTING into SEAT
SET DEFINE OFF;
Insert into SEAT (S_NO,MODEL,S_COLUMN,S_ROW,GRADE) values (1,'B737-800','A',28,'비상구열');
Insert into SEAT (S_NO,MODEL,S_COLUMN,S_ROW,GRADE) values (2,'B737-800','B',28,'비상구열');
Insert into SEAT (S_NO,MODEL,S_COLUMN,S_ROW,GRADE) values (3,'B737-800','C',28,'비상구열');
Insert into SEAT (S_NO,MODEL,S_COLUMN,S_ROW,GRADE) values (4,'B737-800','A',29,'지니패스트');
Insert into SEAT (S_NO,MODEL,S_COLUMN,S_ROW,GRADE) values (5,'B737-800','B',29,'지니패스트');
Insert into SEAT (S_NO,MODEL,S_COLUMN,S_ROW,GRADE) values (6,'B737-800','C',29,'지니패스트');
Insert into SEAT (S_NO,MODEL,S_COLUMN,S_ROW,GRADE) values (7,'B737-800','D',29,'지니스트레치');
Insert into SEAT (S_NO,MODEL,S_COLUMN,S_ROW,GRADE) values (8,'B737-800','E',29,'지니스트레치');
Insert into SEAT (S_NO,MODEL,S_COLUMN,S_ROW,GRADE) values (9,'B737-800','F',29,'지니스트레치');
Insert into SEAT (S_NO,MODEL,S_COLUMN,S_ROW,GRADE) values (10,'B737-800','A',30,'지니패스트');
Insert into SEAT (S_NO,MODEL,S_COLUMN,S_ROW,GRADE) values (11,'B737-800','B',30,'지니패스트');
Insert into SEAT (S_NO,MODEL,S_COLUMN,S_ROW,GRADE) values (12,'B737-800','C',30,'지니패스트');
Insert into SEAT (S_NO,MODEL,S_COLUMN,S_ROW,GRADE) values (13,'B737-800','D',30,'지니패스트');
Insert into SEAT (S_NO,MODEL,S_COLUMN,S_ROW,GRADE) values (14,'B737-800','E',30,'지니패스트');
Insert into SEAT (S_NO,MODEL,S_COLUMN,S_ROW,GRADE) values (15,'B737-800','F',30,'지니패스트');
Insert into SEAT (S_NO,MODEL,S_COLUMN,S_ROW,GRADE) values (16,'B737-800','A',31,'지니패스트');
Insert into SEAT (S_NO,MODEL,S_COLUMN,S_ROW,GRADE) values (17,'B737-800','B',31,'지니패스트');
Insert into SEAT (S_NO,MODEL,S_COLUMN,S_ROW,GRADE) values (18,'B737-800','C',31,'지니패스트');
Insert into SEAT (S_NO,MODEL,S_COLUMN,S_ROW,GRADE) values (19,'B737-800','D',31,'지니패스트');
Insert into SEAT (S_NO,MODEL,S_COLUMN,S_ROW,GRADE) values (20,'B737-800','E',31,'지니패스트');
Insert into SEAT (S_NO,MODEL,S_COLUMN,S_ROW,GRADE) values (21,'B737-800','F',31,'지니패스트');
Insert into SEAT (S_NO,MODEL,S_COLUMN,S_ROW,GRADE) values (22,'B737-800','A',32,'지니패스트');
Insert into SEAT (S_NO,MODEL,S_COLUMN,S_ROW,GRADE) values (23,'B737-800','B',32,'지니패스트');
Insert into SEAT (S_NO,MODEL,S_COLUMN,S_ROW,GRADE) values (24,'B737-800','C',32,'지니패스트');
Insert into SEAT (S_NO,MODEL,S_COLUMN,S_ROW,GRADE) values (25,'B737-800','D',32,'지니패스트');
Insert into SEAT (S_NO,MODEL,S_COLUMN,S_ROW,GRADE) values (26,'B737-800','E',32,'지니패스트');
Insert into SEAT (S_NO,MODEL,S_COLUMN,S_ROW,GRADE) values (27,'B737-800','F',32,'지니패스트');
Insert into SEAT (S_NO,MODEL,S_COLUMN,S_ROW,GRADE) values (28,'B737-800','A',33,'지니스탠다드A');
Insert into SEAT (S_NO,MODEL,S_COLUMN,S_ROW,GRADE) values (29,'B737-800','B',33,'지니스탠다드A');
Insert into SEAT (S_NO,MODEL,S_COLUMN,S_ROW,GRADE) values (30,'B737-800','C',33,'지니스탠다드A');
Insert into SEAT (S_NO,MODEL,S_COLUMN,S_ROW,GRADE) values (31,'B737-800','D',33,'지니스탠다드A');
Insert into SEAT (S_NO,MODEL,S_COLUMN,S_ROW,GRADE) values (32,'B737-800','E',33,'지니스탠다드A');
Insert into SEAT (S_NO,MODEL,S_COLUMN,S_ROW,GRADE) values (33,'B737-800','F',33,'지니스탠다드A');
Insert into SEAT (S_NO,MODEL,S_COLUMN,S_ROW,GRADE) values (34,'B737-800','A',34,'지니스탠다드A');
Insert into SEAT (S_NO,MODEL,S_COLUMN,S_ROW,GRADE) values (35,'B737-800','B',34,'지니스탠다드A');
Insert into SEAT (S_NO,MODEL,S_COLUMN,S_ROW,GRADE) values (36,'B737-800','C',34,'지니스탠다드A');
Insert into SEAT (S_NO,MODEL,S_COLUMN,S_ROW,GRADE) values (37,'B737-800','D',34,'지니스탠다드A');
Insert into SEAT (S_NO,MODEL,S_COLUMN,S_ROW,GRADE) values (38,'B737-800','E',34,'지니스탠다드A');
Insert into SEAT (S_NO,MODEL,S_COLUMN,S_ROW,GRADE) values (39,'B737-800','F',34,'지니스탠다드A');
Insert into SEAT (S_NO,MODEL,S_COLUMN,S_ROW,GRADE) values (40,'B737-800','A',35,'지니스탠다드A');
Insert into SEAT (S_NO,MODEL,S_COLUMN,S_ROW,GRADE) values (41,'B737-800','B',35,'지니스탠다드A');
Insert into SEAT (S_NO,MODEL,S_COLUMN,S_ROW,GRADE) values (42,'B737-800','C',35,'지니스탠다드A');
Insert into SEAT (S_NO,MODEL,S_COLUMN,S_ROW,GRADE) values (43,'B737-800','D',35,'지니스탠다드A');
Insert into SEAT (S_NO,MODEL,S_COLUMN,S_ROW,GRADE) values (44,'B737-800','E',35,'지니스탠다드A');
Insert into SEAT (S_NO,MODEL,S_COLUMN,S_ROW,GRADE) values (45,'B737-800','F',35,'지니스탠다드A');
Insert into SEAT (S_NO,MODEL,S_COLUMN,S_ROW,GRADE) values (46,'B737-800','A',36,'지니스탠다드A');
Insert into SEAT (S_NO,MODEL,S_COLUMN,S_ROW,GRADE) values (47,'B737-800','B',36,'지니스탠다드A');
Insert into SEAT (S_NO,MODEL,S_COLUMN,S_ROW,GRADE) values (48,'B737-800','C',36,'지니스탠다드A');
Insert into SEAT (S_NO,MODEL,S_COLUMN,S_ROW,GRADE) values (49,'B737-800','D',36,'지니스탠다드A');
Insert into SEAT (S_NO,MODEL,S_COLUMN,S_ROW,GRADE) values (50,'B737-800','E',36,'지니스탠다드A');
Insert into SEAT (S_NO,MODEL,S_COLUMN,S_ROW,GRADE) values (51,'B737-800','F',36,'지니스탠다드A');
Insert into SEAT (S_NO,MODEL,S_COLUMN,S_ROW,GRADE) values (52,'B737-800','A',37,'지니스탠다드A');
Insert into SEAT (S_NO,MODEL,S_COLUMN,S_ROW,GRADE) values (53,'B737-800','B',37,'지니스탠다드A');
Insert into SEAT (S_NO,MODEL,S_COLUMN,S_ROW,GRADE) values (54,'B737-800','C',37,'지니스탠다드A');
Insert into SEAT (S_NO,MODEL,S_COLUMN,S_ROW,GRADE) values (55,'B737-800','D',37,'지니스탠다드A');
Insert into SEAT (S_NO,MODEL,S_COLUMN,S_ROW,GRADE) values (56,'B737-800','E',37,'지니스탠다드A');
Insert into SEAT (S_NO,MODEL,S_COLUMN,S_ROW,GRADE) values (57,'B737-800','F',37,'지니스탠다드A');
Insert into SEAT (S_NO,MODEL,S_COLUMN,S_ROW,GRADE) values (58,'B737-800','A',38,'지니스탠다드A');
Insert into SEAT (S_NO,MODEL,S_COLUMN,S_ROW,GRADE) values (59,'B737-800','B',38,'지니스탠다드A');
Insert into SEAT (S_NO,MODEL,S_COLUMN,S_ROW,GRADE) values (60,'B737-800','C',38,'지니스탠다드A');
Insert into SEAT (S_NO,MODEL,S_COLUMN,S_ROW,GRADE) values (61,'B737-800','D',38,'지니스탠다드A');
Insert into SEAT (S_NO,MODEL,S_COLUMN,S_ROW,GRADE) values (62,'B737-800','E',38,'지니스탠다드A');
Insert into SEAT (S_NO,MODEL,S_COLUMN,S_ROW,GRADE) values (63,'B737-800','F',38,'지니스탠다드A');
Insert into SEAT (S_NO,MODEL,S_COLUMN,S_ROW,GRADE) values (64,'B737-800','A',39,'지니스탠다드B');
Insert into SEAT (S_NO,MODEL,S_COLUMN,S_ROW,GRADE) values (65,'B737-800','B',39,'지니스탠다드B');
Insert into SEAT (S_NO,MODEL,S_COLUMN,S_ROW,GRADE) values (66,'B737-800','C',39,'지니스탠다드B');
Insert into SEAT (S_NO,MODEL,S_COLUMN,S_ROW,GRADE) values (67,'B737-800','D',39,'지니스탠다드B');
Insert into SEAT (S_NO,MODEL,S_COLUMN,S_ROW,GRADE) values (68,'B737-800','E',39,'지니스탠다드B');
Insert into SEAT (S_NO,MODEL,S_COLUMN,S_ROW,GRADE) values (69,'B737-800','F',39,'지니스탠다드B');
Insert into SEAT (S_NO,MODEL,S_COLUMN,S_ROW,GRADE) values (70,'B737-800','A',40,'지니스탠다드B');
Insert into SEAT (S_NO,MODEL,S_COLUMN,S_ROW,GRADE) values (71,'B737-800','B',40,'지니스탠다드B');
Insert into SEAT (S_NO,MODEL,S_COLUMN,S_ROW,GRADE) values (72,'B737-800','C',40,'지니스탠다드B');
Insert into SEAT (S_NO,MODEL,S_COLUMN,S_ROW,GRADE) values (73,'B737-800','D',40,'지니스탠다드B');
Insert into SEAT (S_NO,MODEL,S_COLUMN,S_ROW,GRADE) values (74,'B737-800','E',40,'지니스탠다드B');
Insert into SEAT (S_NO,MODEL,S_COLUMN,S_ROW,GRADE) values (75,'B737-800','F',40,'지니스탠다드B');
Insert into SEAT (S_NO,MODEL,S_COLUMN,S_ROW,GRADE) values (76,'B737-800','A',41,'지니스탠다드B');
Insert into SEAT (S_NO,MODEL,S_COLUMN,S_ROW,GRADE) values (77,'B737-800','B',41,'지니스탠다드B');
Insert into SEAT (S_NO,MODEL,S_COLUMN,S_ROW,GRADE) values (78,'B737-800','C',41,'지니스탠다드B');
Insert into SEAT (S_NO,MODEL,S_COLUMN,S_ROW,GRADE) values (79,'B737-800','D',41,'지니스탠다드B');
Insert into SEAT (S_NO,MODEL,S_COLUMN,S_ROW,GRADE) values (80,'B737-800','E',41,'지니스탠다드B');
Insert into SEAT (S_NO,MODEL,S_COLUMN,S_ROW,GRADE) values (81,'B737-800','F',41,'지니스탠다드B');
Insert into SEAT (S_NO,MODEL,S_COLUMN,S_ROW,GRADE) values (82,'B737-800','A',42,'비상구열(등받이 고정)');
Insert into SEAT (S_NO,MODEL,S_COLUMN,S_ROW,GRADE) values (83,'B737-800','B',42,'비상구열(등받이 고정)');
Insert into SEAT (S_NO,MODEL,S_COLUMN,S_ROW,GRADE) values (84,'B737-800','C',42,'비상구열(등받이 고정)');
Insert into SEAT (S_NO,MODEL,S_COLUMN,S_ROW,GRADE) values (85,'B737-800','D',42,'비상구열(등받이 고정)');
Insert into SEAT (S_NO,MODEL,S_COLUMN,S_ROW,GRADE) values (86,'B737-800','E',42,'비상구열(등받이 고정)');
Insert into SEAT (S_NO,MODEL,S_COLUMN,S_ROW,GRADE) values (87,'B737-800','F',42,'비상구열(등받이 고정)');
Insert into SEAT (S_NO,MODEL,S_COLUMN,S_ROW,GRADE) values (88,'B737-800','A',43,'비상구열');
Insert into SEAT (S_NO,MODEL,S_COLUMN,S_ROW,GRADE) values (89,'B737-800','B',43,'비상구열');
Insert into SEAT (S_NO,MODEL,S_COLUMN,S_ROW,GRADE) values (90,'B737-800','C',43,'비상구열');
Insert into SEAT (S_NO,MODEL,S_COLUMN,S_ROW,GRADE) values (91,'B737-800','D',43,'비상구열');
Insert into SEAT (S_NO,MODEL,S_COLUMN,S_ROW,GRADE) values (92,'B737-800','E',43,'비상구열');
Insert into SEAT (S_NO,MODEL,S_COLUMN,S_ROW,GRADE) values (93,'B737-800','F',43,'비상구열');
Insert into SEAT (S_NO,MODEL,S_COLUMN,S_ROW,GRADE) values (94,'B737-800','A',44,'지니스탠다드B');
Insert into SEAT (S_NO,MODEL,S_COLUMN,S_ROW,GRADE) values (95,'B737-800','B',44,'지니스탠다드B');
Insert into SEAT (S_NO,MODEL,S_COLUMN,S_ROW,GRADE) values (96,'B737-800','C',44,'지니스탠다드B');
Insert into SEAT (S_NO,MODEL,S_COLUMN,S_ROW,GRADE) values (97,'B737-800','D',44,'지니스탠다드B');
Insert into SEAT (S_NO,MODEL,S_COLUMN,S_ROW,GRADE) values (98,'B737-800','E',44,'지니스탠다드B');
Insert into SEAT (S_NO,MODEL,S_COLUMN,S_ROW,GRADE) values (99,'B737-800','F',44,'지니스탠다드B');
Insert into SEAT (S_NO,MODEL,S_COLUMN,S_ROW,GRADE) values (100,'B737-800','A',45,'지니스탠다드B');
Insert into SEAT (S_NO,MODEL,S_COLUMN,S_ROW,GRADE) values (101,'B737-800','B',45,'지니스탠다드B');
Insert into SEAT (S_NO,MODEL,S_COLUMN,S_ROW,GRADE) values (102,'B737-800','C',45,'지니스탠다드B');
Insert into SEAT (S_NO,MODEL,S_COLUMN,S_ROW,GRADE) values (103,'B737-800','D',45,'지니스탠다드B');
Insert into SEAT (S_NO,MODEL,S_COLUMN,S_ROW,GRADE) values (104,'B737-800','E',45,'지니스탠다드B');
Insert into SEAT (S_NO,MODEL,S_COLUMN,S_ROW,GRADE) values (105,'B737-800','F',45,'지니스탠다드B');
Insert into SEAT (S_NO,MODEL,S_COLUMN,S_ROW,GRADE) values (106,'B737-800','A',46,'지니스탠다드B');
Insert into SEAT (S_NO,MODEL,S_COLUMN,S_ROW,GRADE) values (107,'B737-800','B',46,'지니스탠다드B');
Insert into SEAT (S_NO,MODEL,S_COLUMN,S_ROW,GRADE) values (108,'B737-800','C',46,'지니스탠다드B');
Insert into SEAT (S_NO,MODEL,S_COLUMN,S_ROW,GRADE) values (109,'B737-800','D',46,'지니스탠다드B');
Insert into SEAT (S_NO,MODEL,S_COLUMN,S_ROW,GRADE) values (110,'B737-800','E',46,'지니스탠다드B');
Insert into SEAT (S_NO,MODEL,S_COLUMN,S_ROW,GRADE) values (111,'B737-800','F',46,'지니스탠다드B');
Insert into SEAT (S_NO,MODEL,S_COLUMN,S_ROW,GRADE) values (112,'B737-800','A',47,'지니스탠다드B');
Insert into SEAT (S_NO,MODEL,S_COLUMN,S_ROW,GRADE) values (113,'B737-800','B',47,'지니스탠다드B');
Insert into SEAT (S_NO,MODEL,S_COLUMN,S_ROW,GRADE) values (114,'B737-800','C',47,'지니스탠다드B');
Insert into SEAT (S_NO,MODEL,S_COLUMN,S_ROW,GRADE) values (115,'B737-800','D',47,'지니스탠다드B');
Insert into SEAT (S_NO,MODEL,S_COLUMN,S_ROW,GRADE) values (116,'B737-800','E',47,'지니스탠다드B');
Insert into SEAT (S_NO,MODEL,S_COLUMN,S_ROW,GRADE) values (117,'B737-800','F',47,'지니스탠다드B');
Insert into SEAT (S_NO,MODEL,S_COLUMN,S_ROW,GRADE) values (118,'B737-800','A',48,'지니스탠다드B');
Insert into SEAT (S_NO,MODEL,S_COLUMN,S_ROW,GRADE) values (119,'B737-800','B',48,'지니스탠다드B');
Insert into SEAT (S_NO,MODEL,S_COLUMN,S_ROW,GRADE) values (120,'B737-800','C',48,'지니스탠다드B');
Insert into SEAT (S_NO,MODEL,S_COLUMN,S_ROW,GRADE) values (121,'B737-800','D',48,'지니스탠다드B');
Insert into SEAT (S_NO,MODEL,S_COLUMN,S_ROW,GRADE) values (122,'B737-800','E',48,'지니스탠다드B');
Insert into SEAT (S_NO,MODEL,S_COLUMN,S_ROW,GRADE) values (123,'B737-800','F',48,'지니스탠다드B');
Insert into SEAT (S_NO,MODEL,S_COLUMN,S_ROW,GRADE) values (124,'B737-800','A',49,'지니스탠다드B');
Insert into SEAT (S_NO,MODEL,S_COLUMN,S_ROW,GRADE) values (125,'B737-800','B',49,'지니스탠다드B');
Insert into SEAT (S_NO,MODEL,S_COLUMN,S_ROW,GRADE) values (126,'B737-800','C',49,'지니스탠다드B');
Insert into SEAT (S_NO,MODEL,S_COLUMN,S_ROW,GRADE) values (127,'B737-800','D',49,'지니스탠다드B');
Insert into SEAT (S_NO,MODEL,S_COLUMN,S_ROW,GRADE) values (128,'B737-800','E',49,'지니스탠다드B');
Insert into SEAT (S_NO,MODEL,S_COLUMN,S_ROW,GRADE) values (129,'B737-800','F',49,'지니스탠다드B');
Insert into SEAT (S_NO,MODEL,S_COLUMN,S_ROW,GRADE) values (130,'B737-800','A',50,'지니스탠다드B');
Insert into SEAT (S_NO,MODEL,S_COLUMN,S_ROW,GRADE) values (131,'B737-800','B',50,'지니스탠다드B');
Insert into SEAT (S_NO,MODEL,S_COLUMN,S_ROW,GRADE) values (132,'B737-800','C',50,'지니스탠다드B');
Insert into SEAT (S_NO,MODEL,S_COLUMN,S_ROW,GRADE) values (133,'B737-800','D',50,'지니스탠다드B');
Insert into SEAT (S_NO,MODEL,S_COLUMN,S_ROW,GRADE) values (134,'B737-800','E',50,'지니스탠다드B');
Insert into SEAT (S_NO,MODEL,S_COLUMN,S_ROW,GRADE) values (135,'B737-800','F',50,'지니스탠다드B');
Insert into SEAT (S_NO,MODEL,S_COLUMN,S_ROW,GRADE) values (136,'B737-800','A',51,'지니스탠다드B');
Insert into SEAT (S_NO,MODEL,S_COLUMN,S_ROW,GRADE) values (137,'B737-800','B',51,'지니스탠다드B');
Insert into SEAT (S_NO,MODEL,S_COLUMN,S_ROW,GRADE) values (138,'B737-800','C',51,'지니스탠다드B');
Insert into SEAT (S_NO,MODEL,S_COLUMN,S_ROW,GRADE) values (139,'B737-800','D',51,'지니스탠다드B');
Insert into SEAT (S_NO,MODEL,S_COLUMN,S_ROW,GRADE) values (140,'B737-800','E',51,'지니스탠다드B');
Insert into SEAT (S_NO,MODEL,S_COLUMN,S_ROW,GRADE) values (141,'B737-800','F',51,'지니스탠다드B');
Insert into SEAT (S_NO,MODEL,S_COLUMN,S_ROW,GRADE) values (142,'B737-800','A',52,'지니스탠다드B');
Insert into SEAT (S_NO,MODEL,S_COLUMN,S_ROW,GRADE) values (143,'B737-800','B',52,'지니스탠다드B');
Insert into SEAT (S_NO,MODEL,S_COLUMN,S_ROW,GRADE) values (144,'B737-800','C',52,'지니스탠다드B');
Insert into SEAT (S_NO,MODEL,S_COLUMN,S_ROW,GRADE) values (145,'B737-800','D',52,'지니스탠다드B');
Insert into SEAT (S_NO,MODEL,S_COLUMN,S_ROW,GRADE) values (146,'B737-800','E',52,'지니스탠다드B');
Insert into SEAT (S_NO,MODEL,S_COLUMN,S_ROW,GRADE) values (147,'B737-800','F',52,'지니스탠다드B');
Insert into SEAT (S_NO,MODEL,S_COLUMN,S_ROW,GRADE) values (148,'B737-800','A',53,'지니스탠다드B');
Insert into SEAT (S_NO,MODEL,S_COLUMN,S_ROW,GRADE) values (149,'B737-800','B',53,'지니스탠다드B');
Insert into SEAT (S_NO,MODEL,S_COLUMN,S_ROW,GRADE) values (150,'B737-800','C',53,'지니스탠다드B');
Insert into SEAT (S_NO,MODEL,S_COLUMN,S_ROW,GRADE) values (151,'B737-800','D',53,'지니스탠다드B');
Insert into SEAT (S_NO,MODEL,S_COLUMN,S_ROW,GRADE) values (152,'B737-800','E',53,'지니스탠다드B');
Insert into SEAT (S_NO,MODEL,S_COLUMN,S_ROW,GRADE) values (153,'B737-800','F',53,'지니스탠다드B');
Insert into SEAT (S_NO,MODEL,S_COLUMN,S_ROW,GRADE) values (154,'B737-800','A',54,'지니스탠다드B');
Insert into SEAT (S_NO,MODEL,S_COLUMN,S_ROW,GRADE) values (155,'B737-800','B',54,'지니스탠다드B');
Insert into SEAT (S_NO,MODEL,S_COLUMN,S_ROW,GRADE) values (156,'B737-800','C',54,'지니스탠다드B');
Insert into SEAT (S_NO,MODEL,S_COLUMN,S_ROW,GRADE) values (157,'B737-800','D',54,'지니스탠다드B');
Insert into SEAT (S_NO,MODEL,S_COLUMN,S_ROW,GRADE) values (158,'B737-800','E',54,'지니스탠다드B');
Insert into SEAT (S_NO,MODEL,S_COLUMN,S_ROW,GRADE) values (159,'B737-800','F',54,'지니스탠다드B');
Insert into SEAT (S_NO,MODEL,S_COLUMN,S_ROW,GRADE) values (160,'B737-800','A',55,'지니스탠다드B');
Insert into SEAT (S_NO,MODEL,S_COLUMN,S_ROW,GRADE) values (161,'B737-800','B',55,'지니스탠다드B');
Insert into SEAT (S_NO,MODEL,S_COLUMN,S_ROW,GRADE) values (162,'B737-800','C',55,'지니스탠다드B');
Insert into SEAT (S_NO,MODEL,S_COLUMN,S_ROW,GRADE) values (163,'B737-800','D',55,'지니스탠다드B');
Insert into SEAT (S_NO,MODEL,S_COLUMN,S_ROW,GRADE) values (164,'B737-800','E',55,'지니스탠다드B');
Insert into SEAT (S_NO,MODEL,S_COLUMN,S_ROW,GRADE) values (165,'B737-800','F',55,'지니스탠다드B');
Insert into SEAT (S_NO,MODEL,S_COLUMN,S_ROW,GRADE) values (166,'B737-800','A',56,'지니스탠다드B');
Insert into SEAT (S_NO,MODEL,S_COLUMN,S_ROW,GRADE) values (167,'B737-800','B',56,'지니스탠다드B');
Insert into SEAT (S_NO,MODEL,S_COLUMN,S_ROW,GRADE) values (168,'B737-800','C',56,'지니스탠다드B');
Insert into SEAT (S_NO,MODEL,S_COLUMN,S_ROW,GRADE) values (169,'B737-800','D',56,'지니스탠다드B');
Insert into SEAT (S_NO,MODEL,S_COLUMN,S_ROW,GRADE) values (170,'B737-800','E',56,'지니스탠다드B');
Insert into SEAT (S_NO,MODEL,S_COLUMN,S_ROW,GRADE) values (171,'B737-800','F',56,'지니스탠다드B');
Insert into SEAT (S_NO,MODEL,S_COLUMN,S_ROW,GRADE) values (172,'B737-800','A',57,'지니스탠다드B');
Insert into SEAT (S_NO,MODEL,S_COLUMN,S_ROW,GRADE) values (173,'B737-800','B',57,'지니스탠다드B');
Insert into SEAT (S_NO,MODEL,S_COLUMN,S_ROW,GRADE) values (174,'B737-800','C',57,'지니스탠다드B');
Insert into SEAT (S_NO,MODEL,S_COLUMN,S_ROW,GRADE) values (175,'B737-800','D',57,'지니스탠다드B');
Insert into SEAT (S_NO,MODEL,S_COLUMN,S_ROW,GRADE) values (176,'B737-800','E',57,'지니스탠다드B');
Insert into SEAT (S_NO,MODEL,S_COLUMN,S_ROW,GRADE) values (177,'B737-800','F',57,'지니스탠다드B');
Insert into SEAT (S_NO,MODEL,S_COLUMN,S_ROW,GRADE) values (178,'B737-800','A',58,'지니스탠다드B');
Insert into SEAT (S_NO,MODEL,S_COLUMN,S_ROW,GRADE) values (179,'B737-800','B',58,'지니스탠다드B');
Insert into SEAT (S_NO,MODEL,S_COLUMN,S_ROW,GRADE) values (180,'B737-800','C',58,'지니스탠다드B');
Insert into SEAT (S_NO,MODEL,S_COLUMN,S_ROW,GRADE) values (181,'B737-800','D',58,'지니스탠다드B');
Insert into SEAT (S_NO,MODEL,S_COLUMN,S_ROW,GRADE) values (182,'B737-800','E',58,'지니스탠다드B');
Insert into SEAT (S_NO,MODEL,S_COLUMN,S_ROW,GRADE) values (183,'B737-800','F',58,'지니스탠다드B');
Insert into SEAT (S_NO,MODEL,S_COLUMN,S_ROW,GRADE) values (184,'B737-800','A',59,'지니스탠다드B');
Insert into SEAT (S_NO,MODEL,S_COLUMN,S_ROW,GRADE) values (185,'B737-800','B',59,'지니스탠다드B');
Insert into SEAT (S_NO,MODEL,S_COLUMN,S_ROW,GRADE) values (186,'B737-800','C',59,'지니스탠다드B');
Insert into SEAT (S_NO,MODEL,S_COLUMN,S_ROW,GRADE) values (187,'B737-800','D',59,'지니스탠다드B');
Insert into SEAT (S_NO,MODEL,S_COLUMN,S_ROW,GRADE) values (188,'B737-800','E',59,'지니스탠다드B');
Insert into SEAT (S_NO,MODEL,S_COLUMN,S_ROW,GRADE) values (189,'B737-800','F',59,'지니스탠다드B');
Insert into SEAT (S_NO,MODEL,S_COLUMN,S_ROW,GRADE) values (190,'B737-900','A',7,'JINI BIZ');
Insert into SEAT (S_NO,MODEL,S_COLUMN,S_ROW,GRADE) values (191,'B737-900','B',7,'JINI BIZ');
Insert into SEAT (S_NO,MODEL,S_COLUMN,S_ROW,GRADE) values (192,'B737-900','D',7,'JINI BIZ');
Insert into SEAT (S_NO,MODEL,S_COLUMN,S_ROW,GRADE) values (193,'B737-900','E',7,'JINI BIZ');
Insert into SEAT (S_NO,MODEL,S_COLUMN,S_ROW,GRADE) values (194,'B737-900','A',8,'JINI BIZ');
Insert into SEAT (S_NO,MODEL,S_COLUMN,S_ROW,GRADE) values (195,'B737-900','B',8,'JINI BIZ');
Insert into SEAT (S_NO,MODEL,S_COLUMN,S_ROW,GRADE) values (196,'B737-900','D',8,'JINI BIZ');
Insert into SEAT (S_NO,MODEL,S_COLUMN,S_ROW,GRADE) values (197,'B737-900','E',8,'JINI BIZ');
Insert into SEAT (S_NO,MODEL,S_COLUMN,S_ROW,GRADE) values (198,'B737-900','A',28,'비상구열');
Insert into SEAT (S_NO,MODEL,S_COLUMN,S_ROW,GRADE) values (199,'B737-900','B',28,'비상구열');
Insert into SEAT (S_NO,MODEL,S_COLUMN,S_ROW,GRADE) values (200,'B737-900','C',28,'비상구열');
Insert into SEAT (S_NO,MODEL,S_COLUMN,S_ROW,GRADE) values (201,'B737-900','D',28,'지니스트레치');
Insert into SEAT (S_NO,MODEL,S_COLUMN,S_ROW,GRADE) values (202,'B737-900','E',28,'지니스트레치');
Insert into SEAT (S_NO,MODEL,S_COLUMN,S_ROW,GRADE) values (203,'B737-900','F',28,'지니스트레치');
Insert into SEAT (S_NO,MODEL,S_COLUMN,S_ROW,GRADE) values (204,'B737-900','A',29,'지니패스트');
Insert into SEAT (S_NO,MODEL,S_COLUMN,S_ROW,GRADE) values (205,'B737-900','B',29,'지니패스트');
Insert into SEAT (S_NO,MODEL,S_COLUMN,S_ROW,GRADE) values (206,'B737-900','C',29,'지니패스트');
Insert into SEAT (S_NO,MODEL,S_COLUMN,S_ROW,GRADE) values (207,'B737-900','D',29,'지니패스트');
Insert into SEAT (S_NO,MODEL,S_COLUMN,S_ROW,GRADE) values (208,'B737-900','E',29,'지니패스트');
Insert into SEAT (S_NO,MODEL,S_COLUMN,S_ROW,GRADE) values (209,'B737-900','F',29,'지니패스트');
Insert into SEAT (S_NO,MODEL,S_COLUMN,S_ROW,GRADE) values (210,'B737-900','A',30,'지니패스트');
Insert into SEAT (S_NO,MODEL,S_COLUMN,S_ROW,GRADE) values (211,'B737-900','B',30,'지니패스트');
Insert into SEAT (S_NO,MODEL,S_COLUMN,S_ROW,GRADE) values (212,'B737-900','C',30,'지니패스트');
Insert into SEAT (S_NO,MODEL,S_COLUMN,S_ROW,GRADE) values (213,'B737-900','D',30,'지니패스트');
Insert into SEAT (S_NO,MODEL,S_COLUMN,S_ROW,GRADE) values (214,'B737-900','E',30,'지니패스트');
Insert into SEAT (S_NO,MODEL,S_COLUMN,S_ROW,GRADE) values (215,'B737-900','F',30,'지니패스트');
Insert into SEAT (S_NO,MODEL,S_COLUMN,S_ROW,GRADE) values (216,'B737-900','A',31,'지니패스트');
Insert into SEAT (S_NO,MODEL,S_COLUMN,S_ROW,GRADE) values (217,'B737-900','B',31,'지니패스트');
Insert into SEAT (S_NO,MODEL,S_COLUMN,S_ROW,GRADE) values (218,'B737-900','C',31,'지니패스트');
Insert into SEAT (S_NO,MODEL,S_COLUMN,S_ROW,GRADE) values (219,'B737-900','D',31,'지니패스트');
Insert into SEAT (S_NO,MODEL,S_COLUMN,S_ROW,GRADE) values (220,'B737-900','E',31,'지니패스트');
Insert into SEAT (S_NO,MODEL,S_COLUMN,S_ROW,GRADE) values (221,'B737-900','F',31,'지니패스트');
Insert into SEAT (S_NO,MODEL,S_COLUMN,S_ROW,GRADE) values (222,'B737-900','A',32,'지니패스트');
Insert into SEAT (S_NO,MODEL,S_COLUMN,S_ROW,GRADE) values (223,'B737-900','B',32,'지니패스트');
Insert into SEAT (S_NO,MODEL,S_COLUMN,S_ROW,GRADE) values (224,'B737-900','C',32,'지니패스트');
Insert into SEAT (S_NO,MODEL,S_COLUMN,S_ROW,GRADE) values (225,'B737-900','D',32,'지니패스트');
Insert into SEAT (S_NO,MODEL,S_COLUMN,S_ROW,GRADE) values (226,'B737-900','E',32,'지니패스트');
Insert into SEAT (S_NO,MODEL,S_COLUMN,S_ROW,GRADE) values (227,'B737-900','F',32,'지니패스트');
Insert into SEAT (S_NO,MODEL,S_COLUMN,S_ROW,GRADE) values (228,'B737-900','A',33,'지니스탠다드A');
Insert into SEAT (S_NO,MODEL,S_COLUMN,S_ROW,GRADE) values (229,'B737-900','B',33,'지니스탠다드A');
Insert into SEAT (S_NO,MODEL,S_COLUMN,S_ROW,GRADE) values (230,'B737-900','C',33,'지니스탠다드A');
Insert into SEAT (S_NO,MODEL,S_COLUMN,S_ROW,GRADE) values (231,'B737-900','D',33,'지니스탠다드A');
Insert into SEAT (S_NO,MODEL,S_COLUMN,S_ROW,GRADE) values (232,'B737-900','E',33,'지니스탠다드A');
Insert into SEAT (S_NO,MODEL,S_COLUMN,S_ROW,GRADE) values (233,'B737-900','F',33,'지니스탠다드A');
Insert into SEAT (S_NO,MODEL,S_COLUMN,S_ROW,GRADE) values (234,'B737-900','A',34,'지니스탠다드A');
Insert into SEAT (S_NO,MODEL,S_COLUMN,S_ROW,GRADE) values (235,'B737-900','B',34,'지니스탠다드A');
Insert into SEAT (S_NO,MODEL,S_COLUMN,S_ROW,GRADE) values (236,'B737-900','C',34,'지니스탠다드A');
Insert into SEAT (S_NO,MODEL,S_COLUMN,S_ROW,GRADE) values (237,'B737-900','D',34,'지니스탠다드A');
Insert into SEAT (S_NO,MODEL,S_COLUMN,S_ROW,GRADE) values (238,'B737-900','E',34,'지니스탠다드A');
Insert into SEAT (S_NO,MODEL,S_COLUMN,S_ROW,GRADE) values (239,'B737-900','F',34,'지니스탠다드A');
Insert into SEAT (S_NO,MODEL,S_COLUMN,S_ROW,GRADE) values (240,'B737-900','A',35,'지니스탠다드A');
Insert into SEAT (S_NO,MODEL,S_COLUMN,S_ROW,GRADE) values (241,'B737-900','B',35,'지니스탠다드A');
Insert into SEAT (S_NO,MODEL,S_COLUMN,S_ROW,GRADE) values (242,'B737-900','C',35,'지니스탠다드A');
Insert into SEAT (S_NO,MODEL,S_COLUMN,S_ROW,GRADE) values (243,'B737-900','D',35,'지니스탠다드A');
Insert into SEAT (S_NO,MODEL,S_COLUMN,S_ROW,GRADE) values (244,'B737-900','E',35,'지니스탠다드A');
Insert into SEAT (S_NO,MODEL,S_COLUMN,S_ROW,GRADE) values (245,'B737-900','F',35,'지니스탠다드A');
Insert into SEAT (S_NO,MODEL,S_COLUMN,S_ROW,GRADE) values (246,'B737-900','A',36,'지니스탠다드A');
Insert into SEAT (S_NO,MODEL,S_COLUMN,S_ROW,GRADE) values (247,'B737-900','B',36,'지니스탠다드A');
Insert into SEAT (S_NO,MODEL,S_COLUMN,S_ROW,GRADE) values (248,'B737-900','C',36,'지니스탠다드A');
Insert into SEAT (S_NO,MODEL,S_COLUMN,S_ROW,GRADE) values (249,'B737-900','D',36,'지니스탠다드A');
Insert into SEAT (S_NO,MODEL,S_COLUMN,S_ROW,GRADE) values (250,'B737-900','E',36,'지니스탠다드A');
Insert into SEAT (S_NO,MODEL,S_COLUMN,S_ROW,GRADE) values (251,'B737-900','F',36,'지니스탠다드A');
Insert into SEAT (S_NO,MODEL,S_COLUMN,S_ROW,GRADE) values (252,'B737-900','A',37,'지니스탠다드A');
Insert into SEAT (S_NO,MODEL,S_COLUMN,S_ROW,GRADE) values (253,'B737-900','B',37,'지니스탠다드A');
Insert into SEAT (S_NO,MODEL,S_COLUMN,S_ROW,GRADE) values (254,'B737-900','C',37,'지니스탠다드A');
Insert into SEAT (S_NO,MODEL,S_COLUMN,S_ROW,GRADE) values (255,'B737-900','D',37,'지니스탠다드A');
Insert into SEAT (S_NO,MODEL,S_COLUMN,S_ROW,GRADE) values (256,'B737-900','E',37,'지니스탠다드A');
Insert into SEAT (S_NO,MODEL,S_COLUMN,S_ROW,GRADE) values (257,'B737-900','F',37,'지니스탠다드A');
Insert into SEAT (S_NO,MODEL,S_COLUMN,S_ROW,GRADE) values (258,'B737-900','A',38,'지니스탠다드A');
Insert into SEAT (S_NO,MODEL,S_COLUMN,S_ROW,GRADE) values (259,'B737-900','B',38,'지니스탠다드A');
Insert into SEAT (S_NO,MODEL,S_COLUMN,S_ROW,GRADE) values (260,'B737-900','C',38,'지니스탠다드A');
Insert into SEAT (S_NO,MODEL,S_COLUMN,S_ROW,GRADE) values (261,'B737-900','D',38,'지니스탠다드A');
Insert into SEAT (S_NO,MODEL,S_COLUMN,S_ROW,GRADE) values (262,'B737-900','E',38,'지니스탠다드A');
Insert into SEAT (S_NO,MODEL,S_COLUMN,S_ROW,GRADE) values (263,'B737-900','F',38,'지니스탠다드A');
Insert into SEAT (S_NO,MODEL,S_COLUMN,S_ROW,GRADE) values (264,'B737-900','A',39,'비상구열(등받이 고정)');
Insert into SEAT (S_NO,MODEL,S_COLUMN,S_ROW,GRADE) values (265,'B737-900','B',39,'비상구열(등받이 고정)');
Insert into SEAT (S_NO,MODEL,S_COLUMN,S_ROW,GRADE) values (266,'B737-900','C',39,'비상구열(등받이 고정)');
Insert into SEAT (S_NO,MODEL,S_COLUMN,S_ROW,GRADE) values (267,'B737-900','D',39,'비상구열(등받이 고정)');
Insert into SEAT (S_NO,MODEL,S_COLUMN,S_ROW,GRADE) values (268,'B737-900','E',39,'비상구열(등받이 고정)');
Insert into SEAT (S_NO,MODEL,S_COLUMN,S_ROW,GRADE) values (269,'B737-900','F',39,'비상구열(등받이 고정)');
Insert into SEAT (S_NO,MODEL,S_COLUMN,S_ROW,GRADE) values (270,'B737-900','A',40,'비상구열');
Insert into SEAT (S_NO,MODEL,S_COLUMN,S_ROW,GRADE) values (271,'B737-900','B',40,'비상구열');
Insert into SEAT (S_NO,MODEL,S_COLUMN,S_ROW,GRADE) values (272,'B737-900','C',40,'비상구열');
Insert into SEAT (S_NO,MODEL,S_COLUMN,S_ROW,GRADE) values (273,'B737-900','D',40,'비상구열');
Insert into SEAT (S_NO,MODEL,S_COLUMN,S_ROW,GRADE) values (274,'B737-900','E',40,'비상구열');
Insert into SEAT (S_NO,MODEL,S_COLUMN,S_ROW,GRADE) values (275,'B737-900','F',40,'비상구열');
Insert into SEAT (S_NO,MODEL,S_COLUMN,S_ROW,GRADE) values (276,'B737-900','A',41,'지니스탠다드B');
Insert into SEAT (S_NO,MODEL,S_COLUMN,S_ROW,GRADE) values (277,'B737-900','B',41,'지니스탠다드B');
Insert into SEAT (S_NO,MODEL,S_COLUMN,S_ROW,GRADE) values (278,'B737-900','C',41,'지니스탠다드B');
Insert into SEAT (S_NO,MODEL,S_COLUMN,S_ROW,GRADE) values (279,'B737-900','D',41,'지니스탠다드B');
Insert into SEAT (S_NO,MODEL,S_COLUMN,S_ROW,GRADE) values (280,'B737-900','E',41,'지니스탠다드B');
Insert into SEAT (S_NO,MODEL,S_COLUMN,S_ROW,GRADE) values (281,'B737-900','F',41,'지니스탠다드B');
Insert into SEAT (S_NO,MODEL,S_COLUMN,S_ROW,GRADE) values (282,'B737-900','A',42,'지니스탠다드B');
Insert into SEAT (S_NO,MODEL,S_COLUMN,S_ROW,GRADE) values (283,'B737-900','B',42,'지니스탠다드B');
Insert into SEAT (S_NO,MODEL,S_COLUMN,S_ROW,GRADE) values (284,'B737-900','C',42,'지니스탠다드B');
Insert into SEAT (S_NO,MODEL,S_COLUMN,S_ROW,GRADE) values (285,'B737-900','D',42,'지니스탠다드B');
Insert into SEAT (S_NO,MODEL,S_COLUMN,S_ROW,GRADE) values (286,'B737-900','E',42,'지니스탠다드B');
Insert into SEAT (S_NO,MODEL,S_COLUMN,S_ROW,GRADE) values (287,'B737-900','F',42,'지니스탠다드B');
Insert into SEAT (S_NO,MODEL,S_COLUMN,S_ROW,GRADE) values (288,'B737-900','A',43,'지니스탠다드B');
Insert into SEAT (S_NO,MODEL,S_COLUMN,S_ROW,GRADE) values (289,'B737-900','B',43,'지니스탠다드B');
Insert into SEAT (S_NO,MODEL,S_COLUMN,S_ROW,GRADE) values (290,'B737-900','C',43,'지니스탠다드B');
Insert into SEAT (S_NO,MODEL,S_COLUMN,S_ROW,GRADE) values (291,'B737-900','D',43,'지니스탠다드B');
Insert into SEAT (S_NO,MODEL,S_COLUMN,S_ROW,GRADE) values (292,'B737-900','E',43,'지니스탠다드B');
Insert into SEAT (S_NO,MODEL,S_COLUMN,S_ROW,GRADE) values (293,'B737-900','F',43,'지니스탠다드B');
Insert into SEAT (S_NO,MODEL,S_COLUMN,S_ROW,GRADE) values (294,'B737-900','A',44,'지니스탠다드B');
Insert into SEAT (S_NO,MODEL,S_COLUMN,S_ROW,GRADE) values (295,'B737-900','B',44,'지니스탠다드B');
Insert into SEAT (S_NO,MODEL,S_COLUMN,S_ROW,GRADE) values (296,'B737-900','C',44,'지니스탠다드B');
Insert into SEAT (S_NO,MODEL,S_COLUMN,S_ROW,GRADE) values (297,'B737-900','D',44,'지니스탠다드B');
Insert into SEAT (S_NO,MODEL,S_COLUMN,S_ROW,GRADE) values (298,'B737-900','E',44,'지니스탠다드B');
Insert into SEAT (S_NO,MODEL,S_COLUMN,S_ROW,GRADE) values (299,'B737-900','F',44,'지니스탠다드B');
Insert into SEAT (S_NO,MODEL,S_COLUMN,S_ROW,GRADE) values (300,'B737-900','A',45,'지니스탠다드B');
Insert into SEAT (S_NO,MODEL,S_COLUMN,S_ROW,GRADE) values (301,'B737-900','B',45,'지니스탠다드B');
Insert into SEAT (S_NO,MODEL,S_COLUMN,S_ROW,GRADE) values (302,'B737-900','C',45,'지니스탠다드B');
Insert into SEAT (S_NO,MODEL,S_COLUMN,S_ROW,GRADE) values (303,'B737-900','D',45,'지니스탠다드B');
Insert into SEAT (S_NO,MODEL,S_COLUMN,S_ROW,GRADE) values (304,'B737-900','E',45,'지니스탠다드B');
Insert into SEAT (S_NO,MODEL,S_COLUMN,S_ROW,GRADE) values (305,'B737-900','F',45,'지니스탠다드B');
Insert into SEAT (S_NO,MODEL,S_COLUMN,S_ROW,GRADE) values (306,'B737-900','A',46,'지니스탠다드B');
Insert into SEAT (S_NO,MODEL,S_COLUMN,S_ROW,GRADE) values (307,'B737-900','B',46,'지니스탠다드B');
Insert into SEAT (S_NO,MODEL,S_COLUMN,S_ROW,GRADE) values (308,'B737-900','C',46,'지니스탠다드B');
Insert into SEAT (S_NO,MODEL,S_COLUMN,S_ROW,GRADE) values (309,'B737-900','D',46,'지니스탠다드B');
Insert into SEAT (S_NO,MODEL,S_COLUMN,S_ROW,GRADE) values (310,'B737-900','E',46,'지니스탠다드B');
Insert into SEAT (S_NO,MODEL,S_COLUMN,S_ROW,GRADE) values (311,'B737-900','F',46,'지니스탠다드B');
Insert into SEAT (S_NO,MODEL,S_COLUMN,S_ROW,GRADE) values (312,'B737-900','A',47,'지니스탠다드B');
Insert into SEAT (S_NO,MODEL,S_COLUMN,S_ROW,GRADE) values (313,'B737-900','B',47,'지니스탠다드B');
Insert into SEAT (S_NO,MODEL,S_COLUMN,S_ROW,GRADE) values (314,'B737-900','C',47,'지니스탠다드B');
Insert into SEAT (S_NO,MODEL,S_COLUMN,S_ROW,GRADE) values (315,'B737-900','D',47,'지니스탠다드B');
Insert into SEAT (S_NO,MODEL,S_COLUMN,S_ROW,GRADE) values (316,'B737-900','E',47,'지니스탠다드B');
Insert into SEAT (S_NO,MODEL,S_COLUMN,S_ROW,GRADE) values (317,'B737-900','F',47,'지니스탠다드B');
Insert into SEAT (S_NO,MODEL,S_COLUMN,S_ROW,GRADE) values (318,'B737-900','A',48,'지니스탠다드B');
Insert into SEAT (S_NO,MODEL,S_COLUMN,S_ROW,GRADE) values (319,'B737-900','B',48,'지니스탠다드B');
Insert into SEAT (S_NO,MODEL,S_COLUMN,S_ROW,GRADE) values (320,'B737-900','C',48,'지니스탠다드B');
Insert into SEAT (S_NO,MODEL,S_COLUMN,S_ROW,GRADE) values (321,'B737-900','D',48,'지니스탠다드B');
Insert into SEAT (S_NO,MODEL,S_COLUMN,S_ROW,GRADE) values (322,'B737-900','E',48,'지니스탠다드B');
Insert into SEAT (S_NO,MODEL,S_COLUMN,S_ROW,GRADE) values (323,'B737-900','F',48,'지니스탠다드B');
Insert into SEAT (S_NO,MODEL,S_COLUMN,S_ROW,GRADE) values (324,'B737-900','A',49,'지니스탠다드B');
Insert into SEAT (S_NO,MODEL,S_COLUMN,S_ROW,GRADE) values (325,'B737-900','B',49,'지니스탠다드B');
Insert into SEAT (S_NO,MODEL,S_COLUMN,S_ROW,GRADE) values (326,'B737-900','C',49,'지니스탠다드B');
Insert into SEAT (S_NO,MODEL,S_COLUMN,S_ROW,GRADE) values (327,'B737-900','D',49,'지니스탠다드B');
Insert into SEAT (S_NO,MODEL,S_COLUMN,S_ROW,GRADE) values (328,'B737-900','E',49,'지니스탠다드B');
Insert into SEAT (S_NO,MODEL,S_COLUMN,S_ROW,GRADE) values (329,'B737-900','F',49,'지니스탠다드B');
Insert into SEAT (S_NO,MODEL,S_COLUMN,S_ROW,GRADE) values (330,'B737-900','A',50,'지니스탠다드B');
Insert into SEAT (S_NO,MODEL,S_COLUMN,S_ROW,GRADE) values (331,'B737-900','B',50,'지니스탠다드B');
Insert into SEAT (S_NO,MODEL,S_COLUMN,S_ROW,GRADE) values (332,'B737-900','C',50,'지니스탠다드B');
Insert into SEAT (S_NO,MODEL,S_COLUMN,S_ROW,GRADE) values (333,'B737-900','D',50,'지니스탠다드B');
Insert into SEAT (S_NO,MODEL,S_COLUMN,S_ROW,GRADE) values (334,'B737-900','E',50,'지니스탠다드B');
Insert into SEAT (S_NO,MODEL,S_COLUMN,S_ROW,GRADE) values (335,'B737-900','F',50,'지니스탠다드B');
Insert into SEAT (S_NO,MODEL,S_COLUMN,S_ROW,GRADE) values (336,'B737-900','A',51,'지니스탠다드B');
Insert into SEAT (S_NO,MODEL,S_COLUMN,S_ROW,GRADE) values (337,'B737-900','B',51,'지니스탠다드B');
Insert into SEAT (S_NO,MODEL,S_COLUMN,S_ROW,GRADE) values (338,'B737-900','C',51,'지니스탠다드B');
Insert into SEAT (S_NO,MODEL,S_COLUMN,S_ROW,GRADE) values (339,'B737-900','D',51,'지니스탠다드B');
Insert into SEAT (S_NO,MODEL,S_COLUMN,S_ROW,GRADE) values (340,'B737-900','E',51,'지니스탠다드B');
Insert into SEAT (S_NO,MODEL,S_COLUMN,S_ROW,GRADE) values (341,'B737-900','F',51,'지니스탠다드B');
Insert into SEAT (S_NO,MODEL,S_COLUMN,S_ROW,GRADE) values (342,'B737-900','A',52,'지니스탠다드B');
Insert into SEAT (S_NO,MODEL,S_COLUMN,S_ROW,GRADE) values (343,'B737-900','B',52,'지니스탠다드B');
Insert into SEAT (S_NO,MODEL,S_COLUMN,S_ROW,GRADE) values (344,'B737-900','C',52,'지니스탠다드B');
Insert into SEAT (S_NO,MODEL,S_COLUMN,S_ROW,GRADE) values (345,'B737-900','D',52,'지니스탠다드B');
Insert into SEAT (S_NO,MODEL,S_COLUMN,S_ROW,GRADE) values (346,'B737-900','E',52,'지니스탠다드B');
Insert into SEAT (S_NO,MODEL,S_COLUMN,S_ROW,GRADE) values (347,'B737-900','F',52,'지니스탠다드B');
Insert into SEAT (S_NO,MODEL,S_COLUMN,S_ROW,GRADE) values (348,'B737-900','A',53,'지니스탠다드B');
Insert into SEAT (S_NO,MODEL,S_COLUMN,S_ROW,GRADE) values (349,'B737-900','B',53,'지니스탠다드B');
Insert into SEAT (S_NO,MODEL,S_COLUMN,S_ROW,GRADE) values (350,'B737-900','C',53,'지니스탠다드B');
Insert into SEAT (S_NO,MODEL,S_COLUMN,S_ROW,GRADE) values (351,'B737-900','D',53,'지니스탠다드B');
Insert into SEAT (S_NO,MODEL,S_COLUMN,S_ROW,GRADE) values (352,'B737-900','E',53,'지니스탠다드B');
Insert into SEAT (S_NO,MODEL,S_COLUMN,S_ROW,GRADE) values (353,'B737-900','F',53,'지니스탠다드B');
Insert into SEAT (S_NO,MODEL,S_COLUMN,S_ROW,GRADE) values (354,'B737-900','A',54,'지니스탠다드B');
Insert into SEAT (S_NO,MODEL,S_COLUMN,S_ROW,GRADE) values (355,'B737-900','B',54,'지니스탠다드B');
Insert into SEAT (S_NO,MODEL,S_COLUMN,S_ROW,GRADE) values (356,'B737-900','C',54,'지니스탠다드B');
Insert into SEAT (S_NO,MODEL,S_COLUMN,S_ROW,GRADE) values (357,'B737-900','D',54,'지니스탠다드B');
Insert into SEAT (S_NO,MODEL,S_COLUMN,S_ROW,GRADE) values (358,'B737-900','E',54,'지니스탠다드B');
Insert into SEAT (S_NO,MODEL,S_COLUMN,S_ROW,GRADE) values (359,'B737-900','F',54,'지니스탠다드B');
Insert into SEAT (S_NO,MODEL,S_COLUMN,S_ROW,GRADE) values (360,'B737-900','A',55,'지니스탠다드B');
Insert into SEAT (S_NO,MODEL,S_COLUMN,S_ROW,GRADE) values (361,'B737-900','B',55,'지니스탠다드B');
Insert into SEAT (S_NO,MODEL,S_COLUMN,S_ROW,GRADE) values (362,'B737-900','C',55,'지니스탠다드B');
Insert into SEAT (S_NO,MODEL,S_COLUMN,S_ROW,GRADE) values (363,'B737-900','D',55,'지니스탠다드B');
Insert into SEAT (S_NO,MODEL,S_COLUMN,S_ROW,GRADE) values (364,'B737-900','E',55,'지니스탠다드B');
Insert into SEAT (S_NO,MODEL,S_COLUMN,S_ROW,GRADE) values (365,'B737-900','F',55,'지니스탠다드B');
Insert into SEAT (S_NO,MODEL,S_COLUMN,S_ROW,GRADE) values (366,'B737-900','A',56,'지니스탠다드B');
Insert into SEAT (S_NO,MODEL,S_COLUMN,S_ROW,GRADE) values (367,'B737-900','B',56,'지니스탠다드B');
Insert into SEAT (S_NO,MODEL,S_COLUMN,S_ROW,GRADE) values (368,'B737-900','C',56,'지니스탠다드B');
Insert into SEAT (S_NO,MODEL,S_COLUMN,S_ROW,GRADE) values (369,'B737-900','D',56,'지니스탠다드B');
Insert into SEAT (S_NO,MODEL,S_COLUMN,S_ROW,GRADE) values (370,'B737-900','E',56,'지니스탠다드B');
Insert into SEAT (S_NO,MODEL,S_COLUMN,S_ROW,GRADE) values (371,'B737-900','F',56,'지니스탠다드B');
Insert into SEAT (S_NO,MODEL,S_COLUMN,S_ROW,GRADE) values (372,'B737-900','A',57,'지니스탠다드B');
Insert into SEAT (S_NO,MODEL,S_COLUMN,S_ROW,GRADE) values (373,'B737-900','B',57,'지니스탠다드B');
Insert into SEAT (S_NO,MODEL,S_COLUMN,S_ROW,GRADE) values (374,'B737-900','C',57,'지니스탠다드B');
Insert into SEAT (S_NO,MODEL,S_COLUMN,S_ROW,GRADE) values (375,'B737-900','D',57,'지니스탠다드B');
Insert into SEAT (S_NO,MODEL,S_COLUMN,S_ROW,GRADE) values (376,'B737-900','E',57,'지니스탠다드B');
Insert into SEAT (S_NO,MODEL,S_COLUMN,S_ROW,GRADE) values (377,'B737-900','F',57,'지니스탠다드B');
Insert into SEAT (S_NO,MODEL,S_COLUMN,S_ROW,GRADE) values (378,'B777-200ER','A',1,'지니플러스');
Insert into SEAT (S_NO,MODEL,S_COLUMN,S_ROW,GRADE) values (379,'B777-200ER','B',1,'지니플러스');
Insert into SEAT (S_NO,MODEL,S_COLUMN,S_ROW,GRADE) values (380,'B777-200ER','D',1,'지니플러스');
Insert into SEAT (S_NO,MODEL,S_COLUMN,S_ROW,GRADE) values (381,'B777-200ER','E',1,'지니플러스');
Insert into SEAT (S_NO,MODEL,S_COLUMN,S_ROW,GRADE) values (382,'B777-200ER','F',1,'지니플러스');
Insert into SEAT (S_NO,MODEL,S_COLUMN,S_ROW,GRADE) values (383,'B777-200ER','G',1,'지니플러스');
Insert into SEAT (S_NO,MODEL,S_COLUMN,S_ROW,GRADE) values (384,'B777-200ER','J',1,'지니플러스');
Insert into SEAT (S_NO,MODEL,S_COLUMN,S_ROW,GRADE) values (385,'B777-200ER','K',1,'지니플러스');
Insert into SEAT (S_NO,MODEL,S_COLUMN,S_ROW,GRADE) values (386,'B777-200ER','A',2,'지니플러스');
Insert into SEAT (S_NO,MODEL,S_COLUMN,S_ROW,GRADE) values (387,'B777-200ER','B',2,'지니플러스');
Insert into SEAT (S_NO,MODEL,S_COLUMN,S_ROW,GRADE) values (388,'B777-200ER','C',2,'지니플러스');
Insert into SEAT (S_NO,MODEL,S_COLUMN,S_ROW,GRADE) values (389,'B777-200ER','D',2,'지니플러스');
Insert into SEAT (S_NO,MODEL,S_COLUMN,S_ROW,GRADE) values (390,'B777-200ER','E',2,'지니플러스');
Insert into SEAT (S_NO,MODEL,S_COLUMN,S_ROW,GRADE) values (391,'B777-200ER','F',2,'지니플러스');
Insert into SEAT (S_NO,MODEL,S_COLUMN,S_ROW,GRADE) values (392,'B777-200ER','G',2,'지니플러스');
Insert into SEAT (S_NO,MODEL,S_COLUMN,S_ROW,GRADE) values (393,'B777-200ER','H',2,'지니플러스');
Insert into SEAT (S_NO,MODEL,S_COLUMN,S_ROW,GRADE) values (394,'B777-200ER','J',2,'지니플러스');
Insert into SEAT (S_NO,MODEL,S_COLUMN,S_ROW,GRADE) values (395,'B777-200ER','K',2,'지니플러스');
Insert into SEAT (S_NO,MODEL,S_COLUMN,S_ROW,GRADE) values (396,'B777-200ER','A',3,'지니플러스');
Insert into SEAT (S_NO,MODEL,S_COLUMN,S_ROW,GRADE) values (397,'B777-200ER','B',3,'지니플러스');
Insert into SEAT (S_NO,MODEL,S_COLUMN,S_ROW,GRADE) values (398,'B777-200ER','C',3,'지니플러스');
Insert into SEAT (S_NO,MODEL,S_COLUMN,S_ROW,GRADE) values (399,'B777-200ER','D',3,'지니플러스');
Insert into SEAT (S_NO,MODEL,S_COLUMN,S_ROW,GRADE) values (400,'B777-200ER','E',3,'지니플러스');
Insert into SEAT (S_NO,MODEL,S_COLUMN,S_ROW,GRADE) values (401,'B777-200ER','F',3,'지니플러스');
Insert into SEAT (S_NO,MODEL,S_COLUMN,S_ROW,GRADE) values (402,'B777-200ER','G',3,'지니플러스');
Insert into SEAT (S_NO,MODEL,S_COLUMN,S_ROW,GRADE) values (403,'B777-200ER','H',3,'지니플러스');
Insert into SEAT (S_NO,MODEL,S_COLUMN,S_ROW,GRADE) values (404,'B777-200ER','J',3,'지니플러스');
Insert into SEAT (S_NO,MODEL,S_COLUMN,S_ROW,GRADE) values (405,'B777-200ER','K',3,'지니플러스');
Insert into SEAT (S_NO,MODEL,S_COLUMN,S_ROW,GRADE) values (406,'B777-200ER','A',5,'지니플러스');
Insert into SEAT (S_NO,MODEL,S_COLUMN,S_ROW,GRADE) values (407,'B777-200ER','B',5,'지니플러스');
Insert into SEAT (S_NO,MODEL,S_COLUMN,S_ROW,GRADE) values (408,'B777-200ER','C',5,'지니플러스');
Insert into SEAT (S_NO,MODEL,S_COLUMN,S_ROW,GRADE) values (409,'B777-200ER','D',5,'지니플러스');
Insert into SEAT (S_NO,MODEL,S_COLUMN,S_ROW,GRADE) values (410,'B777-200ER','E',5,'지니플러스');
Insert into SEAT (S_NO,MODEL,S_COLUMN,S_ROW,GRADE) values (411,'B777-200ER','F',5,'지니플러스');
Insert into SEAT (S_NO,MODEL,S_COLUMN,S_ROW,GRADE) values (412,'B777-200ER','G',5,'지니플러스');
Insert into SEAT (S_NO,MODEL,S_COLUMN,S_ROW,GRADE) values (413,'B777-200ER','H',5,'지니플러스');
Insert into SEAT (S_NO,MODEL,S_COLUMN,S_ROW,GRADE) values (414,'B777-200ER','J',5,'지니플러스');
Insert into SEAT (S_NO,MODEL,S_COLUMN,S_ROW,GRADE) values (415,'B777-200ER','K',5,'지니플러스');
Insert into SEAT (S_NO,MODEL,S_COLUMN,S_ROW,GRADE) values (416,'B777-200ER','A',6,'지니플러스');
Insert into SEAT (S_NO,MODEL,S_COLUMN,S_ROW,GRADE) values (417,'B777-200ER','B',6,'지니플러스');
Insert into SEAT (S_NO,MODEL,S_COLUMN,S_ROW,GRADE) values (418,'B777-200ER','C',6,'지니플러스');
Insert into SEAT (S_NO,MODEL,S_COLUMN,S_ROW,GRADE) values (419,'B777-200ER','D',6,'지니플러스');
Insert into SEAT (S_NO,MODEL,S_COLUMN,S_ROW,GRADE) values (420,'B777-200ER','E',6,'지니플러스');
Insert into SEAT (S_NO,MODEL,S_COLUMN,S_ROW,GRADE) values (421,'B777-200ER','F',6,'지니플러스');
Insert into SEAT (S_NO,MODEL,S_COLUMN,S_ROW,GRADE) values (422,'B777-200ER','G',6,'지니플러스');
Insert into SEAT (S_NO,MODEL,S_COLUMN,S_ROW,GRADE) values (423,'B777-200ER','H',6,'지니플러스');
Insert into SEAT (S_NO,MODEL,S_COLUMN,S_ROW,GRADE) values (424,'B777-200ER','J',6,'지니플러스');
Insert into SEAT (S_NO,MODEL,S_COLUMN,S_ROW,GRADE) values (425,'B777-200ER','K',6,'지니플러스');
Insert into SEAT (S_NO,MODEL,S_COLUMN,S_ROW,GRADE) values (426,'B777-200ER','A',28,'지니패스트');
Insert into SEAT (S_NO,MODEL,S_COLUMN,S_ROW,GRADE) values (427,'B777-200ER','B',28,'지니패스트');
Insert into SEAT (S_NO,MODEL,S_COLUMN,S_ROW,GRADE) values (428,'B777-200ER','C',28,'지니패스트');
Insert into SEAT (S_NO,MODEL,S_COLUMN,S_ROW,GRADE) values (429,'B777-200ER','D',28,'지니패스트');
Insert into SEAT (S_NO,MODEL,S_COLUMN,S_ROW,GRADE) values (430,'B777-200ER','E',28,'지니패스트');
Insert into SEAT (S_NO,MODEL,S_COLUMN,S_ROW,GRADE) values (431,'B777-200ER','F',28,'지니패스트');
Insert into SEAT (S_NO,MODEL,S_COLUMN,S_ROW,GRADE) values (432,'B777-200ER','G',28,'지니패스트');
Insert into SEAT (S_NO,MODEL,S_COLUMN,S_ROW,GRADE) values (433,'B777-200ER','H',28,'지니패스트');
Insert into SEAT (S_NO,MODEL,S_COLUMN,S_ROW,GRADE) values (434,'B777-200ER','J',28,'지니패스트');
Insert into SEAT (S_NO,MODEL,S_COLUMN,S_ROW,GRADE) values (435,'B777-200ER','K',28,'지니패스트');
Insert into SEAT (S_NO,MODEL,S_COLUMN,S_ROW,GRADE) values (436,'B777-200ER','A',29,'지니패스트');
Insert into SEAT (S_NO,MODEL,S_COLUMN,S_ROW,GRADE) values (437,'B777-200ER','B',29,'지니패스트');
Insert into SEAT (S_NO,MODEL,S_COLUMN,S_ROW,GRADE) values (438,'B777-200ER','C',29,'지니패스트');
Insert into SEAT (S_NO,MODEL,S_COLUMN,S_ROW,GRADE) values (439,'B777-200ER','D',29,'지니패스트');
Insert into SEAT (S_NO,MODEL,S_COLUMN,S_ROW,GRADE) values (440,'B777-200ER','E',29,'지니패스트');
Insert into SEAT (S_NO,MODEL,S_COLUMN,S_ROW,GRADE) values (441,'B777-200ER','F',29,'지니패스트');
Insert into SEAT (S_NO,MODEL,S_COLUMN,S_ROW,GRADE) values (442,'B777-200ER','G',29,'지니패스트');
Insert into SEAT (S_NO,MODEL,S_COLUMN,S_ROW,GRADE) values (443,'B777-200ER','H',29,'지니패스트');
Insert into SEAT (S_NO,MODEL,S_COLUMN,S_ROW,GRADE) values (444,'B777-200ER','J',29,'지니패스트');
Insert into SEAT (S_NO,MODEL,S_COLUMN,S_ROW,GRADE) values (445,'B777-200ER','K',29,'지니패스트');
Insert into SEAT (S_NO,MODEL,S_COLUMN,S_ROW,GRADE) values (446,'B777-200ER','A',30,'지니패스트');
Insert into SEAT (S_NO,MODEL,S_COLUMN,S_ROW,GRADE) values (447,'B777-200ER','B',30,'지니패스트');
Insert into SEAT (S_NO,MODEL,S_COLUMN,S_ROW,GRADE) values (448,'B777-200ER','C',30,'지니패스트');
Insert into SEAT (S_NO,MODEL,S_COLUMN,S_ROW,GRADE) values (449,'B777-200ER','D',30,'지니패스트');
Insert into SEAT (S_NO,MODEL,S_COLUMN,S_ROW,GRADE) values (450,'B777-200ER','E',30,'지니패스트');
Insert into SEAT (S_NO,MODEL,S_COLUMN,S_ROW,GRADE) values (451,'B777-200ER','F',30,'지니패스트');
Insert into SEAT (S_NO,MODEL,S_COLUMN,S_ROW,GRADE) values (452,'B777-200ER','G',30,'지니패스트');
Insert into SEAT (S_NO,MODEL,S_COLUMN,S_ROW,GRADE) values (453,'B777-200ER','H',30,'지니패스트');
Insert into SEAT (S_NO,MODEL,S_COLUMN,S_ROW,GRADE) values (454,'B777-200ER','J',30,'지니패스트');
Insert into SEAT (S_NO,MODEL,S_COLUMN,S_ROW,GRADE) values (455,'B777-200ER','K',30,'지니패스트');
Insert into SEAT (S_NO,MODEL,S_COLUMN,S_ROW,GRADE) values (456,'B777-200ER','A',31,'지니스트레치');
Insert into SEAT (S_NO,MODEL,S_COLUMN,S_ROW,GRADE) values (457,'B777-200ER','B',31,'지니스트레치');
Insert into SEAT (S_NO,MODEL,S_COLUMN,S_ROW,GRADE) values (458,'B777-200ER','C',31,'지니스트레치');
Insert into SEAT (S_NO,MODEL,S_COLUMN,S_ROW,GRADE) values (459,'B777-200ER','D',31,'지니스트레치');
Insert into SEAT (S_NO,MODEL,S_COLUMN,S_ROW,GRADE) values (460,'B777-200ER','E',31,'지니스트레치');
Insert into SEAT (S_NO,MODEL,S_COLUMN,S_ROW,GRADE) values (461,'B777-200ER','F',31,'지니스트레치');
Insert into SEAT (S_NO,MODEL,S_COLUMN,S_ROW,GRADE) values (462,'B777-200ER','G',31,'지니스트레치');
Insert into SEAT (S_NO,MODEL,S_COLUMN,S_ROW,GRADE) values (463,'B777-200ER','H',31,'지니스트레치');
Insert into SEAT (S_NO,MODEL,S_COLUMN,S_ROW,GRADE) values (464,'B777-200ER','J',31,'지니스트레치');
Insert into SEAT (S_NO,MODEL,S_COLUMN,S_ROW,GRADE) values (465,'B777-200ER','K',31,'지니스트레치');
Insert into SEAT (S_NO,MODEL,S_COLUMN,S_ROW,GRADE) values (466,'B777-200ER','A',32,'지니패스트');
Insert into SEAT (S_NO,MODEL,S_COLUMN,S_ROW,GRADE) values (467,'B777-200ER','B',32,'지니패스트');
Insert into SEAT (S_NO,MODEL,S_COLUMN,S_ROW,GRADE) values (468,'B777-200ER','C',32,'지니패스트');
Insert into SEAT (S_NO,MODEL,S_COLUMN,S_ROW,GRADE) values (469,'B777-200ER','D',32,'지니패스트');
Insert into SEAT (S_NO,MODEL,S_COLUMN,S_ROW,GRADE) values (470,'B777-200ER','E',32,'지니패스트');
Insert into SEAT (S_NO,MODEL,S_COLUMN,S_ROW,GRADE) values (471,'B777-200ER','F',32,'지니패스트');
Insert into SEAT (S_NO,MODEL,S_COLUMN,S_ROW,GRADE) values (472,'B777-200ER','G',32,'지니패스트');
Insert into SEAT (S_NO,MODEL,S_COLUMN,S_ROW,GRADE) values (473,'B777-200ER','H',32,'지니패스트');
Insert into SEAT (S_NO,MODEL,S_COLUMN,S_ROW,GRADE) values (474,'B777-200ER','J',32,'지니패스트');
Insert into SEAT (S_NO,MODEL,S_COLUMN,S_ROW,GRADE) values (475,'B777-200ER','K',32,'지니패스트');
Insert into SEAT (S_NO,MODEL,S_COLUMN,S_ROW,GRADE) values (476,'B777-200ER','A',33,'지니패스트');
Insert into SEAT (S_NO,MODEL,S_COLUMN,S_ROW,GRADE) values (477,'B777-200ER','B',33,'지니패스트');
Insert into SEAT (S_NO,MODEL,S_COLUMN,S_ROW,GRADE) values (478,'B777-200ER','C',33,'지니패스트');
Insert into SEAT (S_NO,MODEL,S_COLUMN,S_ROW,GRADE) values (479,'B777-200ER','D',33,'지니패스트');
Insert into SEAT (S_NO,MODEL,S_COLUMN,S_ROW,GRADE) values (480,'B777-200ER','E',33,'지니패스트');
Insert into SEAT (S_NO,MODEL,S_COLUMN,S_ROW,GRADE) values (481,'B777-200ER','F',33,'지니패스트');
Insert into SEAT (S_NO,MODEL,S_COLUMN,S_ROW,GRADE) values (482,'B777-200ER','G',33,'지니패스트');
Insert into SEAT (S_NO,MODEL,S_COLUMN,S_ROW,GRADE) values (483,'B777-200ER','H',33,'지니패스트');
Insert into SEAT (S_NO,MODEL,S_COLUMN,S_ROW,GRADE) values (484,'B777-200ER','J',33,'지니패스트');
Insert into SEAT (S_NO,MODEL,S_COLUMN,S_ROW,GRADE) values (485,'B777-200ER','K',33,'지니패스트');
Insert into SEAT (S_NO,MODEL,S_COLUMN,S_ROW,GRADE) values (486,'B777-200ER','A',34,'지니스탠다드A');
Insert into SEAT (S_NO,MODEL,S_COLUMN,S_ROW,GRADE) values (487,'B777-200ER','B',34,'지니스탠다드A');
Insert into SEAT (S_NO,MODEL,S_COLUMN,S_ROW,GRADE) values (488,'B777-200ER','C',34,'지니스탠다드A');
Insert into SEAT (S_NO,MODEL,S_COLUMN,S_ROW,GRADE) values (489,'B777-200ER','D',34,'지니스탠다드A');
Insert into SEAT (S_NO,MODEL,S_COLUMN,S_ROW,GRADE) values (490,'B777-200ER','E',34,'지니스탠다드A');
Insert into SEAT (S_NO,MODEL,S_COLUMN,S_ROW,GRADE) values (491,'B777-200ER','F',34,'지니스탠다드A');
Insert into SEAT (S_NO,MODEL,S_COLUMN,S_ROW,GRADE) values (492,'B777-200ER','G',34,'지니스탠다드A');
Insert into SEAT (S_NO,MODEL,S_COLUMN,S_ROW,GRADE) values (493,'B777-200ER','H',34,'지니스탠다드A');
Insert into SEAT (S_NO,MODEL,S_COLUMN,S_ROW,GRADE) values (494,'B777-200ER','J',34,'지니스탠다드A');
Insert into SEAT (S_NO,MODEL,S_COLUMN,S_ROW,GRADE) values (495,'B777-200ER','K',34,'지니스탠다드A');
Insert into SEAT (S_NO,MODEL,S_COLUMN,S_ROW,GRADE) values (496,'B777-200ER','A',35,'지니스탠다드A');
Insert into SEAT (S_NO,MODEL,S_COLUMN,S_ROW,GRADE) values (497,'B777-200ER','B',35,'지니스탠다드A');
Insert into SEAT (S_NO,MODEL,S_COLUMN,S_ROW,GRADE) values (498,'B777-200ER','C',35,'지니스탠다드A');
Insert into SEAT (S_NO,MODEL,S_COLUMN,S_ROW,GRADE) values (499,'B777-200ER','D',35,'지니스탠다드A');
Insert into SEAT (S_NO,MODEL,S_COLUMN,S_ROW,GRADE) values (500,'B777-200ER','E',35,'지니스탠다드A');
Insert into SEAT (S_NO,MODEL,S_COLUMN,S_ROW,GRADE) values (501,'B777-200ER','F',35,'지니스탠다드A');
Insert into SEAT (S_NO,MODEL,S_COLUMN,S_ROW,GRADE) values (502,'B777-200ER','G',35,'지니스탠다드A');
Insert into SEAT (S_NO,MODEL,S_COLUMN,S_ROW,GRADE) values (503,'B777-200ER','H',35,'지니스탠다드A');
Insert into SEAT (S_NO,MODEL,S_COLUMN,S_ROW,GRADE) values (504,'B777-200ER','J',35,'지니스탠다드A');
Insert into SEAT (S_NO,MODEL,S_COLUMN,S_ROW,GRADE) values (505,'B777-200ER','K',35,'지니스탠다드A');
Insert into SEAT (S_NO,MODEL,S_COLUMN,S_ROW,GRADE) values (506,'B777-200ER','A',36,'지니스탠다드A');
Insert into SEAT (S_NO,MODEL,S_COLUMN,S_ROW,GRADE) values (507,'B777-200ER','B',36,'지니스탠다드A');
Insert into SEAT (S_NO,MODEL,S_COLUMN,S_ROW,GRADE) values (508,'B777-200ER','C',36,'지니스탠다드A');
Insert into SEAT (S_NO,MODEL,S_COLUMN,S_ROW,GRADE) values (509,'B777-200ER','D',36,'지니스탠다드A');
Insert into SEAT (S_NO,MODEL,S_COLUMN,S_ROW,GRADE) values (510,'B777-200ER','E',36,'지니스탠다드A');
Insert into SEAT (S_NO,MODEL,S_COLUMN,S_ROW,GRADE) values (511,'B777-200ER','F',36,'지니스탠다드A');
Insert into SEAT (S_NO,MODEL,S_COLUMN,S_ROW,GRADE) values (512,'B777-200ER','G',36,'지니스탠다드A');
Insert into SEAT (S_NO,MODEL,S_COLUMN,S_ROW,GRADE) values (513,'B777-200ER','H',36,'지니스탠다드A');
Insert into SEAT (S_NO,MODEL,S_COLUMN,S_ROW,GRADE) values (514,'B777-200ER','J',36,'지니스탠다드A');
Insert into SEAT (S_NO,MODEL,S_COLUMN,S_ROW,GRADE) values (515,'B777-200ER','K',36,'지니스탠다드A');
Insert into SEAT (S_NO,MODEL,S_COLUMN,S_ROW,GRADE) values (516,'B777-200ER','A',37,'지니스탠다드A');
Insert into SEAT (S_NO,MODEL,S_COLUMN,S_ROW,GRADE) values (517,'B777-200ER','B',37,'지니스탠다드A');
Insert into SEAT (S_NO,MODEL,S_COLUMN,S_ROW,GRADE) values (518,'B777-200ER','C',37,'지니스탠다드A');
Insert into SEAT (S_NO,MODEL,S_COLUMN,S_ROW,GRADE) values (519,'B777-200ER','D',37,'지니스탠다드A');
Insert into SEAT (S_NO,MODEL,S_COLUMN,S_ROW,GRADE) values (520,'B777-200ER','E',37,'지니스탠다드A');
Insert into SEAT (S_NO,MODEL,S_COLUMN,S_ROW,GRADE) values (521,'B777-200ER','F',37,'지니스탠다드A');
Insert into SEAT (S_NO,MODEL,S_COLUMN,S_ROW,GRADE) values (522,'B777-200ER','G',37,'지니스탠다드A');
Insert into SEAT (S_NO,MODEL,S_COLUMN,S_ROW,GRADE) values (523,'B777-200ER','H',37,'지니스탠다드A');
Insert into SEAT (S_NO,MODEL,S_COLUMN,S_ROW,GRADE) values (524,'B777-200ER','J',37,'지니스탠다드A');
Insert into SEAT (S_NO,MODEL,S_COLUMN,S_ROW,GRADE) values (525,'B777-200ER','K',37,'지니스탠다드A');
Insert into SEAT (S_NO,MODEL,S_COLUMN,S_ROW,GRADE) values (526,'B777-200ER','A',38,'지니스탠다드A');
Insert into SEAT (S_NO,MODEL,S_COLUMN,S_ROW,GRADE) values (527,'B777-200ER','B',38,'지니스탠다드A');
Insert into SEAT (S_NO,MODEL,S_COLUMN,S_ROW,GRADE) values (528,'B777-200ER','C',38,'지니스탠다드A');
Insert into SEAT (S_NO,MODEL,S_COLUMN,S_ROW,GRADE) values (529,'B777-200ER','D',38,'지니스탠다드A');
Insert into SEAT (S_NO,MODEL,S_COLUMN,S_ROW,GRADE) values (530,'B777-200ER','E',38,'지니스탠다드A');
Insert into SEAT (S_NO,MODEL,S_COLUMN,S_ROW,GRADE) values (531,'B777-200ER','F',38,'지니스탠다드A');
Insert into SEAT (S_NO,MODEL,S_COLUMN,S_ROW,GRADE) values (532,'B777-200ER','G',38,'지니스탠다드A');
Insert into SEAT (S_NO,MODEL,S_COLUMN,S_ROW,GRADE) values (533,'B777-200ER','H',38,'지니스탠다드A');
Insert into SEAT (S_NO,MODEL,S_COLUMN,S_ROW,GRADE) values (534,'B777-200ER','J',38,'지니스탠다드A');
Insert into SEAT (S_NO,MODEL,S_COLUMN,S_ROW,GRADE) values (535,'B777-200ER','K',38,'지니스탠다드A');
Insert into SEAT (S_NO,MODEL,S_COLUMN,S_ROW,GRADE) values (536,'B777-200ER','A',39,'지니스탠다드A');
Insert into SEAT (S_NO,MODEL,S_COLUMN,S_ROW,GRADE) values (537,'B777-200ER','B',39,'지니스탠다드A');
Insert into SEAT (S_NO,MODEL,S_COLUMN,S_ROW,GRADE) values (538,'B777-200ER','C',39,'지니스탠다드A');
Insert into SEAT (S_NO,MODEL,S_COLUMN,S_ROW,GRADE) values (539,'B777-200ER','D',39,'지니스탠다드A');
Insert into SEAT (S_NO,MODEL,S_COLUMN,S_ROW,GRADE) values (540,'B777-200ER','E',39,'지니스탠다드A');
Insert into SEAT (S_NO,MODEL,S_COLUMN,S_ROW,GRADE) values (541,'B777-200ER','F',39,'지니스탠다드A');
Insert into SEAT (S_NO,MODEL,S_COLUMN,S_ROW,GRADE) values (542,'B777-200ER','G',39,'지니스탠다드A');
Insert into SEAT (S_NO,MODEL,S_COLUMN,S_ROW,GRADE) values (543,'B777-200ER','H',39,'지니스탠다드A');
Insert into SEAT (S_NO,MODEL,S_COLUMN,S_ROW,GRADE) values (544,'B777-200ER','J',39,'지니스탠다드A');
Insert into SEAT (S_NO,MODEL,S_COLUMN,S_ROW,GRADE) values (545,'B777-200ER','K',39,'지니스탠다드A');
Insert into SEAT (S_NO,MODEL,S_COLUMN,S_ROW,GRADE) values (546,'B777-200ER','A',40,'지니스탠다드A');
Insert into SEAT (S_NO,MODEL,S_COLUMN,S_ROW,GRADE) values (547,'B777-200ER','B',40,'지니스탠다드A');
Insert into SEAT (S_NO,MODEL,S_COLUMN,S_ROW,GRADE) values (548,'B777-200ER','C',40,'지니스탠다드A');
Insert into SEAT (S_NO,MODEL,S_COLUMN,S_ROW,GRADE) values (549,'B777-200ER','D',40,'지니스탠다드A');
Insert into SEAT (S_NO,MODEL,S_COLUMN,S_ROW,GRADE) values (550,'B777-200ER','E',40,'지니스탠다드A');
Insert into SEAT (S_NO,MODEL,S_COLUMN,S_ROW,GRADE) values (551,'B777-200ER','F',40,'지니스탠다드A');
Insert into SEAT (S_NO,MODEL,S_COLUMN,S_ROW,GRADE) values (552,'B777-200ER','G',40,'지니스탠다드A');
Insert into SEAT (S_NO,MODEL,S_COLUMN,S_ROW,GRADE) values (553,'B777-200ER','H',40,'지니스탠다드A');
Insert into SEAT (S_NO,MODEL,S_COLUMN,S_ROW,GRADE) values (554,'B777-200ER','J',40,'지니스탠다드A');
Insert into SEAT (S_NO,MODEL,S_COLUMN,S_ROW,GRADE) values (555,'B777-200ER','K',40,'지니스탠다드A');
Insert into SEAT (S_NO,MODEL,S_COLUMN,S_ROW,GRADE) values (556,'B777-200ER','A',41,'지니스탠다드A');
Insert into SEAT (S_NO,MODEL,S_COLUMN,S_ROW,GRADE) values (557,'B777-200ER','B',41,'지니스탠다드A');
Insert into SEAT (S_NO,MODEL,S_COLUMN,S_ROW,GRADE) values (558,'B777-200ER','C',41,'지니스탠다드A');
Insert into SEAT (S_NO,MODEL,S_COLUMN,S_ROW,GRADE) values (559,'B777-200ER','D',41,'지니스탠다드A');
Insert into SEAT (S_NO,MODEL,S_COLUMN,S_ROW,GRADE) values (560,'B777-200ER','E',41,'지니스탠다드A');
Insert into SEAT (S_NO,MODEL,S_COLUMN,S_ROW,GRADE) values (561,'B777-200ER','F',41,'지니스탠다드A');
Insert into SEAT (S_NO,MODEL,S_COLUMN,S_ROW,GRADE) values (562,'B777-200ER','G',41,'지니스탠다드A');
Insert into SEAT (S_NO,MODEL,S_COLUMN,S_ROW,GRADE) values (563,'B777-200ER','H',41,'지니스탠다드A');
Insert into SEAT (S_NO,MODEL,S_COLUMN,S_ROW,GRADE) values (564,'B777-200ER','J',41,'지니스탠다드A');
Insert into SEAT (S_NO,MODEL,S_COLUMN,S_ROW,GRADE) values (565,'B777-200ER','K',41,'지니스탠다드A');
Insert into SEAT (S_NO,MODEL,S_COLUMN,S_ROW,GRADE) values (566,'B777-200ER','A',42,'지니스탠다드B');
Insert into SEAT (S_NO,MODEL,S_COLUMN,S_ROW,GRADE) values (567,'B777-200ER','B',42,'지니스탠다드B');
Insert into SEAT (S_NO,MODEL,S_COLUMN,S_ROW,GRADE) values (568,'B777-200ER','C',42,'지니스탠다드B');
Insert into SEAT (S_NO,MODEL,S_COLUMN,S_ROW,GRADE) values (569,'B777-200ER','D',42,'지니스탠다드B');
Insert into SEAT (S_NO,MODEL,S_COLUMN,S_ROW,GRADE) values (570,'B777-200ER','E',42,'지니스탠다드B');
Insert into SEAT (S_NO,MODEL,S_COLUMN,S_ROW,GRADE) values (571,'B777-200ER','F',42,'지니스탠다드B');
Insert into SEAT (S_NO,MODEL,S_COLUMN,S_ROW,GRADE) values (572,'B777-200ER','G',42,'지니스탠다드B');
Insert into SEAT (S_NO,MODEL,S_COLUMN,S_ROW,GRADE) values (573,'B777-200ER','H',42,'지니스탠다드B');
Insert into SEAT (S_NO,MODEL,S_COLUMN,S_ROW,GRADE) values (574,'B777-200ER','J',42,'지니스탠다드B');
Insert into SEAT (S_NO,MODEL,S_COLUMN,S_ROW,GRADE) values (575,'B777-200ER','K',42,'지니스탠다드B');
Insert into SEAT (S_NO,MODEL,S_COLUMN,S_ROW,GRADE) values (576,'B777-200ER','A',43,'지니스탠다드B');
Insert into SEAT (S_NO,MODEL,S_COLUMN,S_ROW,GRADE) values (577,'B777-200ER','B',43,'지니스탠다드B');
Insert into SEAT (S_NO,MODEL,S_COLUMN,S_ROW,GRADE) values (578,'B777-200ER','C',43,'지니스탠다드B');
Insert into SEAT (S_NO,MODEL,S_COLUMN,S_ROW,GRADE) values (579,'B777-200ER','D',43,'지니스탠다드B');
Insert into SEAT (S_NO,MODEL,S_COLUMN,S_ROW,GRADE) values (580,'B777-200ER','E',43,'지니스탠다드B');
Insert into SEAT (S_NO,MODEL,S_COLUMN,S_ROW,GRADE) values (581,'B777-200ER','F',43,'지니스탠다드B');
Insert into SEAT (S_NO,MODEL,S_COLUMN,S_ROW,GRADE) values (582,'B777-200ER','G',43,'지니스탠다드B');
Insert into SEAT (S_NO,MODEL,S_COLUMN,S_ROW,GRADE) values (583,'B777-200ER','H',43,'지니스탠다드B');
Insert into SEAT (S_NO,MODEL,S_COLUMN,S_ROW,GRADE) values (584,'B777-200ER','J',43,'지니스탠다드B');
Insert into SEAT (S_NO,MODEL,S_COLUMN,S_ROW,GRADE) values (585,'B777-200ER','K',43,'지니스탠다드B');
Insert into SEAT (S_NO,MODEL,S_COLUMN,S_ROW,GRADE) values (586,'B777-200ER','A',44,'지니스탠다드B');
Insert into SEAT (S_NO,MODEL,S_COLUMN,S_ROW,GRADE) values (587,'B777-200ER','B',44,'지니스탠다드B');
Insert into SEAT (S_NO,MODEL,S_COLUMN,S_ROW,GRADE) values (588,'B777-200ER','C',44,'지니스탠다드B');
Insert into SEAT (S_NO,MODEL,S_COLUMN,S_ROW,GRADE) values (589,'B777-200ER','D',44,'지니스탠다드B');
Insert into SEAT (S_NO,MODEL,S_COLUMN,S_ROW,GRADE) values (590,'B777-200ER','E',44,'지니스탠다드B');
Insert into SEAT (S_NO,MODEL,S_COLUMN,S_ROW,GRADE) values (591,'B777-200ER','F',44,'지니스탠다드B');
Insert into SEAT (S_NO,MODEL,S_COLUMN,S_ROW,GRADE) values (592,'B777-200ER','G',44,'지니스탠다드B');
Insert into SEAT (S_NO,MODEL,S_COLUMN,S_ROW,GRADE) values (593,'B777-200ER','H',44,'지니스탠다드B');
Insert into SEAT (S_NO,MODEL,S_COLUMN,S_ROW,GRADE) values (594,'B777-200ER','J',44,'지니스탠다드B');
Insert into SEAT (S_NO,MODEL,S_COLUMN,S_ROW,GRADE) values (595,'B777-200ER','K',44,'지니스탠다드B');
Insert into SEAT (S_NO,MODEL,S_COLUMN,S_ROW,GRADE) values (596,'B777-200ER','A',45,'지니스탠다드B');
Insert into SEAT (S_NO,MODEL,S_COLUMN,S_ROW,GRADE) values (597,'B777-200ER','B',45,'지니스탠다드B');
Insert into SEAT (S_NO,MODEL,S_COLUMN,S_ROW,GRADE) values (598,'B777-200ER','C',45,'지니스탠다드B');
Insert into SEAT (S_NO,MODEL,S_COLUMN,S_ROW,GRADE) values (599,'B777-200ER','D',45,'지니스탠다드B');
Insert into SEAT (S_NO,MODEL,S_COLUMN,S_ROW,GRADE) values (600,'B777-200ER','E',45,'지니스탠다드B');
Insert into SEAT (S_NO,MODEL,S_COLUMN,S_ROW,GRADE) values (601,'B777-200ER','F',45,'지니스탠다드B');
Insert into SEAT (S_NO,MODEL,S_COLUMN,S_ROW,GRADE) values (602,'B777-200ER','G',45,'지니스탠다드B');
Insert into SEAT (S_NO,MODEL,S_COLUMN,S_ROW,GRADE) values (603,'B777-200ER','H',45,'지니스탠다드B');
Insert into SEAT (S_NO,MODEL,S_COLUMN,S_ROW,GRADE) values (604,'B777-200ER','J',45,'지니스탠다드B');
Insert into SEAT (S_NO,MODEL,S_COLUMN,S_ROW,GRADE) values (605,'B777-200ER','K',45,'지니스탠다드B');
Insert into SEAT (S_NO,MODEL,S_COLUMN,S_ROW,GRADE) values (606,'B777-200ER','A',46,'지니스탠다드B');
Insert into SEAT (S_NO,MODEL,S_COLUMN,S_ROW,GRADE) values (607,'B777-200ER','B',46,'지니스탠다드B');
Insert into SEAT (S_NO,MODEL,S_COLUMN,S_ROW,GRADE) values (608,'B777-200ER','C',46,'지니스탠다드B');
Insert into SEAT (S_NO,MODEL,S_COLUMN,S_ROW,GRADE) values (609,'B777-200ER','D',46,'지니스탠다드B');
Insert into SEAT (S_NO,MODEL,S_COLUMN,S_ROW,GRADE) values (610,'B777-200ER','E',46,'지니스탠다드B');
Insert into SEAT (S_NO,MODEL,S_COLUMN,S_ROW,GRADE) values (611,'B777-200ER','F',46,'지니스탠다드B');
Insert into SEAT (S_NO,MODEL,S_COLUMN,S_ROW,GRADE) values (612,'B777-200ER','G',46,'지니스탠다드B');
Insert into SEAT (S_NO,MODEL,S_COLUMN,S_ROW,GRADE) values (613,'B777-200ER','H',46,'지니스탠다드B');
Insert into SEAT (S_NO,MODEL,S_COLUMN,S_ROW,GRADE) values (614,'B777-200ER','J',46,'지니스탠다드B');
Insert into SEAT (S_NO,MODEL,S_COLUMN,S_ROW,GRADE) values (615,'B777-200ER','K',46,'지니스탠다드B');
Insert into SEAT (S_NO,MODEL,S_COLUMN,S_ROW,GRADE) values (616,'B777-200ER','A',47,'지니스탠다드B');
Insert into SEAT (S_NO,MODEL,S_COLUMN,S_ROW,GRADE) values (617,'B777-200ER','B',47,'지니스탠다드B');
Insert into SEAT (S_NO,MODEL,S_COLUMN,S_ROW,GRADE) values (618,'B777-200ER','C',47,'지니스탠다드B');
Insert into SEAT (S_NO,MODEL,S_COLUMN,S_ROW,GRADE) values (619,'B777-200ER','D',47,'지니스탠다드B');
Insert into SEAT (S_NO,MODEL,S_COLUMN,S_ROW,GRADE) values (620,'B777-200ER','E',47,'지니스탠다드B');
Insert into SEAT (S_NO,MODEL,S_COLUMN,S_ROW,GRADE) values (621,'B777-200ER','F',47,'지니스탠다드B');
Insert into SEAT (S_NO,MODEL,S_COLUMN,S_ROW,GRADE) values (622,'B777-200ER','G',47,'지니스탠다드B');
Insert into SEAT (S_NO,MODEL,S_COLUMN,S_ROW,GRADE) values (623,'B777-200ER','H',47,'지니스탠다드B');
Insert into SEAT (S_NO,MODEL,S_COLUMN,S_ROW,GRADE) values (624,'B777-200ER','J',47,'지니스탠다드B');
Insert into SEAT (S_NO,MODEL,S_COLUMN,S_ROW,GRADE) values (625,'B777-200ER','K',47,'지니스탠다드B');
Insert into SEAT (S_NO,MODEL,S_COLUMN,S_ROW,GRADE) values (626,'B777-200ER','A',48,'지니스탠다드B');
Insert into SEAT (S_NO,MODEL,S_COLUMN,S_ROW,GRADE) values (627,'B777-200ER','B',48,'지니스탠다드B');
Insert into SEAT (S_NO,MODEL,S_COLUMN,S_ROW,GRADE) values (628,'B777-200ER','C',48,'지니스탠다드B');
Insert into SEAT (S_NO,MODEL,S_COLUMN,S_ROW,GRADE) values (629,'B777-200ER','D',48,'지니스탠다드B');
Insert into SEAT (S_NO,MODEL,S_COLUMN,S_ROW,GRADE) values (630,'B777-200ER','E',48,'지니스탠다드B');
Insert into SEAT (S_NO,MODEL,S_COLUMN,S_ROW,GRADE) values (631,'B777-200ER','F',48,'지니스탠다드B');
Insert into SEAT (S_NO,MODEL,S_COLUMN,S_ROW,GRADE) values (632,'B777-200ER','G',48,'지니스탠다드B');
Insert into SEAT (S_NO,MODEL,S_COLUMN,S_ROW,GRADE) values (633,'B777-200ER','H',48,'지니스탠다드B');
Insert into SEAT (S_NO,MODEL,S_COLUMN,S_ROW,GRADE) values (634,'B777-200ER','J',48,'지니스탠다드B');
Insert into SEAT (S_NO,MODEL,S_COLUMN,S_ROW,GRADE) values (635,'B777-200ER','K',48,'지니스탠다드B');
Insert into SEAT (S_NO,MODEL,S_COLUMN,S_ROW,GRADE) values (636,'B777-200ER','A',49,'지니스탠다드B');
Insert into SEAT (S_NO,MODEL,S_COLUMN,S_ROW,GRADE) values (637,'B777-200ER','B',49,'지니스탠다드B');
Insert into SEAT (S_NO,MODEL,S_COLUMN,S_ROW,GRADE) values (638,'B777-200ER','C',49,'지니스탠다드B');
Insert into SEAT (S_NO,MODEL,S_COLUMN,S_ROW,GRADE) values (639,'B777-200ER','D',49,'지니스탠다드B');
Insert into SEAT (S_NO,MODEL,S_COLUMN,S_ROW,GRADE) values (640,'B777-200ER','E',49,'지니스탠다드B');
Insert into SEAT (S_NO,MODEL,S_COLUMN,S_ROW,GRADE) values (641,'B777-200ER','F',49,'지니스탠다드B');
Insert into SEAT (S_NO,MODEL,S_COLUMN,S_ROW,GRADE) values (642,'B777-200ER','G',49,'지니스탠다드B');
Insert into SEAT (S_NO,MODEL,S_COLUMN,S_ROW,GRADE) values (643,'B777-200ER','H',49,'지니스탠다드B');
Insert into SEAT (S_NO,MODEL,S_COLUMN,S_ROW,GRADE) values (644,'B777-200ER','J',49,'지니스탠다드B');
Insert into SEAT (S_NO,MODEL,S_COLUMN,S_ROW,GRADE) values (645,'B777-200ER','K',49,'지니스탠다드B');
Insert into SEAT (S_NO,MODEL,S_COLUMN,S_ROW,GRADE) values (646,'B777-200ER','A',50,'지니스탠다드B');
Insert into SEAT (S_NO,MODEL,S_COLUMN,S_ROW,GRADE) values (647,'B777-200ER','B',50,'지니스탠다드B');
Insert into SEAT (S_NO,MODEL,S_COLUMN,S_ROW,GRADE) values (648,'B777-200ER','C',50,'지니스탠다드B');
Insert into SEAT (S_NO,MODEL,S_COLUMN,S_ROW,GRADE) values (649,'B777-200ER','D',50,'지니스탠다드B');
Insert into SEAT (S_NO,MODEL,S_COLUMN,S_ROW,GRADE) values (650,'B777-200ER','E',50,'지니스탠다드B');
Insert into SEAT (S_NO,MODEL,S_COLUMN,S_ROW,GRADE) values (651,'B777-200ER','F',50,'지니스탠다드B');
Insert into SEAT (S_NO,MODEL,S_COLUMN,S_ROW,GRADE) values (652,'B777-200ER','G',50,'지니스탠다드B');
Insert into SEAT (S_NO,MODEL,S_COLUMN,S_ROW,GRADE) values (653,'B777-200ER','A',51,'비상구열');
Insert into SEAT (S_NO,MODEL,S_COLUMN,S_ROW,GRADE) values (654,'B777-200ER','B',51,'비상구열');
Insert into SEAT (S_NO,MODEL,S_COLUMN,S_ROW,GRADE) values (655,'B777-200ER','C',51,'비상구열');
Insert into SEAT (S_NO,MODEL,S_COLUMN,S_ROW,GRADE) values (656,'B777-200ER','H',51,'비상구열');
Insert into SEAT (S_NO,MODEL,S_COLUMN,S_ROW,GRADE) values (657,'B777-200ER','J',51,'비상구열');
Insert into SEAT (S_NO,MODEL,S_COLUMN,S_ROW,GRADE) values (658,'B777-200ER','K',51,'비상구열');
Insert into SEAT (S_NO,MODEL,S_COLUMN,S_ROW,GRADE) values (659,'B777-200ER','A',52,'지니스탠다드B');
Insert into SEAT (S_NO,MODEL,S_COLUMN,S_ROW,GRADE) values (660,'B777-200ER','B',52,'지니스탠다드B');
Insert into SEAT (S_NO,MODEL,S_COLUMN,S_ROW,GRADE) values (661,'B777-200ER','C',52,'지니스탠다드B');
Insert into SEAT (S_NO,MODEL,S_COLUMN,S_ROW,GRADE) values (662,'B777-200ER','D',52,'지니스트레치');
Insert into SEAT (S_NO,MODEL,S_COLUMN,S_ROW,GRADE) values (663,'B777-200ER','E',52,'지니스트레치');
Insert into SEAT (S_NO,MODEL,S_COLUMN,S_ROW,GRADE) values (664,'B777-200ER','F',52,'지니스트레치');
Insert into SEAT (S_NO,MODEL,S_COLUMN,S_ROW,GRADE) values (665,'B777-200ER','G',52,'지니스트레치');
Insert into SEAT (S_NO,MODEL,S_COLUMN,S_ROW,GRADE) values (666,'B777-200ER','H',52,'지니스탠다드B');
Insert into SEAT (S_NO,MODEL,S_COLUMN,S_ROW,GRADE) values (667,'B777-200ER','J',52,'지니스탠다드B');
Insert into SEAT (S_NO,MODEL,S_COLUMN,S_ROW,GRADE) values (668,'B777-200ER','K',52,'지니스탠다드B');
Insert into SEAT (S_NO,MODEL,S_COLUMN,S_ROW,GRADE) values (669,'B777-200ER','A',53,'지니스탠다드B');
Insert into SEAT (S_NO,MODEL,S_COLUMN,S_ROW,GRADE) values (670,'B777-200ER','B',53,'지니스탠다드B');
Insert into SEAT (S_NO,MODEL,S_COLUMN,S_ROW,GRADE) values (671,'B777-200ER','C',53,'지니스탠다드B');
Insert into SEAT (S_NO,MODEL,S_COLUMN,S_ROW,GRADE) values (672,'B777-200ER','D',53,'지니스탠다드B');
Insert into SEAT (S_NO,MODEL,S_COLUMN,S_ROW,GRADE) values (673,'B777-200ER','E',53,'지니스탠다드B');
Insert into SEAT (S_NO,MODEL,S_COLUMN,S_ROW,GRADE) values (674,'B777-200ER','F',53,'지니스탠다드B');
Insert into SEAT (S_NO,MODEL,S_COLUMN,S_ROW,GRADE) values (675,'B777-200ER','G',53,'지니스탠다드B');
Insert into SEAT (S_NO,MODEL,S_COLUMN,S_ROW,GRADE) values (676,'B777-200ER','H',53,'지니스탠다드B');
Insert into SEAT (S_NO,MODEL,S_COLUMN,S_ROW,GRADE) values (677,'B777-200ER','J',53,'지니스탠다드B');
Insert into SEAT (S_NO,MODEL,S_COLUMN,S_ROW,GRADE) values (678,'B777-200ER','K',53,'지니스탠다드B');
Insert into SEAT (S_NO,MODEL,S_COLUMN,S_ROW,GRADE) values (679,'B777-200ER','A',54,'지니스탠다드B');
Insert into SEAT (S_NO,MODEL,S_COLUMN,S_ROW,GRADE) values (680,'B777-200ER','B',54,'지니스탠다드B');
Insert into SEAT (S_NO,MODEL,S_COLUMN,S_ROW,GRADE) values (681,'B777-200ER','C',54,'지니스탠다드B');
Insert into SEAT (S_NO,MODEL,S_COLUMN,S_ROW,GRADE) values (682,'B777-200ER','D',54,'지니스탠다드B');
Insert into SEAT (S_NO,MODEL,S_COLUMN,S_ROW,GRADE) values (683,'B777-200ER','E',54,'지니스탠다드B');
Insert into SEAT (S_NO,MODEL,S_COLUMN,S_ROW,GRADE) values (684,'B777-200ER','F',54,'지니스탠다드B');
Insert into SEAT (S_NO,MODEL,S_COLUMN,S_ROW,GRADE) values (685,'B777-200ER','G',54,'지니스탠다드B');
Insert into SEAT (S_NO,MODEL,S_COLUMN,S_ROW,GRADE) values (686,'B777-200ER','H',54,'지니스탠다드B');
Insert into SEAT (S_NO,MODEL,S_COLUMN,S_ROW,GRADE) values (687,'B777-200ER','J',54,'지니스탠다드B');
Insert into SEAT (S_NO,MODEL,S_COLUMN,S_ROW,GRADE) values (688,'B777-200ER','K',54,'지니스탠다드B');
Insert into SEAT (S_NO,MODEL,S_COLUMN,S_ROW,GRADE) values (689,'B777-200ER','A',55,'지니스탠다드B');
Insert into SEAT (S_NO,MODEL,S_COLUMN,S_ROW,GRADE) values (690,'B777-200ER','B',55,'지니스탠다드B');
Insert into SEAT (S_NO,MODEL,S_COLUMN,S_ROW,GRADE) values (691,'B777-200ER','C',55,'지니스탠다드B');
Insert into SEAT (S_NO,MODEL,S_COLUMN,S_ROW,GRADE) values (692,'B777-200ER','D',55,'지니스탠다드B');
Insert into SEAT (S_NO,MODEL,S_COLUMN,S_ROW,GRADE) values (693,'B777-200ER','E',55,'지니스탠다드B');
Insert into SEAT (S_NO,MODEL,S_COLUMN,S_ROW,GRADE) values (694,'B777-200ER','F',55,'지니스탠다드B');
Insert into SEAT (S_NO,MODEL,S_COLUMN,S_ROW,GRADE) values (695,'B777-200ER','G',55,'지니스탠다드B');
Insert into SEAT (S_NO,MODEL,S_COLUMN,S_ROW,GRADE) values (696,'B777-200ER','H',55,'지니스탠다드B');
Insert into SEAT (S_NO,MODEL,S_COLUMN,S_ROW,GRADE) values (697,'B777-200ER','J',55,'지니스탠다드B');
Insert into SEAT (S_NO,MODEL,S_COLUMN,S_ROW,GRADE) values (698,'B777-200ER','K',55,'지니스탠다드B');
Insert into SEAT (S_NO,MODEL,S_COLUMN,S_ROW,GRADE) values (699,'B777-200ER','A',56,'지니스탠다드B');
Insert into SEAT (S_NO,MODEL,S_COLUMN,S_ROW,GRADE) values (700,'B777-200ER','B',56,'지니스탠다드B');
Insert into SEAT (S_NO,MODEL,S_COLUMN,S_ROW,GRADE) values (701,'B777-200ER','C',56,'지니스탠다드B');
Insert into SEAT (S_NO,MODEL,S_COLUMN,S_ROW,GRADE) values (702,'B777-200ER','D',56,'지니스탠다드B');
Insert into SEAT (S_NO,MODEL,S_COLUMN,S_ROW,GRADE) values (703,'B777-200ER','E',56,'지니스탠다드B');
Insert into SEAT (S_NO,MODEL,S_COLUMN,S_ROW,GRADE) values (704,'B777-200ER','F',56,'지니스탠다드B');
Insert into SEAT (S_NO,MODEL,S_COLUMN,S_ROW,GRADE) values (705,'B777-200ER','G',56,'지니스탠다드B');
Insert into SEAT (S_NO,MODEL,S_COLUMN,S_ROW,GRADE) values (706,'B777-200ER','H',56,'지니스탠다드B');
Insert into SEAT (S_NO,MODEL,S_COLUMN,S_ROW,GRADE) values (707,'B777-200ER','J',56,'지니스탠다드B');
Insert into SEAT (S_NO,MODEL,S_COLUMN,S_ROW,GRADE) values (708,'B777-200ER','K',56,'지니스탠다드B');
Insert into SEAT (S_NO,MODEL,S_COLUMN,S_ROW,GRADE) values (709,'B777-200ER','A',57,'지니스탠다드B');
Insert into SEAT (S_NO,MODEL,S_COLUMN,S_ROW,GRADE) values (710,'B777-200ER','B',57,'지니스탠다드B');
Insert into SEAT (S_NO,MODEL,S_COLUMN,S_ROW,GRADE) values (711,'B777-200ER','C',57,'지니스탠다드B');
Insert into SEAT (S_NO,MODEL,S_COLUMN,S_ROW,GRADE) values (712,'B777-200ER','D',57,'지니스탠다드B');
Insert into SEAT (S_NO,MODEL,S_COLUMN,S_ROW,GRADE) values (713,'B777-200ER','E',57,'지니스탠다드B');
Insert into SEAT (S_NO,MODEL,S_COLUMN,S_ROW,GRADE) values (714,'B777-200ER','F',57,'지니스탠다드B');
Insert into SEAT (S_NO,MODEL,S_COLUMN,S_ROW,GRADE) values (715,'B777-200ER','G',57,'지니스탠다드B');
Insert into SEAT (S_NO,MODEL,S_COLUMN,S_ROW,GRADE) values (716,'B777-200ER','H',57,'지니스탠다드B');
Insert into SEAT (S_NO,MODEL,S_COLUMN,S_ROW,GRADE) values (717,'B777-200ER','J',57,'지니스탠다드B');
Insert into SEAT (S_NO,MODEL,S_COLUMN,S_ROW,GRADE) values (718,'B777-200ER','K',57,'지니스탠다드B');
Insert into SEAT (S_NO,MODEL,S_COLUMN,S_ROW,GRADE) values (719,'B777-200ER','A',58,'지니스탠다드B');
Insert into SEAT (S_NO,MODEL,S_COLUMN,S_ROW,GRADE) values (720,'B777-200ER','B',58,'지니스탠다드B');
Insert into SEAT (S_NO,MODEL,S_COLUMN,S_ROW,GRADE) values (721,'B777-200ER','C',58,'지니스탠다드B');
Insert into SEAT (S_NO,MODEL,S_COLUMN,S_ROW,GRADE) values (722,'B777-200ER','D',58,'지니스탠다드B');
Insert into SEAT (S_NO,MODEL,S_COLUMN,S_ROW,GRADE) values (723,'B777-200ER','E',58,'지니스탠다드B');
Insert into SEAT (S_NO,MODEL,S_COLUMN,S_ROW,GRADE) values (724,'B777-200ER','F',58,'지니스탠다드B');
Insert into SEAT (S_NO,MODEL,S_COLUMN,S_ROW,GRADE) values (725,'B777-200ER','G',58,'지니스탠다드B');
Insert into SEAT (S_NO,MODEL,S_COLUMN,S_ROW,GRADE) values (726,'B777-200ER','H',58,'지니스탠다드B');
Insert into SEAT (S_NO,MODEL,S_COLUMN,S_ROW,GRADE) values (727,'B777-200ER','J',58,'지니스탠다드B');
Insert into SEAT (S_NO,MODEL,S_COLUMN,S_ROW,GRADE) values (728,'B777-200ER','K',58,'지니스탠다드B');
Insert into SEAT (S_NO,MODEL,S_COLUMN,S_ROW,GRADE) values (729,'B777-200ER','A',59,'지니스탠다드B');
Insert into SEAT (S_NO,MODEL,S_COLUMN,S_ROW,GRADE) values (730,'B777-200ER','B',59,'지니스탠다드B');
Insert into SEAT (S_NO,MODEL,S_COLUMN,S_ROW,GRADE) values (731,'B777-200ER','C',59,'지니스탠다드B');
Insert into SEAT (S_NO,MODEL,S_COLUMN,S_ROW,GRADE) values (732,'B777-200ER','D',59,'지니스탠다드B');
Insert into SEAT (S_NO,MODEL,S_COLUMN,S_ROW,GRADE) values (733,'B777-200ER','E',59,'지니스탠다드B');
Insert into SEAT (S_NO,MODEL,S_COLUMN,S_ROW,GRADE) values (734,'B777-200ER','F',59,'지니스탠다드B');
Insert into SEAT (S_NO,MODEL,S_COLUMN,S_ROW,GRADE) values (735,'B777-200ER','G',59,'지니스탠다드B');
Insert into SEAT (S_NO,MODEL,S_COLUMN,S_ROW,GRADE) values (736,'B777-200ER','H',59,'지니스탠다드B');
Insert into SEAT (S_NO,MODEL,S_COLUMN,S_ROW,GRADE) values (737,'B777-200ER','J',59,'지니스탠다드B');
Insert into SEAT (S_NO,MODEL,S_COLUMN,S_ROW,GRADE) values (738,'B777-200ER','K',59,'지니스탠다드B');
Insert into SEAT (S_NO,MODEL,S_COLUMN,S_ROW,GRADE) values (739,'B777-200ER','A',60,'지니스탠다드A');
Insert into SEAT (S_NO,MODEL,S_COLUMN,S_ROW,GRADE) values (740,'B777-200ER','B',60,'지니스탠다드A');
Insert into SEAT (S_NO,MODEL,S_COLUMN,S_ROW,GRADE) values (741,'B777-200ER','D',60,'지니스탠다드B');
Insert into SEAT (S_NO,MODEL,S_COLUMN,S_ROW,GRADE) values (742,'B777-200ER','E',60,'지니스탠다드B');
Insert into SEAT (S_NO,MODEL,S_COLUMN,S_ROW,GRADE) values (743,'B777-200ER','F',60,'지니스탠다드B');
Insert into SEAT (S_NO,MODEL,S_COLUMN,S_ROW,GRADE) values (744,'B777-200ER','G',60,'지니스탠다드B');
Insert into SEAT (S_NO,MODEL,S_COLUMN,S_ROW,GRADE) values (745,'B777-200ER','J',60,'지니스탠다드A');
Insert into SEAT (S_NO,MODEL,S_COLUMN,S_ROW,GRADE) values (746,'B777-200ER','K',60,'지니스탠다드A');
Insert into SEAT (S_NO,MODEL,S_COLUMN,S_ROW,GRADE) values (747,'B777-200ER','A',61,'지니스탠다드A');
Insert into SEAT (S_NO,MODEL,S_COLUMN,S_ROW,GRADE) values (748,'B777-200ER','B',61,'지니스탠다드A');
Insert into SEAT (S_NO,MODEL,S_COLUMN,S_ROW,GRADE) values (749,'B777-200ER','D',61,'지니스탠다드B');
Insert into SEAT (S_NO,MODEL,S_COLUMN,S_ROW,GRADE) values (750,'B777-200ER','E',61,'지니스탠다드B');
Insert into SEAT (S_NO,MODEL,S_COLUMN,S_ROW,GRADE) values (751,'B777-200ER','F',61,'지니스탠다드B');
Insert into SEAT (S_NO,MODEL,S_COLUMN,S_ROW,GRADE) values (752,'B777-200ER','G',61,'지니스탠다드B');
Insert into SEAT (S_NO,MODEL,S_COLUMN,S_ROW,GRADE) values (753,'B777-200ER','J',61,'지니스탠다드A');
Insert into SEAT (S_NO,MODEL,S_COLUMN,S_ROW,GRADE) values (754,'B777-200ER','K',61,'지니스탠다드A');
Insert into SEAT (S_NO,MODEL,S_COLUMN,S_ROW,GRADE) values (755,'B777-200ER','A',62,'지니스탠다드A');
Insert into SEAT (S_NO,MODEL,S_COLUMN,S_ROW,GRADE) values (756,'B777-200ER','B',62,'지니스탠다드A');
Insert into SEAT (S_NO,MODEL,S_COLUMN,S_ROW,GRADE) values (757,'B777-200ER','D',62,'지니스탠다드B');
Insert into SEAT (S_NO,MODEL,S_COLUMN,S_ROW,GRADE) values (758,'B777-200ER','E',62,'지니스탠다드B');
Insert into SEAT (S_NO,MODEL,S_COLUMN,S_ROW,GRADE) values (759,'B777-200ER','F',62,'지니스탠다드B');
Insert into SEAT (S_NO,MODEL,S_COLUMN,S_ROW,GRADE) values (760,'B777-200ER','G',62,'지니스탠다드B');
Insert into SEAT (S_NO,MODEL,S_COLUMN,S_ROW,GRADE) values (761,'B777-200ER','J',62,'지니스탠다드A');
Insert into SEAT (S_NO,MODEL,S_COLUMN,S_ROW,GRADE) values (762,'B777-200ER','K',62,'지니스탠다드A');
Insert into SEAT (S_NO,MODEL,S_COLUMN,S_ROW,GRADE) values (763,'B777-200ER','A',63,'지니스탠다드A');
Insert into SEAT (S_NO,MODEL,S_COLUMN,S_ROW,GRADE) values (764,'B777-200ER','B',63,'지니스탠다드A');
Insert into SEAT (S_NO,MODEL,S_COLUMN,S_ROW,GRADE) values (765,'B777-200ER','D',63,'지니스탠다드B');
Insert into SEAT (S_NO,MODEL,S_COLUMN,S_ROW,GRADE) values (766,'B777-200ER','E',63,'지니스탠다드B');
Insert into SEAT (S_NO,MODEL,S_COLUMN,S_ROW,GRADE) values (767,'B777-200ER','F',63,'지니스탠다드B');
Insert into SEAT (S_NO,MODEL,S_COLUMN,S_ROW,GRADE) values (768,'B777-200ER','G',63,'지니스탠다드B');
Insert into SEAT (S_NO,MODEL,S_COLUMN,S_ROW,GRADE) values (769,'B777-200ER','J',63,'지니스탠다드A');
Insert into SEAT (S_NO,MODEL,S_COLUMN,S_ROW,GRADE) values (770,'B777-200ER','K',63,'지니스탠다드A');
REM INSERTING into SEAT_TABLE
SET DEFINE OFF;
Insert into SEAT_TABLE (ST_NO,NAME,PRICE,CHANNEL,COUNTRY) values (1,'지니플러스',15000,'오프라인(고객서비스센터, 공항)','국내선');
Insert into SEAT_TABLE (ST_NO,NAME,PRICE,CHANNEL,COUNTRY) values (2,'지니스트레치',15000,'오프라인(고객서비스센터, 공항)','국내선');
Insert into SEAT_TABLE (ST_NO,NAME,PRICE,CHANNEL,COUNTRY) values (3,'비상구열',15000,'오프라인(고객서비스센터, 공항)','국내선');
Insert into SEAT_TABLE (ST_NO,NAME,PRICE,CHANNEL,COUNTRY) values (4,'지니패스트',8000,'오프라인(고객서비스센터, 공항)','국내선');
Insert into SEAT_TABLE (ST_NO,NAME,PRICE,CHANNEL,COUNTRY) values (5,'비상구열(등받이 고정)',13000,'오프라인(고객서비스센터, 공항)','국내선');
Insert into SEAT_TABLE (ST_NO,NAME,PRICE,CHANNEL,COUNTRY) values (6,'지니스탠다드A ',5000,'오프라인(고객서비스센터, 공항)','국내선');
Insert into SEAT_TABLE (ST_NO,NAME,PRICE,CHANNEL,COUNTRY) values (7,'지니스탠다드B
',3000,'오프라인(고객서비스센터, 공항)','국내선');
Insert into SEAT_TABLE (ST_NO,NAME,PRICE,CHANNEL,COUNTRY) values (8,'지니플러스',25000,'오프라인(고객서비스센터, 공항)','일본/중국본토');
Insert into SEAT_TABLE (ST_NO,NAME,PRICE,CHANNEL,COUNTRY) values (9,'지니스트레치',20000,'오프라인(고객서비스센터, 공항)','일본/중국본토');
Insert into SEAT_TABLE (ST_NO,NAME,PRICE,CHANNEL,COUNTRY) values (10,'비상구열',20000,'오프라인(고객서비스센터, 공항)','일본/중국본토');
Insert into SEAT_TABLE (ST_NO,NAME,PRICE,CHANNEL,COUNTRY) values (11,'지니패스트',10000,'오프라인(고객서비스센터, 공항)','일본/중국본토');
Insert into SEAT_TABLE (ST_NO,NAME,PRICE,CHANNEL,COUNTRY) values (12,'비상구열(등받이 고정)',15000,'오프라인(고객서비스센터, 공항)','일본/중국본토');
Insert into SEAT_TABLE (ST_NO,NAME,PRICE,CHANNEL,COUNTRY) values (13,'지니스탠다드A ',6000,'오프라인(고객서비스센터, 공항)','일본/중국본토');
Insert into SEAT_TABLE (ST_NO,NAME,PRICE,CHANNEL,COUNTRY) values (14,'지니스탠다드B
',4000,'오프라인(고객서비스센터, 공항)','일본/중국본토');
Insert into SEAT_TABLE (ST_NO,NAME,PRICE,CHANNEL,COUNTRY) values (15,'지니플러스',35000,'오프라인(고객서비스센터, 공항)','홍콩/마카오/대만/러시아');
Insert into SEAT_TABLE (ST_NO,NAME,PRICE,CHANNEL,COUNTRY) values (16,'지니스트레치',30000,'오프라인(고객서비스센터, 공항)','홍콩/마카오/대만/러시아');
Insert into SEAT_TABLE (ST_NO,NAME,PRICE,CHANNEL,COUNTRY) values (17,'비상구열',30000,'오프라인(고객서비스센터, 공항)','홍콩/마카오/대만/러시아');
Insert into SEAT_TABLE (ST_NO,NAME,PRICE,CHANNEL,COUNTRY) values (18,'지니패스트',15000,'오프라인(고객서비스센터, 공항)','홍콩/마카오/대만/러시아');
Insert into SEAT_TABLE (ST_NO,NAME,PRICE,CHANNEL,COUNTRY) values (19,'비상구열(등받이 고정)',25000,'오프라인(고객서비스센터, 공항)','홍콩/마카오/대만/러시아');
Insert into SEAT_TABLE (ST_NO,NAME,PRICE,CHANNEL,COUNTRY) values (20,'지니스탠다드A ',8000,'오프라인(고객서비스센터, 공항)','홍콩/마카오/대만/러시아');
Insert into SEAT_TABLE (ST_NO,NAME,PRICE,CHANNEL,COUNTRY) values (21,'지니스탠다드B',5000,'오프라인(고객서비스센터, 공항)','홍콩/마카오/대만/러시아');
Insert into SEAT_TABLE (ST_NO,NAME,PRICE,CHANNEL,COUNTRY) values (22,'지니플러스',60000,'오프라인(고객서비스센터, 공항)','동남아/대양주');
Insert into SEAT_TABLE (ST_NO,NAME,PRICE,CHANNEL,COUNTRY) values (23,'지니스트레치',45000,'오프라인(고객서비스센터, 공항)','동남아/대양주');
Insert into SEAT_TABLE (ST_NO,NAME,PRICE,CHANNEL,COUNTRY) values (24,'비상구열',45000,'오프라인(고객서비스센터, 공항)','동남아/대양주');
Insert into SEAT_TABLE (ST_NO,NAME,PRICE,CHANNEL,COUNTRY) values (25,'지니패스트',22000,'오프라인(고객서비스센터, 공항)','동남아/대양주');
Insert into SEAT_TABLE (ST_NO,NAME,PRICE,CHANNEL,COUNTRY) values (26,'비상구열(등받이 고정)',40000,'오프라인(고객서비스센터, 공항)','동남아/대양주');
Insert into SEAT_TABLE (ST_NO,NAME,PRICE,CHANNEL,COUNTRY) values (27,'지니스탠다드A ',11000,'오프라인(고객서비스센터, 공항)','동남아/대양주');
Insert into SEAT_TABLE (ST_NO,NAME,PRICE,CHANNEL,COUNTRY) values (28,'지니스탠다드B',6000,'오프라인(고객서비스센터, 공항)','동남아/대양주');
Insert into SEAT_TABLE (ST_NO,NAME,PRICE,CHANNEL,COUNTRY) values (29,'지니플러스',120000,'오프라인(고객서비스센터, 공항)','호주/미주');
Insert into SEAT_TABLE (ST_NO,NAME,PRICE,CHANNEL,COUNTRY) values (30,'지니스트레치',85000,'오프라인(고객서비스센터, 공항)','호주/미주');
Insert into SEAT_TABLE (ST_NO,NAME,PRICE,CHANNEL,COUNTRY) values (31,'비상구열',85000,'오프라인(고객서비스센터, 공항)','호주/미주');
Insert into SEAT_TABLE (ST_NO,NAME,PRICE,CHANNEL,COUNTRY) values (32,'지니패스트',32000,'오프라인(고객서비스센터, 공항)','호주/미주');
Insert into SEAT_TABLE (ST_NO,NAME,PRICE,CHANNEL,COUNTRY) values (33,'비상구열(등받이 고정)',75000,'오프라인(고객서비스센터, 공항)','호주/미주');
Insert into SEAT_TABLE (ST_NO,NAME,PRICE,CHANNEL,COUNTRY) values (34,'지니스탠다드A ',14000,'오프라인(고객서비스센터, 공항)','호주/미주');
Insert into SEAT_TABLE (ST_NO,NAME,PRICE,CHANNEL,COUNTRY) values (35,'지니스탠다드B',7000,'오프라인(고객서비스센터, 공항)','호주/미주');
Insert into SEAT_TABLE (ST_NO,NAME,PRICE,CHANNEL,COUNTRY) values (36,'지니플러스',9000,'온라인(홈페이지, 모바일)','국내선');
Insert into SEAT_TABLE (ST_NO,NAME,PRICE,CHANNEL,COUNTRY) values (37,'지니스트레치',9000,'온라인(홈페이지, 모바일)','국내선');
Insert into SEAT_TABLE (ST_NO,NAME,PRICE,CHANNEL,COUNTRY) values (38,'비상구열',9000,'온라인(홈페이지, 모바일)','국내선');
Insert into SEAT_TABLE (ST_NO,NAME,PRICE,CHANNEL,COUNTRY) values (39,'지니패스트',5000,'온라인(홈페이지, 모바일)','국내선');
Insert into SEAT_TABLE (ST_NO,NAME,PRICE,CHANNEL,COUNTRY) values (40,'비상구열(등받이 고정)',7000,'온라인(홈페이지, 모바일)','국내선');
Insert into SEAT_TABLE (ST_NO,NAME,PRICE,CHANNEL,COUNTRY) values (41,'지니스탠다드A ',3000,'온라인(홈페이지, 모바일)','국내선');
Insert into SEAT_TABLE (ST_NO,NAME,PRICE,CHANNEL,COUNTRY) values (42,'지니스탠다드B',1000,'온라인(홈페이지, 모바일)','국내선');
Insert into SEAT_TABLE (ST_NO,NAME,PRICE,CHANNEL,COUNTRY) values (43,'지니플러스',19000,'온라인(홈페이지, 모바일)','일본/중국본토');
Insert into SEAT_TABLE (ST_NO,NAME,PRICE,CHANNEL,COUNTRY) values (44,'지니스트레치',14000,'온라인(홈페이지, 모바일)','일본/중국본토');
Insert into SEAT_TABLE (ST_NO,NAME,PRICE,CHANNEL,COUNTRY) values (45,'비상구열',14000,'온라인(홈페이지, 모바일)','일본/중국본토');
Insert into SEAT_TABLE (ST_NO,NAME,PRICE,CHANNEL,COUNTRY) values (46,'지니패스트',7000,'온라인(홈페이지, 모바일)','일본/중국본토');
Insert into SEAT_TABLE (ST_NO,NAME,PRICE,CHANNEL,COUNTRY) values (47,'비상구열(등받이 고정)',9000,'온라인(홈페이지, 모바일)','일본/중국본토');
Insert into SEAT_TABLE (ST_NO,NAME,PRICE,CHANNEL,COUNTRY) values (48,'지니스탠다드A ',4000,'온라인(홈페이지, 모바일)','일본/중국본토');
Insert into SEAT_TABLE (ST_NO,NAME,PRICE,CHANNEL,COUNTRY) values (49,'지니스탠다드B',2000,'온라인(홈페이지, 모바일)','일본/중국본토');
Insert into SEAT_TABLE (ST_NO,NAME,PRICE,CHANNEL,COUNTRY) values (50,'지니플러스',29000,'온라인(홈페이지, 모바일)','홍콩/마카오/대만/러시아');
Insert into SEAT_TABLE (ST_NO,NAME,PRICE,CHANNEL,COUNTRY) values (51,'지니스트레치',24000,'온라인(홈페이지, 모바일)','홍콩/마카오/대만/러시아');
Insert into SEAT_TABLE (ST_NO,NAME,PRICE,CHANNEL,COUNTRY) values (52,'비상구열',24000,'온라인(홈페이지, 모바일)','홍콩/마카오/대만/러시아');
Insert into SEAT_TABLE (ST_NO,NAME,PRICE,CHANNEL,COUNTRY) values (53,'지니패스트',12000,'온라인(홈페이지, 모바일)','홍콩/마카오/대만/러시아');
Insert into SEAT_TABLE (ST_NO,NAME,PRICE,CHANNEL,COUNTRY) values (54,'비상구열(등받이 고정)',19000,'온라인(홈페이지, 모바일)','홍콩/마카오/대만/러시아');
Insert into SEAT_TABLE (ST_NO,NAME,PRICE,CHANNEL,COUNTRY) values (55,'지니스탠다드A ',6000,'온라인(홈페이지, 모바일)','홍콩/마카오/대만/러시아');
Insert into SEAT_TABLE (ST_NO,NAME,PRICE,CHANNEL,COUNTRY) values (56,'지니스탠다드B',3000,'온라인(홈페이지, 모바일)','홍콩/마카오/대만/러시아');
Insert into SEAT_TABLE (ST_NO,NAME,PRICE,CHANNEL,COUNTRY) values (57,'지니플러스',49000,'온라인(홈페이지, 모바일)','동남아/대양주');
Insert into SEAT_TABLE (ST_NO,NAME,PRICE,CHANNEL,COUNTRY) values (58,'지니스트레치',39000,'온라인(홈페이지, 모바일)','동남아/대양주');
Insert into SEAT_TABLE (ST_NO,NAME,PRICE,CHANNEL,COUNTRY) values (59,'비상구열',39000,'온라인(홈페이지, 모바일)','동남아/대양주');
Insert into SEAT_TABLE (ST_NO,NAME,PRICE,CHANNEL,COUNTRY) values (60,'지니패스트',19000,'온라인(홈페이지, 모바일)','동남아/대양주');
Insert into SEAT_TABLE (ST_NO,NAME,PRICE,CHANNEL,COUNTRY) values (61,'비상구열(등받이 고정)',34000,'온라인(홈페이지, 모바일)','동남아/대양주');
Insert into SEAT_TABLE (ST_NO,NAME,PRICE,CHANNEL,COUNTRY) values (62,'지니스탠다드A ',9000,'온라인(홈페이지, 모바일)','동남아/대양주');
Insert into SEAT_TABLE (ST_NO,NAME,PRICE,CHANNEL,COUNTRY) values (63,'지니스탠다드B',4000,'온라인(홈페이지, 모바일)','동남아/대양주');
Insert into SEAT_TABLE (ST_NO,NAME,PRICE,CHANNEL,COUNTRY) values (64,'지니플러스',99000,'온라인(홈페이지, 모바일)','호주/미주');
Insert into SEAT_TABLE (ST_NO,NAME,PRICE,CHANNEL,COUNTRY) values (65,'지니스트레치',79000,'온라인(홈페이지, 모바일)','호주/미주');
Insert into SEAT_TABLE (ST_NO,NAME,PRICE,CHANNEL,COUNTRY) values (66,'비상구열',79000,'온라인(홈페이지, 모바일)','호주/미주');
Insert into SEAT_TABLE (ST_NO,NAME,PRICE,CHANNEL,COUNTRY) values (67,'지니패스트',29000,'온라인(홈페이지, 모바일)','호주/미주');
Insert into SEAT_TABLE (ST_NO,NAME,PRICE,CHANNEL,COUNTRY) values (68,'비상구열(등받이 고정)',69000,'온라인(홈페이지, 모바일)','호주/미주');
Insert into SEAT_TABLE (ST_NO,NAME,PRICE,CHANNEL,COUNTRY) values (69,'지니스탠다드A ',12000,'온라인(홈페이지, 모바일)','호주/미주');
Insert into SEAT_TABLE (ST_NO,NAME,PRICE,CHANNEL,COUNTRY) values (70,'지니스탠다드B',5000,'온라인(홈페이지, 모바일)','호주/미주');
REM INSERTING into SECTION
SET DEFINE OFF;
Insert into SECTION (FLIGHT_NO,DEPARTURE,ARRIVAL,ROUTE,MODEL) values ('LJ423','서울/김포(GMP)','제주(CJU)',1,'B737-800');
Insert into SECTION (FLIGHT_NO,DEPARTURE,ARRIVAL,ROUTE,MODEL) values ('LJ303','서울/김포(GMP)','제주(CJU)',1,'B737-800');
Insert into SECTION (FLIGHT_NO,DEPARTURE,ARRIVAL,ROUTE,MODEL) values ('LJ401','서울/김포(GMP)','제주(CJU)',1,'B737-800');
Insert into SECTION (FLIGHT_NO,DEPARTURE,ARRIVAL,ROUTE,MODEL) values ('LJ309','서울/김포(GMP)','제주(CJU)',1,'B737-800');
Insert into SECTION (FLIGHT_NO,DEPARTURE,ARRIVAL,ROUTE,MODEL) values ('LJ307','서울/김포(GMP)','제주(CJU)',1,'B737-800');
Insert into SECTION (FLIGHT_NO,DEPARTURE,ARRIVAL,ROUTE,MODEL) values ('LJ427','서울/김포(GMP)','제주(CJU)',1,'B737-800');
Insert into SECTION (FLIGHT_NO,DEPARTURE,ARRIVAL,ROUTE,MODEL) values ('LJ311','서울/김포(GMP)','제주(CJU)',1,'B737-800');
Insert into SECTION (FLIGHT_NO,DEPARTURE,ARRIVAL,ROUTE,MODEL) values ('LJ305','서울/김포(GMP)','제주(CJU)',1,'B737-800');
Insert into SECTION (FLIGHT_NO,DEPARTURE,ARRIVAL,ROUTE,MODEL) values ('LJ315','서울/김포(GMP)','제주(CJU)',1,'B737-800');
Insert into SECTION (FLIGHT_NO,DEPARTURE,ARRIVAL,ROUTE,MODEL) values ('LJ317','서울/김포(GMP)','제주(CJU)',1,'B737-800');
Insert into SECTION (FLIGHT_NO,DEPARTURE,ARRIVAL,ROUTE,MODEL) values ('LJ417','서울/김포(GMP)','제주(CJU)',1,'B737-800');
Insert into SECTION (FLIGHT_NO,DEPARTURE,ARRIVAL,ROUTE,MODEL) values ('LJ323','서울/김포(GMP)','제주(CJU)',1,'B737-800');
Insert into SECTION (FLIGHT_NO,DEPARTURE,ARRIVAL,ROUTE,MODEL) values ('LJ325','서울/김포(GMP)','제주(CJU)',1,'B737-800');
Insert into SECTION (FLIGHT_NO,DEPARTURE,ARRIVAL,ROUTE,MODEL) values ('LJ411','서울/김포(GMP)','제주(CJU)',1,'B737-800');
Insert into SECTION (FLIGHT_NO,DEPARTURE,ARRIVAL,ROUTE,MODEL) values ('LJ331','서울/김포(GMP)','제주(CJU)',1,'B737-800');
Insert into SECTION (FLIGHT_NO,DEPARTURE,ARRIVAL,ROUTE,MODEL) values ('LJ329','서울/김포(GMP)','제주(CJU)',1,'B737-800');
Insert into SECTION (FLIGHT_NO,DEPARTURE,ARRIVAL,ROUTE,MODEL) values ('LJ415','서울/김포(GMP)','제주(CJU)',1,'B737-800');
Insert into SECTION (FLIGHT_NO,DEPARTURE,ARRIVAL,ROUTE,MODEL) values ('LJ301','서울/김포(GMP)','제주(CJU)',1,'B737-800');
Insert into SECTION (FLIGHT_NO,DEPARTURE,ARRIVAL,ROUTE,MODEL) values ('LJ421','서울/김포(GMP)','제주(CJU)',1,'B737-800');
Insert into SECTION (FLIGHT_NO,DEPARTURE,ARRIVAL,ROUTE,MODEL) values ('LJ302','제주(CJU)','서울/김포(GMP)',1,'B737-800');
Insert into SECTION (FLIGHT_NO,DEPARTURE,ARRIVAL,ROUTE,MODEL) values ('LJ422','제주(CJU)','서울/김포(GMP)',1,'B737-800');
Insert into SECTION (FLIGHT_NO,DEPARTURE,ARRIVAL,ROUTE,MODEL) values ('LJ304','제주(CJU)','서울/김포(GMP)',1,'B737-800');
Insert into SECTION (FLIGHT_NO,DEPARTURE,ARRIVAL,ROUTE,MODEL) values ('LJ404','제주(CJU)','서울/김포(GMP)',1,'B737-800');
Insert into SECTION (FLIGHT_NO,DEPARTURE,ARRIVAL,ROUTE,MODEL) values ('LJ428','제주(CJU)','서울/김포(GMP)',1,'B737-800');
Insert into SECTION (FLIGHT_NO,DEPARTURE,ARRIVAL,ROUTE,MODEL) values ('LJ312','제주(CJU)','서울/김포(GMP)',1,'B737-800');
Insert into SECTION (FLIGHT_NO,DEPARTURE,ARRIVAL,ROUTE,MODEL) values ('LJ310','제주(CJU)','서울/김포(GMP)',1,'B737-800');
Insert into SECTION (FLIGHT_NO,DEPARTURE,ARRIVAL,ROUTE,MODEL) values ('LJ314','제주(CJU)','서울/김포(GMP)',1,'B737-800');
Insert into SECTION (FLIGHT_NO,DEPARTURE,ARRIVAL,ROUTE,MODEL) values ('LJ318','제주(CJU)','서울/김포(GMP)',1,'B737-800');
Insert into SECTION (FLIGHT_NO,DEPARTURE,ARRIVAL,ROUTE,MODEL) values ('LJ320','제주(CJU)','서울/김포(GMP)',1,'B737-800');
Insert into SECTION (FLIGHT_NO,DEPARTURE,ARRIVAL,ROUTE,MODEL) values ('LJ322','제주(CJU)','서울/김포(GMP)',1,'B737-800');
Insert into SECTION (FLIGHT_NO,DEPARTURE,ARRIVAL,ROUTE,MODEL) values ('LJ418','제주(CJU)','서울/김포(GMP)',1,'B737-800');
Insert into SECTION (FLIGHT_NO,DEPARTURE,ARRIVAL,ROUTE,MODEL) values ('LJ328','제주(CJU)','서울/김포(GMP)',1,'B737-800');
Insert into SECTION (FLIGHT_NO,DEPARTURE,ARRIVAL,ROUTE,MODEL) values ('LJ416','제주(CJU)','서울/김포(GMP)',1,'B737-800');
Insert into SECTION (FLIGHT_NO,DEPARTURE,ARRIVAL,ROUTE,MODEL) values ('LJ408','제주(CJU)','서울/김포(GMP)',1,'B737-800');
Insert into SECTION (FLIGHT_NO,DEPARTURE,ARRIVAL,ROUTE,MODEL) values ('LJ316','제주(CJU)','서울/김포(GMP)',1,'B737-800');
Insert into SECTION (FLIGHT_NO,DEPARTURE,ARRIVAL,ROUTE,MODEL) values ('LJ332','제주(CJU)','서울/김포(GMP)',1,'B737-800');
Insert into SECTION (FLIGHT_NO,DEPARTURE,ARRIVAL,ROUTE,MODEL) values ('LJ424','제주(CJU)','서울/김포(GMP)',1,'B737-800');
Insert into SECTION (FLIGHT_NO,DEPARTURE,ARRIVAL,ROUTE,MODEL) values ('LJ501','부산(PUS)','제주(CJU)',2,'B737-800');
Insert into SECTION (FLIGHT_NO,DEPARTURE,ARRIVAL,ROUTE,MODEL) values ('LJ503','부산(PUS)','제주(CJU)',2,'B737-800');
Insert into SECTION (FLIGHT_NO,DEPARTURE,ARRIVAL,ROUTE,MODEL) values ('LJ509','부산(PUS)','제주(CJU)',2,'B737-800');
Insert into SECTION (FLIGHT_NO,DEPARTURE,ARRIVAL,ROUTE,MODEL) values ('LJ505','부산(PUS)','제주(CJU)',2,'B737-800');
Insert into SECTION (FLIGHT_NO,DEPARTURE,ARRIVAL,ROUTE,MODEL) values ('LJ507','부산(PUS)','제주(CJU)',2,'B737-800');
Insert into SECTION (FLIGHT_NO,DEPARTURE,ARRIVAL,ROUTE,MODEL) values ('LJ511','부산(PUS)','제주(CJU)',2,'B737-800');
Insert into SECTION (FLIGHT_NO,DEPARTURE,ARRIVAL,ROUTE,MODEL) values ('LJ502','제주(CJU)','부산(PUS)',2,'B737-800');
Insert into SECTION (FLIGHT_NO,DEPARTURE,ARRIVAL,ROUTE,MODEL) values ('LJ504','제주(CJU)','부산(PUS)',2,'B737-800');
Insert into SECTION (FLIGHT_NO,DEPARTURE,ARRIVAL,ROUTE,MODEL) values ('LJ510','제주(CJU)','부산(PUS)',2,'B737-800');
Insert into SECTION (FLIGHT_NO,DEPARTURE,ARRIVAL,ROUTE,MODEL) values ('LJ506','제주(CJU)','부산(PUS)',2,'B737-800');
Insert into SECTION (FLIGHT_NO,DEPARTURE,ARRIVAL,ROUTE,MODEL) values ('LJ508','제주(CJU)','부산(PUS)',2,'B737-800');
Insert into SECTION (FLIGHT_NO,DEPARTURE,ARRIVAL,ROUTE,MODEL) values ('LJ512','제주(CJU)','부산(PUS)',2,'B737-800');
Insert into SECTION (FLIGHT_NO,DEPARTURE,ARRIVAL,ROUTE,MODEL) values ('LJ551','청주(CJJ)','제주(CJU)',3,'B737-800');
Insert into SECTION (FLIGHT_NO,DEPARTURE,ARRIVAL,ROUTE,MODEL) values ('LJ583','청주(CJJ)','제주(CJU)',3,'B737-800');
Insert into SECTION (FLIGHT_NO,DEPARTURE,ARRIVAL,ROUTE,MODEL) values ('LJ553','청주(CJJ)','제주(CJU)',3,'B737-800');
Insert into SECTION (FLIGHT_NO,DEPARTURE,ARRIVAL,ROUTE,MODEL) values ('LJ557','청주(CJJ)','제주(CJU)',3,'B737-800');
Insert into SECTION (FLIGHT_NO,DEPARTURE,ARRIVAL,ROUTE,MODEL) values ('LJ587','청주(CJJ)','제주(CJU)',3,'B737-800');
Insert into SECTION (FLIGHT_NO,DEPARTURE,ARRIVAL,ROUTE,MODEL) values ('LJ559','청주(CJJ)','제주(CJU)',3,'B737-800');
Insert into SECTION (FLIGHT_NO,DEPARTURE,ARRIVAL,ROUTE,MODEL) values ('LJ589','청주(CJJ)','제주(CJU)',3,'B737-800');
Insert into SECTION (FLIGHT_NO,DEPARTURE,ARRIVAL,ROUTE,MODEL) values ('LJ552','제주(CJU)','청주(CJJ)',3,'B737-800');
Insert into SECTION (FLIGHT_NO,DEPARTURE,ARRIVAL,ROUTE,MODEL) values ('LJ554','제주(CJU)','청주(CJJ)',3,'B737-800');
Insert into SECTION (FLIGHT_NO,DEPARTURE,ARRIVAL,ROUTE,MODEL) values ('LJ586','제주(CJU)','청주(CJJ)',3,'B737-800');
Insert into SECTION (FLIGHT_NO,DEPARTURE,ARRIVAL,ROUTE,MODEL) values ('LJ558','제주(CJU)','청주(CJJ)',3,'B737-800');
Insert into SECTION (FLIGHT_NO,DEPARTURE,ARRIVAL,ROUTE,MODEL) values ('LJ560','제주(CJU)','청주(CJJ)',3,'B737-800');
Insert into SECTION (FLIGHT_NO,DEPARTURE,ARRIVAL,ROUTE,MODEL) values ('LJ582','제주(CJU)','청주(CJJ)',3,'B737-800');
Insert into SECTION (FLIGHT_NO,DEPARTURE,ARRIVAL,ROUTE,MODEL) values ('LJ588','제주(CJU)','청주(CJJ)',3,'B737-800');
Insert into SECTION (FLIGHT_NO,DEPARTURE,ARRIVAL,ROUTE,MODEL) values ('LJ556','제주(CJU)','청주(CJJ)',3,'B737-800');
Insert into SECTION (FLIGHT_NO,DEPARTURE,ARRIVAL,ROUTE,MODEL) values ('LJ593','광주(KWJ)','제주(CJU)',4,'B737-800');
Insert into SECTION (FLIGHT_NO,DEPARTURE,ARRIVAL,ROUTE,MODEL) values ('LJ597','광주(KWJ)','제주(CJU)',4,'B737-800');
Insert into SECTION (FLIGHT_NO,DEPARTURE,ARRIVAL,ROUTE,MODEL) values ('LJ591','광주(KWJ)','제주(CJU)',4,'B737-800');
Insert into SECTION (FLIGHT_NO,DEPARTURE,ARRIVAL,ROUTE,MODEL) values ('LJ595','광주(KWJ)','제주(CJU)',4,'B737-800');
Insert into SECTION (FLIGHT_NO,DEPARTURE,ARRIVAL,ROUTE,MODEL) values ('LJ592','제주(CJU)','광주(KWJ)',4,'B737-800');
Insert into SECTION (FLIGHT_NO,DEPARTURE,ARRIVAL,ROUTE,MODEL) values ('LJ598','제주(CJU)','광주(KWJ)',4,'B737-800');
Insert into SECTION (FLIGHT_NO,DEPARTURE,ARRIVAL,ROUTE,MODEL) values ('LJ596','제주(CJU)','광주(KWJ)',4,'B737-800');
Insert into SECTION (FLIGHT_NO,DEPARTURE,ARRIVAL,ROUTE,MODEL) values ('LJ594','제주(CJU)','광주(KWJ)',4,'B737-800');
Insert into SECTION (FLIGHT_NO,DEPARTURE,ARRIVAL,ROUTE,MODEL) values ('LJ571','대구(TAE)','제주(CJU)',7,'B737-800');
Insert into SECTION (FLIGHT_NO,DEPARTURE,ARRIVAL,ROUTE,MODEL) values ('LJ573','대구(TAE)','제주(CJU)',7,'B737-800');
Insert into SECTION (FLIGHT_NO,DEPARTURE,ARRIVAL,ROUTE,MODEL) values ('LJ575','대구(TAE)','제주(CJU)',7,'B737-800');
Insert into SECTION (FLIGHT_NO,DEPARTURE,ARRIVAL,ROUTE,MODEL) values ('LJ577','대구(TAE)','제주(CJU)',7,'B737-800');
Insert into SECTION (FLIGHT_NO,DEPARTURE,ARRIVAL,ROUTE,MODEL) values ('LJ572','제주(CJU)','대구(TAE)',7,'B737-800');
Insert into SECTION (FLIGHT_NO,DEPARTURE,ARRIVAL,ROUTE,MODEL) values ('LJ574','제주(CJU)','대구(TAE)',7,'B737-800');
Insert into SECTION (FLIGHT_NO,DEPARTURE,ARRIVAL,ROUTE,MODEL) values ('LJ576','제주(CJU)','대구(TAE)',7,'B737-800');
Insert into SECTION (FLIGHT_NO,DEPARTURE,ARRIVAL,ROUTE,MODEL) values ('LJ578','제주(CJU)','대구(TAE)',7,'B737-800');
Insert into SECTION (FLIGHT_NO,DEPARTURE,ARRIVAL,ROUTE,MODEL) values ('LJ451','포항(KPO)','제주(CJU)',13,'B737-800');
Insert into SECTION (FLIGHT_NO,DEPARTURE,ARRIVAL,ROUTE,MODEL) values ('LJ453','포항(KPO)','제주(CJU)',13,'B737-800');
Insert into SECTION (FLIGHT_NO,DEPARTURE,ARRIVAL,ROUTE,MODEL) values ('LJ452','제주(CJU)','포항(KPO)',13,'B737-800');
Insert into SECTION (FLIGHT_NO,DEPARTURE,ARRIVAL,ROUTE,MODEL) values ('LJ454','제주(CJU)','포항(KPO)',13,'B737-800');
Insert into SECTION (FLIGHT_NO,DEPARTURE,ARRIVAL,ROUTE,MODEL) values ('LJ431','원주(WJU)','제주(CJU)',15,'B737-800');
Insert into SECTION (FLIGHT_NO,DEPARTURE,ARRIVAL,ROUTE,MODEL) values ('LJ433','원주(WJU)','제주(CJU)',15,'B737-800');
Insert into SECTION (FLIGHT_NO,DEPARTURE,ARRIVAL,ROUTE,MODEL) values ('LJ432','제주(CJU)','원주(WJU)',15,'B737-800');
Insert into SECTION (FLIGHT_NO,DEPARTURE,ARRIVAL,ROUTE,MODEL) values ('LJ434','제주(CJU)','원주(WJU)',15,'B737-800');
Insert into SECTION (FLIGHT_NO,DEPARTURE,ARRIVAL,ROUTE,MODEL) values ('LJ481','군산(KUV)','제주(CJU)',14,'B737-800');
Insert into SECTION (FLIGHT_NO,DEPARTURE,ARRIVAL,ROUTE,MODEL) values ('LJ483','군산(KUV)','제주(CJU)',14,'B737-800');
Insert into SECTION (FLIGHT_NO,DEPARTURE,ARRIVAL,ROUTE,MODEL) values ('LJ482','제주(CJU)','군산(KUV)',14,'B737-800');
Insert into SECTION (FLIGHT_NO,DEPARTURE,ARRIVAL,ROUTE,MODEL) values ('LJ484','제주(CJU)','군산(KUV)',14,'B737-800');
Insert into SECTION (FLIGHT_NO,DEPARTURE,ARRIVAL,ROUTE,MODEL) values ('LJ341','서울/김포(GMP)','부산(PUS)',5,'B737-800');
Insert into SECTION (FLIGHT_NO,DEPARTURE,ARRIVAL,ROUTE,MODEL) values ('LJ359','서울/김포(GMP)','부산(PUS)',5,'B737-800');
Insert into SECTION (FLIGHT_NO,DEPARTURE,ARRIVAL,ROUTE,MODEL) values ('LJ363','서울/김포(GMP)','부산(PUS)',5,'B737-800');
Insert into SECTION (FLIGHT_NO,DEPARTURE,ARRIVAL,ROUTE,MODEL) values ('LJ343','서울/김포(GMP)','부산(PUS)',5,'B737-800');
Insert into SECTION (FLIGHT_NO,DEPARTURE,ARRIVAL,ROUTE,MODEL) values ('LJ345','서울/김포(GMP)','부산(PUS)',5,'B737-800');
Insert into SECTION (FLIGHT_NO,DEPARTURE,ARRIVAL,ROUTE,MODEL) values ('LJ347','서울/김포(GMP)','부산(PUS)',5,'B737-800');
Insert into SECTION (FLIGHT_NO,DEPARTURE,ARRIVAL,ROUTE,MODEL) values ('LJ361','서울/김포(GMP)','부산(PUS)',5,'B737-800');
Insert into SECTION (FLIGHT_NO,DEPARTURE,ARRIVAL,ROUTE,MODEL) values ('LJ349','서울/김포(GMP)','부산(PUS)',5,'B737-800');
Insert into SECTION (FLIGHT_NO,DEPARTURE,ARRIVAL,ROUTE,MODEL) values ('LJ353','서울/김포(GMP)','부산(PUS)',5,'B737-800');
Insert into SECTION (FLIGHT_NO,DEPARTURE,ARRIVAL,ROUTE,MODEL) values ('LJ342','부산(PUS)','서울/김포(GMP)',5,'B737-800');
Insert into SECTION (FLIGHT_NO,DEPARTURE,ARRIVAL,ROUTE,MODEL) values ('LJ358','부산(PUS)','서울/김포(GMP)',5,'B737-800');
Insert into SECTION (FLIGHT_NO,DEPARTURE,ARRIVAL,ROUTE,MODEL) values ('LJ344','부산(PUS)','서울/김포(GMP)',5,'B737-800');
Insert into SECTION (FLIGHT_NO,DEPARTURE,ARRIVAL,ROUTE,MODEL) values ('LJ360','부산(PUS)','서울/김포(GMP)',5,'B737-800');
Insert into SECTION (FLIGHT_NO,DEPARTURE,ARRIVAL,ROUTE,MODEL) values ('LJ346','부산(PUS)','서울/김포(GMP)',5,'B737-800');
Insert into SECTION (FLIGHT_NO,DEPARTURE,ARRIVAL,ROUTE,MODEL) values ('LJ354','부산(PUS)','서울/김포(GMP)',5,'B737-800');
Insert into SECTION (FLIGHT_NO,DEPARTURE,ARRIVAL,ROUTE,MODEL) values ('LJ348','부산(PUS)','서울/김포(GMP)',5,'B737-800');
Insert into SECTION (FLIGHT_NO,DEPARTURE,ARRIVAL,ROUTE,MODEL) values ('LJ350','부산(PUS)','서울/김포(GMP)',5,'B737-800');
Insert into SECTION (FLIGHT_NO,DEPARTURE,ARRIVAL,ROUTE,MODEL) values ('LJ362','부산(PUS)','서울/김포(GMP)',5,'B737-800');
Insert into SECTION (FLIGHT_NO,DEPARTURE,ARRIVAL,ROUTE,MODEL) values ('LJ371','서울/김포(GMP)','광주(KWJ)',6,'B737-800');
Insert into SECTION (FLIGHT_NO,DEPARTURE,ARRIVAL,ROUTE,MODEL) values ('LJ373','서울/김포(GMP)','광주(KWJ)',6,'B737-800');
Insert into SECTION (FLIGHT_NO,DEPARTURE,ARRIVAL,ROUTE,MODEL) values ('LJ375','서울/김포(GMP)','광주(KWJ)',6,'B737-800');
Insert into SECTION (FLIGHT_NO,DEPARTURE,ARRIVAL,ROUTE,MODEL) values ('LJ372','광주(KWJ)','서울/김포(GMP)',6,'B737-800');
Insert into SECTION (FLIGHT_NO,DEPARTURE,ARRIVAL,ROUTE,MODEL) values ('LJ374','광주(KWJ)','서울/김포(GMP)',6,'B737-800');
Insert into SECTION (FLIGHT_NO,DEPARTURE,ARRIVAL,ROUTE,MODEL) values ('LJ376','광주(KWJ)','서울/김포(GMP)',6,'B737-800');
Insert into SECTION (FLIGHT_NO,DEPARTURE,ARRIVAL,ROUTE,MODEL) values ('LJ377','서울/김포(GMP)','여수(RSU)',8,'B737-800');
Insert into SECTION (FLIGHT_NO,DEPARTURE,ARRIVAL,ROUTE,MODEL) values ('LJ379','서울/김포(GMP)','여수(RSU)',8,'B737-800');
Insert into SECTION (FLIGHT_NO,DEPARTURE,ARRIVAL,ROUTE,MODEL) values ('LJ381','서울/김포(GMP)','여수(RSU)',8,'B737-800');
Insert into SECTION (FLIGHT_NO,DEPARTURE,ARRIVAL,ROUTE,MODEL) values ('LJ383','서울/김포(GMP)','여수(RSU)',8,'B737-800');
Insert into SECTION (FLIGHT_NO,DEPARTURE,ARRIVAL,ROUTE,MODEL) values ('LJ385','서울/김포(GMP)','여수(RSU)',8,'B737-800');
Insert into SECTION (FLIGHT_NO,DEPARTURE,ARRIVAL,ROUTE,MODEL) values ('LJ378','여수(RSU)','서울/김포(GMP)',8,'B737-800');
Insert into SECTION (FLIGHT_NO,DEPARTURE,ARRIVAL,ROUTE,MODEL) values ('LJ380','여수(RSU)','서울/김포(GMP)',8,'B737-800');
Insert into SECTION (FLIGHT_NO,DEPARTURE,ARRIVAL,ROUTE,MODEL) values ('LJ382','여수(RSU)','서울/김포(GMP)',8,'B737-800');
Insert into SECTION (FLIGHT_NO,DEPARTURE,ARRIVAL,ROUTE,MODEL) values ('LJ384','여수(RSU)','서울/김포(GMP)',8,'B737-800');
Insert into SECTION (FLIGHT_NO,DEPARTURE,ARRIVAL,ROUTE,MODEL) values ('LJ386','여수(RSU)','서울/김포(GMP)',8,'B737-800');
Insert into SECTION (FLIGHT_NO,DEPARTURE,ARRIVAL,ROUTE,MODEL) values ('LJ389','서울/김포(GMP)','울산(USN)',9,'B737-800');
Insert into SECTION (FLIGHT_NO,DEPARTURE,ARRIVAL,ROUTE,MODEL) values ('LJ391','서울/김포(GMP)','울산(USN)',9,'B737-800');
Insert into SECTION (FLIGHT_NO,DEPARTURE,ARRIVAL,ROUTE,MODEL) values ('LJ393','서울/김포(GMP)','울산(USN)',9,'B737-800');
Insert into SECTION (FLIGHT_NO,DEPARTURE,ARRIVAL,ROUTE,MODEL) values ('LJ395','서울/김포(GMP)','울산(USN)',9,'B737-800');
Insert into SECTION (FLIGHT_NO,DEPARTURE,ARRIVAL,ROUTE,MODEL) values ('LJ390','울산(USN)','서울/김포(GMP)',9,'B737-800');
Insert into SECTION (FLIGHT_NO,DEPARTURE,ARRIVAL,ROUTE,MODEL) values ('LJ392','울산(USN)','서울/김포(GMP)',9,'B737-800');
Insert into SECTION (FLIGHT_NO,DEPARTURE,ARRIVAL,ROUTE,MODEL) values ('LJ394','울산(USN)','서울/김포(GMP)',9,'B737-800');
Insert into SECTION (FLIGHT_NO,DEPARTURE,ARRIVAL,ROUTE,MODEL) values ('LJ396','울산(USN)','서울/김포(GMP)',9,'B737-800');
Insert into SECTION (FLIGHT_NO,DEPARTURE,ARRIVAL,ROUTE,MODEL) values ('LJ397','서울/김포(GMP)','포항(KPO)',12,'B737-800');
Insert into SECTION (FLIGHT_NO,DEPARTURE,ARRIVAL,ROUTE,MODEL) values ('LJ398','포항(KPO)','서울/김포(GMP)',12,'B737-800');
Insert into SECTION (FLIGHT_NO,DEPARTURE,ARRIVAL,ROUTE,MODEL) values ('LJ223','서울/인천(ICN)','후쿠오카(FUK)',18,'B737-800');
Insert into SECTION (FLIGHT_NO,DEPARTURE,ARRIVAL,ROUTE,MODEL) values ('LJ224','후쿠오카(FUK)','서울/인천(ICN)',18,'B737-800');
Insert into SECTION (FLIGHT_NO,DEPARTURE,ARRIVAL,ROUTE,MODEL) values ('LJ023','서울/인천(ICN)','클락(CRK)',25,'B737-800');
Insert into SECTION (FLIGHT_NO,DEPARTURE,ARRIVAL,ROUTE,MODEL) values ('LJ024','클락(CRK)','서울/인천(ICN)',25,'B737-800');
Insert into SECTION (FLIGHT_NO,DEPARTURE,ARRIVAL,ROUTE,MODEL) values ('LJ061','서울/인천(ICN)','코타 키나발루(BKI)',26,'B737-800');
Insert into SECTION (FLIGHT_NO,DEPARTURE,ARRIVAL,ROUTE,MODEL) values ('LJ062','코타 키나발루(BKI)','서울/인천(ICN)',26,'B737-800');
Insert into SECTION (FLIGHT_NO,DEPARTURE,ARRIVAL,ROUTE,MODEL) values ('LJ701','서울/인천(ICN)','다카(DAC)',27,'B737-800');
Insert into SECTION (FLIGHT_NO,DEPARTURE,ARRIVAL,ROUTE,MODEL) values ('LJ702','다카(DAC)','서울/인천(ICN)',27,'B737-800');
Insert into SECTION (FLIGHT_NO,DEPARTURE,ARRIVAL,ROUTE,MODEL) values ('LJ641','서울/인천(ICN)','괌(GUM)',32,'B737-800');
Insert into SECTION (FLIGHT_NO,DEPARTURE,ARRIVAL,ROUTE,MODEL) values ('LJ771','서울/인천(ICN)','괌(GUM)',32,'B737-800');
Insert into SECTION (FLIGHT_NO,DEPARTURE,ARRIVAL,ROUTE,MODEL) values ('LJ642','괌(GUM)','서울/인천(ICN)',32,'B737-800');
Insert into SECTION (FLIGHT_NO,DEPARTURE,ARRIVAL,ROUTE,MODEL) values ('LJ772','괌(GUM)','서울/인천(ICN)',32,'B737-800');
Insert into SECTION (FLIGHT_NO,DEPARTURE,ARRIVAL,ROUTE,MODEL) values ('LJ171','제주(CJU)','시안(XIY)',22,'B737-800');
Insert into SECTION (FLIGHT_NO,DEPARTURE,ARRIVAL,ROUTE,MODEL) values ('LJ172','시안(XIY)','제주(CJU)',22,'B737-800');
Insert into SECTION (FLIGHT_NO,DEPARTURE,ARRIVAL,ROUTE,MODEL) values ('LJ201','서울/인천(ICN)','도쿄/나리타(NRT)',16,'B737-800');
Insert into SECTION (FLIGHT_NO,DEPARTURE,ARRIVAL,ROUTE,MODEL) values ('LJ202','도쿄/나리타(NRT)','서울/인천(ICN)',16,'B737-800');
Insert into SECTION (FLIGHT_NO,DEPARTURE,ARRIVAL,ROUTE,MODEL) values ('LJ211','서울/인천(ICN)','오사카/간사이(KIX)',17,'B737-800');
Insert into SECTION (FLIGHT_NO,DEPARTURE,ARRIVAL,ROUTE,MODEL) values ('LJ212','오사카/간사이(KIX)','서울/인천(ICN)',17,'B737-800');
Insert into SECTION (FLIGHT_NO,DEPARTURE,ARRIVAL,ROUTE,MODEL) values ('LJ231','서울/인천(ICN)','삿포로(CTS)',19,'B737-800');
Insert into SECTION (FLIGHT_NO,DEPARTURE,ARRIVAL,ROUTE,MODEL) values ('LJ232','삿포로(CTS)','서울/인천(ICN)',19,'B737-800');
Insert into SECTION (FLIGHT_NO,DEPARTURE,ARRIVAL,ROUTE,MODEL) values ('LJ245','서울/인천(ICN)','오키나와(OKA)',20,'B737-800');
Insert into SECTION (FLIGHT_NO,DEPARTURE,ARRIVAL,ROUTE,MODEL) values ('LJ246','오키나와(OKA)','서울/인천(ICN)',20,'B737-800');
Insert into SECTION (FLIGHT_NO,DEPARTURE,ARRIVAL,ROUTE,MODEL) values ('LJ113','서울/인천(ICN)','홍콩(HKG)',21,'B737-800');
Insert into SECTION (FLIGHT_NO,DEPARTURE,ARRIVAL,ROUTE,MODEL) values ('LJ114','홍콩(HKG)','서울/인천(ICN)',21,'B737-800');
Insert into SECTION (FLIGHT_NO,DEPARTURE,ARRIVAL,ROUTE,MODEL) values ('LJ081','서울/인천(ICN)','타이베이/타오위안(TPE)',23,'B737-800');
Insert into SECTION (FLIGHT_NO,DEPARTURE,ARRIVAL,ROUTE,MODEL) values ('LJ082','타이베이/타오위안(TPE)','서울/인천(ICN)',23,'B737-800');
Insert into SECTION (FLIGHT_NO,DEPARTURE,ARRIVAL,ROUTE,MODEL) values ('LJ003','서울/인천(ICN)','방콕(BKK)',24,'B737-800');
Insert into SECTION (FLIGHT_NO,DEPARTURE,ARRIVAL,ROUTE,MODEL) values ('LJ004','방콕(BKK)','서울/인천(ICN)',24,'B737-800');
Insert into SECTION (FLIGHT_NO,DEPARTURE,ARRIVAL,ROUTE,MODEL) values ('LJ015','서울/인천(ICN)','푸껫(HKT)',28,'B737-800');
Insert into SECTION (FLIGHT_NO,DEPARTURE,ARRIVAL,ROUTE,MODEL) values ('LJ016','푸껫(HKT)','서울/인천(ICN)',28,'B737-800');
Insert into SECTION (FLIGHT_NO,DEPARTURE,ARRIVAL,ROUTE,MODEL) values ('LJ025','서울/인천(ICN)','세부(CEB)',29,'B737-800');
Insert into SECTION (FLIGHT_NO,DEPARTURE,ARRIVAL,ROUTE,MODEL) values ('LJ026','세부(CEB)','서울/인천(ICN)',29,'B737-800');
Insert into SECTION (FLIGHT_NO,DEPARTURE,ARRIVAL,ROUTE,MODEL) values ('LJ059','서울/인천(ICN)','다낭(DAD)',30,'B737-800');
Insert into SECTION (FLIGHT_NO,DEPARTURE,ARRIVAL,ROUTE,MODEL) values ('LJ060','다낭(DAD)','서울/인천(ICN)',30,'B737-800');
Insert into SECTION (FLIGHT_NO,DEPARTURE,ARRIVAL,ROUTE,MODEL) values ('LJ057','서울/인천(ICN)','하노이(HAN)',31,'B737-800');
Insert into SECTION (FLIGHT_NO,DEPARTURE,ARRIVAL,ROUTE,MODEL) values ('LJ058','하노이(HAN)','서울/인천(ICN)',31,'B737-800');
REM INSERTING into SERVICE
SET DEFINE OFF;
Insert into SERVICE (S_NO,B_NO,ST_NO,EB_NO,WEIGHT,F_NO) values (1,'1',34,19,1,11);
Insert into SERVICE (S_NO,B_NO,ST_NO,EB_NO,WEIGHT,F_NO) values (2,'2',38,19,2,1);
Insert into SERVICE (S_NO,B_NO,ST_NO,EB_NO,WEIGHT,F_NO) values (3,'3',36,19,4,5);
Insert into SERVICE (S_NO,B_NO,ST_NO,EB_NO,WEIGHT,F_NO) values (4,'4',37,19,3,3);
Insert into SERVICE (S_NO,B_NO,ST_NO,EB_NO,WEIGHT,F_NO) values (5,'5',41,19,3,7);
Insert into SERVICE (S_NO,B_NO,ST_NO,EB_NO,WEIGHT,F_NO) values (6,'6',42,19,4,9);
Insert into SERVICE (S_NO,B_NO,ST_NO,EB_NO,WEIGHT,F_NO) values (7,'7',38,19,2,6);
Insert into SERVICE (S_NO,B_NO,ST_NO,EB_NO,WEIGHT,F_NO) values (8,'8',37,19,1,8);
Insert into SERVICE (S_NO,B_NO,ST_NO,EB_NO,WEIGHT,F_NO) values (9,'9',36,19,3,4);
Insert into SERVICE (S_NO,B_NO,ST_NO,EB_NO,WEIGHT,F_NO) values (10,'10',38,19,4,2);
Insert into SERVICE (S_NO,B_NO,ST_NO,EB_NO,WEIGHT,F_NO) values (11,'11',36,19,2,6);
Insert into SERVICE (S_NO,B_NO,ST_NO,EB_NO,WEIGHT,F_NO) values (12,'12',37,19,1,1);
Insert into SERVICE (S_NO,B_NO,ST_NO,EB_NO,WEIGHT,F_NO) values (13,'13',41,19,1,10);
Insert into SERVICE (S_NO,B_NO,ST_NO,EB_NO,WEIGHT,F_NO) values (14,'14',42,19,3,2);
Insert into SERVICE (S_NO,B_NO,ST_NO,EB_NO,WEIGHT,F_NO) values (15,'15',38,19,2,5);
Insert into SERVICE (S_NO,B_NO,ST_NO,EB_NO,WEIGHT,F_NO) values (16,'16',37,19,1,3);
Insert into SERVICE (S_NO,B_NO,ST_NO,EB_NO,WEIGHT,F_NO) values (17,'17',36,19,1,11);
Insert into SERVICE (S_NO,B_NO,ST_NO,EB_NO,WEIGHT,F_NO) values (18,'18',38,19,1,6);
Insert into SERVICE (S_NO,B_NO,ST_NO,EB_NO,WEIGHT,F_NO) values (19,'19',37,19,2,7);
Insert into SERVICE (S_NO,B_NO,ST_NO,EB_NO,WEIGHT,F_NO) values (20,'20',36,19,3,2);
Insert into SERVICE (S_NO,B_NO,ST_NO,EB_NO,WEIGHT,F_NO) values (21,'21',38,19,4,4);
Insert into SERVICE (S_NO,B_NO,ST_NO,EB_NO,WEIGHT,F_NO) values (22,'22',37,19,2,5);
Insert into SERVICE (S_NO,B_NO,ST_NO,EB_NO,WEIGHT,F_NO) values (23,'23',38,19,3,1);
Insert into SERVICE (S_NO,B_NO,ST_NO,EB_NO,WEIGHT,F_NO) values (24,'24',37,19,4,3);
Insert into SERVICE (S_NO,B_NO,ST_NO,EB_NO,WEIGHT,F_NO) values (25,'25',36,19,2,5);
Insert into SERVICE (S_NO,B_NO,ST_NO,EB_NO,WEIGHT,F_NO) values (26,'26',37,19,1,2);
Insert into SERVICE (S_NO,B_NO,ST_NO,EB_NO,WEIGHT,F_NO) values (27,'27',41,19,2,1);
Insert into SERVICE (S_NO,B_NO,ST_NO,EB_NO,WEIGHT,F_NO) values (28,'28',42,19,3,3);
Insert into SERVICE (S_NO,B_NO,ST_NO,EB_NO,WEIGHT,F_NO) values (29,'29',36,19,4,6);
Insert into SERVICE (S_NO,B_NO,ST_NO,EB_NO,WEIGHT,F_NO) values (30,'30',41,19,2,2);
REM INSERTING into SNSLINK
SET DEFINE OFF;
Insert into SNSLINK (NO,M_ID,SNSID,SNSPWD,SNS) values (1,'apple12','hakjun123@naver.com','hakjun123!','페이스북');
Insert into SNSLINK (NO,M_ID,SNSID,SNSPWD,SNS) values (2,'apple12','hakjun123@naver.com','hakjun123!','네이버');
Insert into SNSLINK (NO,M_ID,SNSID,SNSPWD,SNS) values (3,'apple12','hakjun123@naver.com','hakjun123!','구글');
Insert into SNSLINK (NO,M_ID,SNSID,SNSPWD,SNS) values (4,'raisin90','yeongbin123@naver.com','yeongbin123!','페이스북');
Insert into SNSLINK (NO,M_ID,SNSID,SNSPWD,SNS) values (5,'raisin90','yeongbin123@naver.com','yeongbin123!','네이버');
Insert into SNSLINK (NO,M_ID,SNSID,SNSPWD,SNS) values (6,'grapefruit88','jinhan123@naver.com','jinhan123!','카카오');
Insert into SNSLINK (NO,M_ID,SNSID,SNSPWD,SNS) values (7,'grapefruit88','jinhan123@naver.com','jinhan123!','구글');
Insert into SNSLINK (NO,M_ID,SNSID,SNSPWD,SNS) values (8,'cherry1234','subin123@gmail.com','subin123!','구글');
Insert into SNSLINK (NO,M_ID,SNSID,SNSPWD,SNS) values (9,'cherry1234','subin123@gmail.com','subin123!','카카오');
Insert into SNSLINK (NO,M_ID,SNSID,SNSPWD,SNS) values (10,'peach54','jehoon123@naver.com','jehoon123!','네이버');
Insert into SNSLINK (NO,M_ID,SNSID,SNSPWD,SNS) values (11,'lime4543','chulsu123@naver.com','chulsu123!','카카오');
Insert into SNSLINK (NO,M_ID,SNSID,SNSPWD,SNS) values (12,'lettuce765','yeonghee123@naver.com','yeonghee123!','카카오');
Insert into SNSLINK (NO,M_ID,SNSID,SNSPWD,SNS) values (13,'radish3432','hyojin123@naver.com','hyojin123!','카카오');
Insert into SNSLINK (NO,M_ID,SNSID,SNSPWD,SNS) values (14,'onion98','dongwon123@naver.com','dongwon123!','카카오');
Insert into SNSLINK (NO,M_ID,SNSID,SNSPWD,SNS) values (15,'onion98','dongwon123@naver.com','dongwon123!','네이버');
Insert into SNSLINK (NO,M_ID,SNSID,SNSPWD,SNS) values (16,'onion98','dongwon123@naver.com','dongwon123!','페이스북');
Insert into SNSLINK (NO,M_ID,SNSID,SNSPWD,SNS) values (17,'garlic231','hodong123@naver.com','hodong123!','카카오');
Insert into SNSLINK (NO,M_ID,SNSID,SNSPWD,SNS) values (18,'garlic231','hodong123@naver.com','hodong123!','페이스북');
Insert into SNSLINK (NO,M_ID,SNSID,SNSPWD,SNS) values (19,'mustard','sugeun123@naver.com','sugeun123!','카카오');
Insert into SNSLINK (NO,M_ID,SNSID,SNSPWD,SNS) values (20,'ginseng077','heungmin123@naver.com','heungmin123!','네이버');
Insert into SNSLINK (NO,M_ID,SNSID,SNSPWD,SNS) values (21,'sesame975','jichul123@naver.com','jichul123!','네이버');
Insert into SNSLINK (NO,M_ID,SNSID,SNSPWD,SNS) values (22,'sesame975','jichul123@naver.com','jichul123!','카카오');
Insert into SNSLINK (NO,M_ID,SNSID,SNSPWD,SNS) values (23,'peanut543','hana12399@naver.com','hana12399!','네이버');
Insert into SNSLINK (NO,M_ID,SNSID,SNSPWD,SNS) values (24,'peanut543','hana12399@naver.com','hana12399!','구글');
Insert into SNSLINK (NO,M_ID,SNSID,SNSPWD,SNS) values (25,'paprika11','yejin123@naver.com','yejin123!','네이버');
Insert into SNSLINK (NO,M_ID,SNSID,SNSPWD,SNS) values (26,'paprika11','yejin123@naver.com','yejin123!','구글');
Insert into SNSLINK (NO,M_ID,SNSID,SNSPWD,SNS) values (27,'deodeok000','leejeong123@naver.com','leejeong123!','페이스북');
Insert into SNSLINK (NO,M_ID,SNSID,SNSPWD,SNS) values (28,'deodeok000','leejeong123@naver.com','leejeong123!','구글');
Insert into SNSLINK (NO,M_ID,SNSID,SNSPWD,SNS) values (29,'mulberry343','bada12356@naver.com','bada12356!','네이버');
Insert into SNSLINK (NO,M_ID,SNSID,SNSPWD,SNS) values (30,'walnut75','yura12377@naver.com','yura12377!','페이스북');
REM INSERTING into USING_POINT
SET DEFINE OFF;
Insert into USING_POINT (UP_NO,UP_POINT,USINGDATE,BP_NO) values (1,-200,to_date('19/03/21','RR/MM/DD'),2);
Insert into USING_POINT (UP_NO,UP_POINT,USINGDATE,BP_NO) values (2,-150,to_date('19/04/30','RR/MM/DD'),3);
Insert into USING_POINT (UP_NO,UP_POINT,USINGDATE,BP_NO) values (3,-100,to_date('19/04/20','RR/MM/DD'),1);
Insert into USING_POINT (UP_NO,UP_POINT,USINGDATE,BP_NO) values (4,-100,to_date('20/10/20','RR/MM/DD'),1);
REM INSERTING into WHEELCHAIR
SET DEFINE OFF;
Insert into WHEELCHAIR (W_NO,B_NO) values (1,'15');
Insert into WHEELCHAIR (W_NO,B_NO) values (2,'20');
Insert into WHEELCHAIR (W_NO,B_NO) values (3,'19');
Insert into WHEELCHAIR (W_NO,B_NO) values (4,'27');
Insert into WHEELCHAIR (W_NO,B_NO) values (5,'7');
--------------------------------------------------------
--  DDL for Index PK_ROUTE
--------------------------------------------------------

  CREATE UNIQUE INDEX "PK_ROUTE" ON "ROUTE" ("ROUTE") 
  PCTFREE 10 INITRANS 2 MAXTRANS 255 COMPUTE STATISTICS 
  STORAGE(INITIAL 65536 NEXT 1048576 MINEXTENTS 1 MAXEXTENTS 2147483645
  PCTINCREASE 0 FREELISTS 1 FREELIST GROUPS 1 BUFFER_POOL DEFAULT FLASH_CACHE DEFAULT CELL_FLASH_CACHE DEFAULT)
  TABLESPACE "SYSTEM" ;
--------------------------------------------------------
--  DDL for Index PK_BONUS_TICKET
--------------------------------------------------------

  CREATE UNIQUE INDEX "PK_BONUS_TICKET" ON "BONUS_TICKET" ("B_NO") 
  PCTFREE 10 INITRANS 2 MAXTRANS 255 COMPUTE STATISTICS 
  STORAGE(INITIAL 65536 NEXT 1048576 MINEXTENTS 1 MAXEXTENTS 2147483645
  PCTINCREASE 0 FREELISTS 1 FREELIST GROUPS 1 BUFFER_POOL DEFAULT FLASH_CACHE DEFAULT CELL_FLASH_CACHE DEFAULT)
  TABLESPACE "SYSTEM" ;
--------------------------------------------------------
--  DDL for Index PK_SECTION
--------------------------------------------------------

  CREATE UNIQUE INDEX "PK_SECTION" ON "SECTION" ("FLIGHT_NO") 
  PCTFREE 10 INITRANS 2 MAXTRANS 255 COMPUTE STATISTICS 
  STORAGE(INITIAL 65536 NEXT 1048576 MINEXTENTS 1 MAXEXTENTS 2147483645
  PCTINCREASE 0 FREELISTS 1 FREELIST GROUPS 1 BUFFER_POOL DEFAULT FLASH_CACHE DEFAULT CELL_FLASH_CACHE DEFAULT)
  TABLESPACE "SYSTEM" ;
--------------------------------------------------------
--  DDL for Index PK_PRIZE_EVENT
--------------------------------------------------------

  CREATE UNIQUE INDEX "PK_PRIZE_EVENT" ON "PRIZE_EVENT" ("PE_NO") 
  PCTFREE 10 INITRANS 2 MAXTRANS 255 COMPUTE STATISTICS 
  STORAGE(INITIAL 65536 NEXT 1048576 MINEXTENTS 1 MAXEXTENTS 2147483645
  PCTINCREASE 0 FREELISTS 1 FREELIST GROUPS 1 BUFFER_POOL DEFAULT FLASH_CACHE DEFAULT CELL_FLASH_CACHE DEFAULT)
  TABLESPACE "SYSTEM" ;
--------------------------------------------------------
--  DDL for Index PK_RESERVED_SEAT
--------------------------------------------------------

  CREATE UNIQUE INDEX "PK_RESERVED_SEAT" ON "RESERVED_SEAT" ("RS_NO") 
  PCTFREE 10 INITRANS 2 MAXTRANS 255 COMPUTE STATISTICS 
  STORAGE(INITIAL 65536 NEXT 1048576 MINEXTENTS 1 MAXEXTENTS 2147483645
  PCTINCREASE 0 FREELISTS 1 FREELIST GROUPS 1 BUFFER_POOL DEFAULT FLASH_CACHE DEFAULT CELL_FLASH_CACHE DEFAULT)
  TABLESPACE "SYSTEM" ;
--------------------------------------------------------
--  DDL for Index PK_QNA
--------------------------------------------------------

  CREATE UNIQUE INDEX "PK_QNA" ON "QNA" ("Q_NO") 
  PCTFREE 10 INITRANS 2 MAXTRANS 255 COMPUTE STATISTICS 
  STORAGE(INITIAL 65536 NEXT 1048576 MINEXTENTS 1 MAXEXTENTS 2147483645
  PCTINCREASE 0 FREELISTS 1 FREELIST GROUPS 1 BUFFER_POOL DEFAULT FLASH_CACHE DEFAULT CELL_FLASH_CACHE DEFAULT)
  TABLESPACE "SYSTEM" ;
--------------------------------------------------------
--  DDL for Index PK_FAQ
--------------------------------------------------------

  CREATE UNIQUE INDEX "PK_FAQ" ON "FAQ" ("F_NO") 
  PCTFREE 10 INITRANS 2 MAXTRANS 255 COMPUTE STATISTICS 
  STORAGE(INITIAL 65536 NEXT 1048576 MINEXTENTS 1 MAXEXTENTS 2147483645
  PCTINCREASE 0 FREELISTS 1 FREELIST GROUPS 1 BUFFER_POOL DEFAULT FLASH_CACHE DEFAULT CELL_FLASH_CACHE DEFAULT)
  TABLESPACE "SYSTEM" ;
--------------------------------------------------------
--  DDL for Index PK_LOST_MANAGEMENT
--------------------------------------------------------

  CREATE UNIQUE INDEX "PK_LOST_MANAGEMENT" ON "LOST_MANAGEMENT" ("LM_NO") 
  PCTFREE 10 INITRANS 2 MAXTRANS 255 COMPUTE STATISTICS 
  STORAGE(INITIAL 65536 NEXT 1048576 MINEXTENTS 1 MAXEXTENTS 2147483645
  PCTINCREASE 0 FREELISTS 1 FREELIST GROUPS 1 BUFFER_POOL DEFAULT FLASH_CACHE DEFAULT CELL_FLASH_CACHE DEFAULT)
  TABLESPACE "SYSTEM" ;
--------------------------------------------------------
--  DDL for Index PK_INTERNATIONAL
--------------------------------------------------------

  CREATE UNIQUE INDEX "PK_INTERNATIONAL" ON "INTERNATIONAL" ("OF_NO") 
  PCTFREE 10 INITRANS 2 MAXTRANS 255 COMPUTE STATISTICS 
  STORAGE(INITIAL 65536 NEXT 1048576 MINEXTENTS 1 MAXEXTENTS 2147483645
  PCTINCREASE 0 FREELISTS 1 FREELIST GROUPS 1 BUFFER_POOL DEFAULT FLASH_CACHE DEFAULT CELL_FLASH_CACHE DEFAULT)
  TABLESPACE "SYSTEM" ;
--------------------------------------------------------
--  DDL for Index PK_PENALTY
--------------------------------------------------------

  CREATE UNIQUE INDEX "PK_PENALTY" ON "PENALTY" ("P_NO") 
  PCTFREE 10 INITRANS 2 MAXTRANS 255 COMPUTE STATISTICS 
  STORAGE(INITIAL 65536 NEXT 1048576 MINEXTENTS 1 MAXEXTENTS 2147483645
  PCTINCREASE 0 FREELISTS 1 FREELIST GROUPS 1 BUFFER_POOL DEFAULT FLASH_CACHE DEFAULT CELL_FLASH_CACHE DEFAULT)
  TABLESPACE "SYSTEM" ;
--------------------------------------------------------
--  DDL for Index PK_WHEELCHAIR
--------------------------------------------------------

  CREATE UNIQUE INDEX "PK_WHEELCHAIR" ON "WHEELCHAIR" ("W_NO") 
  PCTFREE 10 INITRANS 2 MAXTRANS 255 COMPUTE STATISTICS 
  STORAGE(INITIAL 65536 NEXT 1048576 MINEXTENTS 1 MAXEXTENTS 2147483645
  PCTINCREASE 0 FREELISTS 1 FREELIST GROUPS 1 BUFFER_POOL DEFAULT FLASH_CACHE DEFAULT CELL_FLASH_CACHE DEFAULT)
  TABLESPACE "SYSTEM" ;
--------------------------------------------------------
--  DDL for Index PK_FOOD
--------------------------------------------------------

  CREATE UNIQUE INDEX "PK_FOOD" ON "FOOD" ("F_NO") 
  PCTFREE 10 INITRANS 2 MAXTRANS 255 COMPUTE STATISTICS 
  STORAGE(INITIAL 65536 NEXT 1048576 MINEXTENTS 1 MAXEXTENTS 2147483645
  PCTINCREASE 0 FREELISTS 1 FREELIST GROUPS 1 BUFFER_POOL DEFAULT FLASH_CACHE DEFAULT CELL_FLASH_CACHE DEFAULT)
  TABLESPACE "SYSTEM" ;
--------------------------------------------------------
--  DDL for Index PK_USING_POINT
--------------------------------------------------------

  CREATE UNIQUE INDEX "PK_USING_POINT" ON "USING_POINT" ("UP_NO") 
  PCTFREE 10 INITRANS 2 MAXTRANS 255 COMPUTE STATISTICS 
  STORAGE(INITIAL 65536 NEXT 1048576 MINEXTENTS 1 MAXEXTENTS 2147483645
  PCTINCREASE 0 FREELISTS 1 FREELIST GROUPS 1 BUFFER_POOL DEFAULT FLASH_CACHE DEFAULT CELL_FLASH_CACHE DEFAULT)
  TABLESPACE "SYSTEM" ;
--------------------------------------------------------
--  DDL for Index PK_SNSLINK
--------------------------------------------------------

  CREATE UNIQUE INDEX "PK_SNSLINK" ON "SNSLINK" ("NO") 
  PCTFREE 10 INITRANS 2 MAXTRANS 255 COMPUTE STATISTICS 
  STORAGE(INITIAL 65536 NEXT 1048576 MINEXTENTS 1 MAXEXTENTS 2147483645
  PCTINCREASE 0 FREELISTS 1 FREELIST GROUPS 1 BUFFER_POOL DEFAULT FLASH_CACHE DEFAULT CELL_FLASH_CACHE DEFAULT)
  TABLESPACE "SYSTEM" ;
--------------------------------------------------------
--  DDL for Index PK_LOST_RECIPIENT
--------------------------------------------------------

  CREATE UNIQUE INDEX "PK_LOST_RECIPIENT" ON "LOST_RECIPIENT" ("LR_NO") 
  PCTFREE 10 INITRANS 2 MAXTRANS 255 COMPUTE STATISTICS 
  STORAGE(INITIAL 65536 NEXT 1048576 MINEXTENTS 1 MAXEXTENTS 2147483645
  PCTINCREASE 0 FREELISTS 1 FREELIST GROUPS 1 BUFFER_POOL DEFAULT FLASH_CACHE DEFAULT CELL_FLASH_CACHE DEFAULT)
  TABLESPACE "SYSTEM" ;
--------------------------------------------------------
--  DDL for Index PK_SCHEDULE
--------------------------------------------------------

  CREATE UNIQUE INDEX "PK_SCHEDULE" ON "SCHEDULE" ("S_NO") 
  PCTFREE 10 INITRANS 2 MAXTRANS 255 COMPUTE STATISTICS 
  STORAGE(INITIAL 65536 NEXT 1048576 MINEXTENTS 1 MAXEXTENTS 2147483645
  PCTINCREASE 0 FREELISTS 1 FREELIST GROUPS 1 BUFFER_POOL DEFAULT FLASH_CACHE DEFAULT CELL_FLASH_CACHE DEFAULT)
  TABLESPACE "SYSTEM" ;
--------------------------------------------------------
--  DDL for Index PK_SAVING_POINT
--------------------------------------------------------

  CREATE UNIQUE INDEX "PK_SAVING_POINT" ON "SAVING_POINT" ("SP_NO") 
  PCTFREE 10 INITRANS 2 MAXTRANS 255 COMPUTE STATISTICS 
  STORAGE(INITIAL 65536 NEXT 1048576 MINEXTENTS 1 MAXEXTENTS 2147483645
  PCTINCREASE 0 FREELISTS 1 FREELIST GROUPS 1 BUFFER_POOL DEFAULT FLASH_CACHE DEFAULT CELL_FLASH_CACHE DEFAULT)
  TABLESPACE "SYSTEM" ;
--------------------------------------------------------
--  DDL for Index PK_NM_BOOK
--------------------------------------------------------

  CREATE UNIQUE INDEX "PK_NM_BOOK" ON "NM_BOOK" ("NM_NO") 
  PCTFREE 10 INITRANS 2 MAXTRANS 255 COMPUTE STATISTICS 
  STORAGE(INITIAL 65536 NEXT 1048576 MINEXTENTS 1 MAXEXTENTS 2147483645
  PCTINCREASE 0 FREELISTS 1 FREELIST GROUPS 1 BUFFER_POOL DEFAULT FLASH_CACHE DEFAULT CELL_FLASH_CACHE DEFAULT)
  TABLESPACE "SYSTEM" ;
--------------------------------------------------------
--  DDL for Index PK_BASE_POINT
--------------------------------------------------------

  CREATE UNIQUE INDEX "PK_BASE_POINT" ON "BASE_POINT" ("BP_NO") 
  PCTFREE 10 INITRANS 2 MAXTRANS 255 COMPUTE STATISTICS 
  STORAGE(INITIAL 65536 NEXT 1048576 MINEXTENTS 1 MAXEXTENTS 2147483645
  PCTINCREASE 0 FREELISTS 1 FREELIST GROUPS 1 BUFFER_POOL DEFAULT FLASH_CACHE DEFAULT CELL_FLASH_CACHE DEFAULT)
  TABLESPACE "SYSTEM" ;
--------------------------------------------------------
--  DDL for Index PK_BOOKING
--------------------------------------------------------

  CREATE UNIQUE INDEX "PK_BOOKING" ON "BOOKING" ("B_NO") 
  PCTFREE 10 INITRANS 2 MAXTRANS 255 COMPUTE STATISTICS 
  STORAGE(INITIAL 65536 NEXT 1048576 MINEXTENTS 1 MAXEXTENTS 2147483645
  PCTINCREASE 0 FREELISTS 1 FREELIST GROUPS 1 BUFFER_POOL DEFAULT FLASH_CACHE DEFAULT CELL_FLASH_CACHE DEFAULT)
  TABLESPACE "SYSTEM" ;
--------------------------------------------------------
--  DDL for Index PK_NOTICE
--------------------------------------------------------

  CREATE UNIQUE INDEX "PK_NOTICE" ON "NOTICE" ("N_NO") 
  PCTFREE 10 INITRANS 2 MAXTRANS 255 COMPUTE STATISTICS 
  STORAGE(INITIAL 65536 NEXT 1048576 MINEXTENTS 1 MAXEXTENTS 2147483645
  PCTINCREASE 0 FREELISTS 1 FREELIST GROUPS 1 BUFFER_POOL DEFAULT FLASH_CACHE DEFAULT CELL_FLASH_CACHE DEFAULT)
  TABLESPACE "SYSTEM" ;
--------------------------------------------------------
--  DDL for Index PK_ADMIN
--------------------------------------------------------

  CREATE UNIQUE INDEX "PK_ADMIN" ON "ADMIN" ("A_ID") 
  PCTFREE 10 INITRANS 2 MAXTRANS 255 COMPUTE STATISTICS 
  STORAGE(INITIAL 65536 NEXT 1048576 MINEXTENTS 1 MAXEXTENTS 2147483645
  PCTINCREASE 0 FREELISTS 1 FREELIST GROUPS 1 BUFFER_POOL DEFAULT FLASH_CACHE DEFAULT CELL_FLASH_CACHE DEFAULT)
  TABLESPACE "SYSTEM" ;
--------------------------------------------------------
--  DDL for Index PK_SEAT
--------------------------------------------------------

  CREATE UNIQUE INDEX "PK_SEAT" ON "SEAT" ("S_NO") 
  PCTFREE 10 INITRANS 2 MAXTRANS 255 COMPUTE STATISTICS 
  STORAGE(INITIAL 65536 NEXT 1048576 MINEXTENTS 1 MAXEXTENTS 2147483645
  PCTINCREASE 0 FREELISTS 1 FREELIST GROUPS 1 BUFFER_POOL DEFAULT FLASH_CACHE DEFAULT CELL_FLASH_CACHE DEFAULT)
  TABLESPACE "SYSTEM" ;
--------------------------------------------------------
--  DDL for Index PK_MEMBER
--------------------------------------------------------

  CREATE UNIQUE INDEX "PK_MEMBER" ON "MEMBER" ("M_ID") 
  PCTFREE 10 INITRANS 2 MAXTRANS 255 COMPUTE STATISTICS 
  STORAGE(INITIAL 65536 NEXT 1048576 MINEXTENTS 1 MAXEXTENTS 2147483645
  PCTINCREASE 0 FREELISTS 1 FREELIST GROUPS 1 BUFFER_POOL DEFAULT FLASH_CACHE DEFAULT CELL_FLASH_CACHE DEFAULT)
  TABLESPACE "SYSTEM" ;
--------------------------------------------------------
--  DDL for Index PK_POINT_LIST
--------------------------------------------------------

  CREATE UNIQUE INDEX "PK_POINT_LIST" ON "POINT_LIST" ("PL_NO") 
  PCTFREE 10 INITRANS 2 MAXTRANS 255 COMPUTE STATISTICS 
  STORAGE(INITIAL 65536 NEXT 1048576 MINEXTENTS 1 MAXEXTENTS 2147483645
  PCTINCREASE 0 FREELISTS 1 FREELIST GROUPS 1 BUFFER_POOL DEFAULT FLASH_CACHE DEFAULT CELL_FLASH_CACHE DEFAULT)
  TABLESPACE "SYSTEM" ;
--------------------------------------------------------
--  DDL for Index PK_CHECKIN
--------------------------------------------------------

  CREATE UNIQUE INDEX "PK_CHECKIN" ON "CHECKIN" ("C_NO") 
  PCTFREE 10 INITRANS 2 MAXTRANS 255 COMPUTE STATISTICS 
  STORAGE(INITIAL 65536 NEXT 1048576 MINEXTENTS 1 MAXEXTENTS 2147483645
  PCTINCREASE 0 FREELISTS 1 FREELIST GROUPS 1 BUFFER_POOL DEFAULT FLASH_CACHE DEFAULT CELL_FLASH_CACHE DEFAULT)
  TABLESPACE "SYSTEM" ;
--------------------------------------------------------
--  DDL for Index PK_BAGGAGE
--------------------------------------------------------

  CREATE UNIQUE INDEX "PK_BAGGAGE" ON "BAGGAGE" ("EB_NO") 
  PCTFREE 10 INITRANS 2 MAXTRANS 255 COMPUTE STATISTICS 
  STORAGE(INITIAL 65536 NEXT 1048576 MINEXTENTS 1 MAXEXTENTS 2147483645
  PCTINCREASE 0 FREELISTS 1 FREELIST GROUPS 1 BUFFER_POOL DEFAULT FLASH_CACHE DEFAULT CELL_FLASH_CACHE DEFAULT)
  TABLESPACE "SYSTEM" ;
--------------------------------------------------------
--  DDL for Index PK_SERVICE
--------------------------------------------------------

  CREATE UNIQUE INDEX "PK_SERVICE" ON "SERVICE" ("S_NO") 
  PCTFREE 10 INITRANS 2 MAXTRANS 255 COMPUTE STATISTICS 
  STORAGE(INITIAL 65536 NEXT 1048576 MINEXTENTS 1 MAXEXTENTS 2147483645
  PCTINCREASE 0 FREELISTS 1 FREELIST GROUPS 1 BUFFER_POOL DEFAULT FLASH_CACHE DEFAULT CELL_FLASH_CACHE DEFAULT)
  TABLESPACE "SYSTEM" ;
--------------------------------------------------------
--  DDL for Index PK_CANCEL
--------------------------------------------------------

  CREATE UNIQUE INDEX "PK_CANCEL" ON "CANCEL" ("C_NO") 
  PCTFREE 10 INITRANS 2 MAXTRANS 255 COMPUTE STATISTICS 
  STORAGE(INITIAL 65536 NEXT 1048576 MINEXTENTS 1 MAXEXTENTS 2147483645
  PCTINCREASE 0 FREELISTS 1 FREELIST GROUPS 1 BUFFER_POOL DEFAULT FLASH_CACHE DEFAULT CELL_FLASH_CACHE DEFAULT)
  TABLESPACE "SYSTEM" ;
--------------------------------------------------------
--  DDL for Index PK_PAYMENT
--------------------------------------------------------

  CREATE UNIQUE INDEX "PK_PAYMENT" ON "PAYMENT" ("P_NO") 
  PCTFREE 10 INITRANS 2 MAXTRANS 255 COMPUTE STATISTICS 
  STORAGE(INITIAL 65536 NEXT 1048576 MINEXTENTS 1 MAXEXTENTS 2147483645
  PCTINCREASE 0 FREELISTS 1 FREELIST GROUPS 1 BUFFER_POOL DEFAULT FLASH_CACHE DEFAULT CELL_FLASH_CACHE DEFAULT)
  TABLESPACE "SYSTEM" ;
--------------------------------------------------------
--  DDL for Index PK_EVENT
--------------------------------------------------------

  CREATE UNIQUE INDEX "PK_EVENT" ON "EVENT" ("E_NO") 
  PCTFREE 10 INITRANS 2 MAXTRANS 255 COMPUTE STATISTICS 
  STORAGE(INITIAL 65536 NEXT 1048576 MINEXTENTS 1 MAXEXTENTS 2147483645
  PCTINCREASE 0 FREELISTS 1 FREELIST GROUPS 1 BUFFER_POOL DEFAULT FLASH_CACHE DEFAULT CELL_FLASH_CACHE DEFAULT)
  TABLESPACE "SYSTEM" ;
--------------------------------------------------------
--  DDL for Index PK_SEAT_TABLE
--------------------------------------------------------

  CREATE UNIQUE INDEX "PK_SEAT_TABLE" ON "SEAT_TABLE" ("ST_NO") 
  PCTFREE 10 INITRANS 2 MAXTRANS 255 COMPUTE STATISTICS 
  STORAGE(INITIAL 65536 NEXT 1048576 MINEXTENTS 1 MAXEXTENTS 2147483645
  PCTINCREASE 0 FREELISTS 1 FREELIST GROUPS 1 BUFFER_POOL DEFAULT FLASH_CACHE DEFAULT CELL_FLASH_CACHE DEFAULT)
  TABLESPACE "SYSTEM" ;
--------------------------------------------------------
--  DDL for Index PK_BOARDER
--------------------------------------------------------

  CREATE UNIQUE INDEX "PK_BOARDER" ON "BOARDER" ("B_NO") 
  PCTFREE 10 INITRANS 2 MAXTRANS 255 COMPUTE STATISTICS 
  STORAGE(INITIAL 65536 NEXT 1048576 MINEXTENTS 1 MAXEXTENTS 2147483645
  PCTINCREASE 0 FREELISTS 1 FREELIST GROUPS 1 BUFFER_POOL DEFAULT FLASH_CACHE DEFAULT CELL_FLASH_CACHE DEFAULT)
  TABLESPACE "SYSTEM" ;
--------------------------------------------------------
--  DDL for Index PK_POINT
--------------------------------------------------------

  CREATE UNIQUE INDEX "PK_POINT" ON "POINT" ("P_NO") 
  PCTFREE 10 INITRANS 2 MAXTRANS 255 COMPUTE STATISTICS 
  STORAGE(INITIAL 65536 NEXT 1048576 MINEXTENTS 1 MAXEXTENTS 2147483645
  PCTINCREASE 0 FREELISTS 1 FREELIST GROUPS 1 BUFFER_POOL DEFAULT FLASH_CACHE DEFAULT CELL_FLASH_CACHE DEFAULT)
  TABLESPACE "SYSTEM" ;
--------------------------------------------------------
--  DDL for Index PK_DOMESTIC
--------------------------------------------------------

  CREATE UNIQUE INDEX "PK_DOMESTIC" ON "DOMESTIC" ("IF_NO") 
  PCTFREE 10 INITRANS 2 MAXTRANS 255 COMPUTE STATISTICS 
  STORAGE(INITIAL 65536 NEXT 1048576 MINEXTENTS 1 MAXEXTENTS 2147483645
  PCTINCREASE 0 FREELISTS 1 FREELIST GROUPS 1 BUFFER_POOL DEFAULT FLASH_CACHE DEFAULT CELL_FLASH_CACHE DEFAULT)
  TABLESPACE "SYSTEM" ;
--------------------------------------------------------
--  DDL for Index PK_DISCOUNT
--------------------------------------------------------

  CREATE UNIQUE INDEX "PK_DISCOUNT" ON "DISCOUNT" ("D_NO") 
  PCTFREE 10 INITRANS 2 MAXTRANS 255 COMPUTE STATISTICS 
  STORAGE(INITIAL 65536 NEXT 1048576 MINEXTENTS 1 MAXEXTENTS 2147483645
  PCTINCREASE 0 FREELISTS 1 FREELIST GROUPS 1 BUFFER_POOL DEFAULT FLASH_CACHE DEFAULT CELL_FLASH_CACHE DEFAULT)
  TABLESPACE "SYSTEM" ;
--------------------------------------------------------
--  DDL for Index PK_PET
--------------------------------------------------------

  CREATE UNIQUE INDEX "PK_PET" ON "PET" ("P_NO") 
  PCTFREE 10 INITRANS 2 MAXTRANS 255 COMPUTE STATISTICS 
  STORAGE(INITIAL 65536 NEXT 1048576 MINEXTENTS 1 MAXEXTENTS 2147483645
  PCTINCREASE 0 FREELISTS 1 FREELIST GROUPS 1 BUFFER_POOL DEFAULT FLASH_CACHE DEFAULT CELL_FLASH_CACHE DEFAULT)
  TABLESPACE "SYSTEM" ;
--------------------------------------------------------
--  DDL for Index PK_COUPON
--------------------------------------------------------

  CREATE UNIQUE INDEX "PK_COUPON" ON "COUPON" ("C_NO") 
  PCTFREE 10 INITRANS 2 MAXTRANS 255 COMPUTE STATISTICS 
  STORAGE(INITIAL 65536 NEXT 1048576 MINEXTENTS 1 MAXEXTENTS 2147483645
  PCTINCREASE 0 FREELISTS 1 FREELIST GROUPS 1 BUFFER_POOL DEFAULT FLASH_CACHE DEFAULT CELL_FLASH_CACHE DEFAULT)
  TABLESPACE "SYSTEM" ;
--------------------------------------------------------
--  Constraints for Table SECTION
--------------------------------------------------------

  ALTER TABLE "SECTION" ADD CONSTRAINT "PK_SECTION" PRIMARY KEY ("FLIGHT_NO")
  USING INDEX PCTFREE 10 INITRANS 2 MAXTRANS 255 COMPUTE STATISTICS 
  STORAGE(INITIAL 65536 NEXT 1048576 MINEXTENTS 1 MAXEXTENTS 2147483645
  PCTINCREASE 0 FREELISTS 1 FREELIST GROUPS 1 BUFFER_POOL DEFAULT FLASH_CACHE DEFAULT CELL_FLASH_CACHE DEFAULT)
  TABLESPACE "SYSTEM"  ENABLE;
  ALTER TABLE "SECTION" MODIFY ("FLIGHT_NO" NOT NULL ENABLE);
--------------------------------------------------------
--  Constraints for Table NOTICE
--------------------------------------------------------

  ALTER TABLE "NOTICE" ADD CONSTRAINT "PK_NOTICE" PRIMARY KEY ("N_NO")
  USING INDEX PCTFREE 10 INITRANS 2 MAXTRANS 255 COMPUTE STATISTICS 
  STORAGE(INITIAL 65536 NEXT 1048576 MINEXTENTS 1 MAXEXTENTS 2147483645
  PCTINCREASE 0 FREELISTS 1 FREELIST GROUPS 1 BUFFER_POOL DEFAULT FLASH_CACHE DEFAULT CELL_FLASH_CACHE DEFAULT)
  TABLESPACE "SYSTEM"  ENABLE;
  ALTER TABLE "NOTICE" MODIFY ("N_NO" NOT NULL ENABLE);
--------------------------------------------------------
--  Constraints for Table FAQ
--------------------------------------------------------

  ALTER TABLE "FAQ" ADD CONSTRAINT "PK_FAQ" PRIMARY KEY ("F_NO")
  USING INDEX PCTFREE 10 INITRANS 2 MAXTRANS 255 COMPUTE STATISTICS 
  STORAGE(INITIAL 65536 NEXT 1048576 MINEXTENTS 1 MAXEXTENTS 2147483645
  PCTINCREASE 0 FREELISTS 1 FREELIST GROUPS 1 BUFFER_POOL DEFAULT FLASH_CACHE DEFAULT CELL_FLASH_CACHE DEFAULT)
  TABLESPACE "SYSTEM"  ENABLE;
  ALTER TABLE "FAQ" MODIFY ("F_NO" NOT NULL ENABLE);
--------------------------------------------------------
--  Constraints for Table DOMESTIC
--------------------------------------------------------

  ALTER TABLE "DOMESTIC" ADD CONSTRAINT "PK_DOMESTIC" PRIMARY KEY ("IF_NO")
  USING INDEX PCTFREE 10 INITRANS 2 MAXTRANS 255 COMPUTE STATISTICS 
  STORAGE(INITIAL 65536 NEXT 1048576 MINEXTENTS 1 MAXEXTENTS 2147483645
  PCTINCREASE 0 FREELISTS 1 FREELIST GROUPS 1 BUFFER_POOL DEFAULT FLASH_CACHE DEFAULT CELL_FLASH_CACHE DEFAULT)
  TABLESPACE "SYSTEM"  ENABLE;
  ALTER TABLE "DOMESTIC" MODIFY ("IF_NO" NOT NULL ENABLE);
--------------------------------------------------------
--  Constraints for Table SCHEDULE
--------------------------------------------------------

  ALTER TABLE "SCHEDULE" ADD CONSTRAINT "PK_SCHEDULE" PRIMARY KEY ("S_NO")
  USING INDEX PCTFREE 10 INITRANS 2 MAXTRANS 255 COMPUTE STATISTICS 
  STORAGE(INITIAL 65536 NEXT 1048576 MINEXTENTS 1 MAXEXTENTS 2147483645
  PCTINCREASE 0 FREELISTS 1 FREELIST GROUPS 1 BUFFER_POOL DEFAULT FLASH_CACHE DEFAULT CELL_FLASH_CACHE DEFAULT)
  TABLESPACE "SYSTEM"  ENABLE;
  ALTER TABLE "SCHEDULE" MODIFY ("S_NO" NOT NULL ENABLE);
--------------------------------------------------------
--  Constraints for Table RESERVED_SEAT
--------------------------------------------------------

  ALTER TABLE "RESERVED_SEAT" ADD CONSTRAINT "PK_RESERVED_SEAT" PRIMARY KEY ("RS_NO")
  USING INDEX PCTFREE 10 INITRANS 2 MAXTRANS 255 COMPUTE STATISTICS 
  STORAGE(INITIAL 65536 NEXT 1048576 MINEXTENTS 1 MAXEXTENTS 2147483645
  PCTINCREASE 0 FREELISTS 1 FREELIST GROUPS 1 BUFFER_POOL DEFAULT FLASH_CACHE DEFAULT CELL_FLASH_CACHE DEFAULT)
  TABLESPACE "SYSTEM"  ENABLE;
  ALTER TABLE "RESERVED_SEAT" MODIFY ("RS_NO" NOT NULL ENABLE);
--------------------------------------------------------
--  Constraints for Table SERVICE
--------------------------------------------------------

  ALTER TABLE "SERVICE" ADD CONSTRAINT "PK_SERVICE" PRIMARY KEY ("S_NO")
  USING INDEX PCTFREE 10 INITRANS 2 MAXTRANS 255 COMPUTE STATISTICS 
  STORAGE(INITIAL 65536 NEXT 1048576 MINEXTENTS 1 MAXEXTENTS 2147483645
  PCTINCREASE 0 FREELISTS 1 FREELIST GROUPS 1 BUFFER_POOL DEFAULT FLASH_CACHE DEFAULT CELL_FLASH_CACHE DEFAULT)
  TABLESPACE "SYSTEM"  ENABLE;
  ALTER TABLE "SERVICE" MODIFY ("S_NO" NOT NULL ENABLE);
--------------------------------------------------------
--  Constraints for Table PENALTY
--------------------------------------------------------

  ALTER TABLE "PENALTY" ADD CONSTRAINT "PK_PENALTY" PRIMARY KEY ("P_NO")
  USING INDEX PCTFREE 10 INITRANS 2 MAXTRANS 255 COMPUTE STATISTICS 
  STORAGE(INITIAL 65536 NEXT 1048576 MINEXTENTS 1 MAXEXTENTS 2147483645
  PCTINCREASE 0 FREELISTS 1 FREELIST GROUPS 1 BUFFER_POOL DEFAULT FLASH_CACHE DEFAULT CELL_FLASH_CACHE DEFAULT)
  TABLESPACE "SYSTEM"  ENABLE;
  ALTER TABLE "PENALTY" MODIFY ("P_NO" NOT NULL ENABLE);
--------------------------------------------------------
--  Constraints for Table PRIZE_EVENT
--------------------------------------------------------

  ALTER TABLE "PRIZE_EVENT" ADD CONSTRAINT "PK_PRIZE_EVENT" PRIMARY KEY ("PE_NO")
  USING INDEX PCTFREE 10 INITRANS 2 MAXTRANS 255 COMPUTE STATISTICS 
  STORAGE(INITIAL 65536 NEXT 1048576 MINEXTENTS 1 MAXEXTENTS 2147483645
  PCTINCREASE 0 FREELISTS 1 FREELIST GROUPS 1 BUFFER_POOL DEFAULT FLASH_CACHE DEFAULT CELL_FLASH_CACHE DEFAULT)
  TABLESPACE "SYSTEM"  ENABLE;
  ALTER TABLE "PRIZE_EVENT" MODIFY ("PE_NO" NOT NULL ENABLE);
--------------------------------------------------------
--  Constraints for Table PET
--------------------------------------------------------

  ALTER TABLE "PET" ADD CONSTRAINT "PK_PET" PRIMARY KEY ("P_NO")
  USING INDEX PCTFREE 10 INITRANS 2 MAXTRANS 255 COMPUTE STATISTICS 
  STORAGE(INITIAL 65536 NEXT 1048576 MINEXTENTS 1 MAXEXTENTS 2147483645
  PCTINCREASE 0 FREELISTS 1 FREELIST GROUPS 1 BUFFER_POOL DEFAULT FLASH_CACHE DEFAULT CELL_FLASH_CACHE DEFAULT)
  TABLESPACE "SYSTEM"  ENABLE;
  ALTER TABLE "PET" MODIFY ("P_NO" NOT NULL ENABLE);
--------------------------------------------------------
--  Constraints for Table EVENT
--------------------------------------------------------

  ALTER TABLE "EVENT" ADD CONSTRAINT "PK_EVENT" PRIMARY KEY ("E_NO")
  USING INDEX PCTFREE 10 INITRANS 2 MAXTRANS 255 COMPUTE STATISTICS 
  STORAGE(INITIAL 65536 NEXT 1048576 MINEXTENTS 1 MAXEXTENTS 2147483645
  PCTINCREASE 0 FREELISTS 1 FREELIST GROUPS 1 BUFFER_POOL DEFAULT FLASH_CACHE DEFAULT CELL_FLASH_CACHE DEFAULT)
  TABLESPACE "SYSTEM"  ENABLE;
  ALTER TABLE "EVENT" MODIFY ("E_NO" NOT NULL ENABLE);
--------------------------------------------------------
--  Constraints for Table BOOKING
--------------------------------------------------------

  ALTER TABLE "BOOKING" ADD CONSTRAINT "PK_BOOKING" PRIMARY KEY ("B_NO")
  USING INDEX PCTFREE 10 INITRANS 2 MAXTRANS 255 COMPUTE STATISTICS 
  STORAGE(INITIAL 65536 NEXT 1048576 MINEXTENTS 1 MAXEXTENTS 2147483645
  PCTINCREASE 0 FREELISTS 1 FREELIST GROUPS 1 BUFFER_POOL DEFAULT FLASH_CACHE DEFAULT CELL_FLASH_CACHE DEFAULT)
  TABLESPACE "SYSTEM"  ENABLE;
  ALTER TABLE "BOOKING" MODIFY ("B_NO" NOT NULL ENABLE);
--------------------------------------------------------
--  Constraints for Table PAYMENT
--------------------------------------------------------

  ALTER TABLE "PAYMENT" ADD CONSTRAINT "PK_PAYMENT" PRIMARY KEY ("P_NO")
  USING INDEX PCTFREE 10 INITRANS 2 MAXTRANS 255 COMPUTE STATISTICS 
  STORAGE(INITIAL 65536 NEXT 1048576 MINEXTENTS 1 MAXEXTENTS 2147483645
  PCTINCREASE 0 FREELISTS 1 FREELIST GROUPS 1 BUFFER_POOL DEFAULT FLASH_CACHE DEFAULT CELL_FLASH_CACHE DEFAULT)
  TABLESPACE "SYSTEM"  ENABLE;
  ALTER TABLE "PAYMENT" MODIFY ("P_NO" NOT NULL ENABLE);
--------------------------------------------------------
--  Constraints for Table LOST_RECIPIENT
--------------------------------------------------------

  ALTER TABLE "LOST_RECIPIENT" ADD CONSTRAINT "PK_LOST_RECIPIENT" PRIMARY KEY ("LR_NO")
  USING INDEX PCTFREE 10 INITRANS 2 MAXTRANS 255 COMPUTE STATISTICS 
  STORAGE(INITIAL 65536 NEXT 1048576 MINEXTENTS 1 MAXEXTENTS 2147483645
  PCTINCREASE 0 FREELISTS 1 FREELIST GROUPS 1 BUFFER_POOL DEFAULT FLASH_CACHE DEFAULT CELL_FLASH_CACHE DEFAULT)
  TABLESPACE "SYSTEM"  ENABLE;
  ALTER TABLE "LOST_RECIPIENT" MODIFY ("LR_NO" NOT NULL ENABLE);
--------------------------------------------------------
--  Constraints for Table BOARDER
--------------------------------------------------------

  ALTER TABLE "BOARDER" ADD CONSTRAINT "PK_BOARDER" PRIMARY KEY ("B_NO")
  USING INDEX PCTFREE 10 INITRANS 2 MAXTRANS 255 COMPUTE STATISTICS 
  STORAGE(INITIAL 65536 NEXT 1048576 MINEXTENTS 1 MAXEXTENTS 2147483645
  PCTINCREASE 0 FREELISTS 1 FREELIST GROUPS 1 BUFFER_POOL DEFAULT FLASH_CACHE DEFAULT CELL_FLASH_CACHE DEFAULT)
  TABLESPACE "SYSTEM"  ENABLE;
  ALTER TABLE "BOARDER" MODIFY ("B_NO" NOT NULL ENABLE);
--------------------------------------------------------
--  Constraints for Table SAVING_POINT
--------------------------------------------------------

  ALTER TABLE "SAVING_POINT" ADD CONSTRAINT "PK_SAVING_POINT" PRIMARY KEY ("SP_NO")
  USING INDEX PCTFREE 10 INITRANS 2 MAXTRANS 255 COMPUTE STATISTICS 
  STORAGE(INITIAL 65536 NEXT 1048576 MINEXTENTS 1 MAXEXTENTS 2147483645
  PCTINCREASE 0 FREELISTS 1 FREELIST GROUPS 1 BUFFER_POOL DEFAULT FLASH_CACHE DEFAULT CELL_FLASH_CACHE DEFAULT)
  TABLESPACE "SYSTEM"  ENABLE;
  ALTER TABLE "SAVING_POINT" MODIFY ("SP_NO" NOT NULL ENABLE);
--------------------------------------------------------
--  Constraints for Table COUPON
--------------------------------------------------------

  ALTER TABLE "COUPON" ADD CONSTRAINT "PK_COUPON" PRIMARY KEY ("C_NO")
  USING INDEX PCTFREE 10 INITRANS 2 MAXTRANS 255 COMPUTE STATISTICS 
  STORAGE(INITIAL 65536 NEXT 1048576 MINEXTENTS 1 MAXEXTENTS 2147483645
  PCTINCREASE 0 FREELISTS 1 FREELIST GROUPS 1 BUFFER_POOL DEFAULT FLASH_CACHE DEFAULT CELL_FLASH_CACHE DEFAULT)
  TABLESPACE "SYSTEM"  ENABLE;
  ALTER TABLE "COUPON" MODIFY ("C_NO" NOT NULL ENABLE);
--------------------------------------------------------
--  Constraints for Table INTERNATIONAL
--------------------------------------------------------

  ALTER TABLE "INTERNATIONAL" ADD CONSTRAINT "PK_INTERNATIONAL" PRIMARY KEY ("OF_NO")
  USING INDEX PCTFREE 10 INITRANS 2 MAXTRANS 255 COMPUTE STATISTICS 
  STORAGE(INITIAL 65536 NEXT 1048576 MINEXTENTS 1 MAXEXTENTS 2147483645
  PCTINCREASE 0 FREELISTS 1 FREELIST GROUPS 1 BUFFER_POOL DEFAULT FLASH_CACHE DEFAULT CELL_FLASH_CACHE DEFAULT)
  TABLESPACE "SYSTEM"  ENABLE;
  ALTER TABLE "INTERNATIONAL" MODIFY ("OF_NO" NOT NULL ENABLE);
--------------------------------------------------------
--  Constraints for Table WHEELCHAIR
--------------------------------------------------------

  ALTER TABLE "WHEELCHAIR" ADD CONSTRAINT "PK_WHEELCHAIR" PRIMARY KEY ("W_NO")
  USING INDEX PCTFREE 10 INITRANS 2 MAXTRANS 255 COMPUTE STATISTICS 
  STORAGE(INITIAL 65536 NEXT 1048576 MINEXTENTS 1 MAXEXTENTS 2147483645
  PCTINCREASE 0 FREELISTS 1 FREELIST GROUPS 1 BUFFER_POOL DEFAULT FLASH_CACHE DEFAULT CELL_FLASH_CACHE DEFAULT)
  TABLESPACE "SYSTEM"  ENABLE;
  ALTER TABLE "WHEELCHAIR" MODIFY ("W_NO" NOT NULL ENABLE);
--------------------------------------------------------
--  Constraints for Table MEMBER
--------------------------------------------------------

  ALTER TABLE "MEMBER" ADD CONSTRAINT "PK_MEMBER" PRIMARY KEY ("M_ID")
  USING INDEX PCTFREE 10 INITRANS 2 MAXTRANS 255 COMPUTE STATISTICS 
  STORAGE(INITIAL 65536 NEXT 1048576 MINEXTENTS 1 MAXEXTENTS 2147483645
  PCTINCREASE 0 FREELISTS 1 FREELIST GROUPS 1 BUFFER_POOL DEFAULT FLASH_CACHE DEFAULT CELL_FLASH_CACHE DEFAULT)
  TABLESPACE "SYSTEM"  ENABLE;
  ALTER TABLE "MEMBER" MODIFY ("COUNTRY" NOT NULL ENABLE);
  ALTER TABLE "MEMBER" MODIFY ("NATIONALITY" NOT NULL ENABLE);
  ALTER TABLE "MEMBER" MODIFY ("SEX" NOT NULL ENABLE);
  ALTER TABLE "MEMBER" MODIFY ("EMAIL" NOT NULL ENABLE);
  ALTER TABLE "MEMBER" MODIFY ("BIRTH" NOT NULL ENABLE);
  ALTER TABLE "MEMBER" MODIFY ("TEL" NOT NULL ENABLE);
  ALTER TABLE "MEMBER" MODIFY ("PWD" NOT NULL ENABLE);
  ALTER TABLE "MEMBER" MODIFY ("E_NAME" NOT NULL ENABLE);
  ALTER TABLE "MEMBER" MODIFY ("M_NAME" NOT NULL ENABLE);
  ALTER TABLE "MEMBER" MODIFY ("M_ID" NOT NULL ENABLE);
--------------------------------------------------------
--  Constraints for Table SNSLINK
--------------------------------------------------------

  ALTER TABLE "SNSLINK" ADD CONSTRAINT "PK_SNSLINK" PRIMARY KEY ("NO")
  USING INDEX PCTFREE 10 INITRANS 2 MAXTRANS 255 COMPUTE STATISTICS 
  STORAGE(INITIAL 65536 NEXT 1048576 MINEXTENTS 1 MAXEXTENTS 2147483645
  PCTINCREASE 0 FREELISTS 1 FREELIST GROUPS 1 BUFFER_POOL DEFAULT FLASH_CACHE DEFAULT CELL_FLASH_CACHE DEFAULT)
  TABLESPACE "SYSTEM"  ENABLE;
  ALTER TABLE "SNSLINK" MODIFY ("SNS" NOT NULL ENABLE);
  ALTER TABLE "SNSLINK" MODIFY ("SNSPWD" NOT NULL ENABLE);
  ALTER TABLE "SNSLINK" MODIFY ("SNSID" NOT NULL ENABLE);
  ALTER TABLE "SNSLINK" MODIFY ("M_ID" NOT NULL ENABLE);
  ALTER TABLE "SNSLINK" MODIFY ("NO" NOT NULL ENABLE);
--------------------------------------------------------
--  Constraints for Table DISCOUNT
--------------------------------------------------------

  ALTER TABLE "DISCOUNT" ADD CONSTRAINT "PK_DISCOUNT" PRIMARY KEY ("D_NO")
  USING INDEX PCTFREE 10 INITRANS 2 MAXTRANS 255 COMPUTE STATISTICS 
  STORAGE(INITIAL 65536 NEXT 1048576 MINEXTENTS 1 MAXEXTENTS 2147483645
  PCTINCREASE 0 FREELISTS 1 FREELIST GROUPS 1 BUFFER_POOL DEFAULT FLASH_CACHE DEFAULT CELL_FLASH_CACHE DEFAULT)
  TABLESPACE "SYSTEM"  ENABLE;
  ALTER TABLE "DISCOUNT" MODIFY ("D_NO" NOT NULL ENABLE);
--------------------------------------------------------
--  Constraints for Table QNA
--------------------------------------------------------

  ALTER TABLE "QNA" ADD CONSTRAINT "PK_QNA" PRIMARY KEY ("Q_NO")
  USING INDEX PCTFREE 10 INITRANS 2 MAXTRANS 255 COMPUTE STATISTICS 
  STORAGE(INITIAL 65536 NEXT 1048576 MINEXTENTS 1 MAXEXTENTS 2147483645
  PCTINCREASE 0 FREELISTS 1 FREELIST GROUPS 1 BUFFER_POOL DEFAULT FLASH_CACHE DEFAULT CELL_FLASH_CACHE DEFAULT)
  TABLESPACE "SYSTEM"  ENABLE;
  ALTER TABLE "QNA" MODIFY ("Q_NO" NOT NULL ENABLE);
--------------------------------------------------------
--  Constraints for Table CHECKIN
--------------------------------------------------------

  ALTER TABLE "CHECKIN" ADD CONSTRAINT "PK_CHECKIN" PRIMARY KEY ("C_NO")
  USING INDEX PCTFREE 10 INITRANS 2 MAXTRANS 255 COMPUTE STATISTICS 
  STORAGE(INITIAL 65536 NEXT 1048576 MINEXTENTS 1 MAXEXTENTS 2147483645
  PCTINCREASE 0 FREELISTS 1 FREELIST GROUPS 1 BUFFER_POOL DEFAULT FLASH_CACHE DEFAULT CELL_FLASH_CACHE DEFAULT)
  TABLESPACE "SYSTEM"  ENABLE;
  ALTER TABLE "CHECKIN" MODIFY ("C_NO" NOT NULL ENABLE);
--------------------------------------------------------
--  Constraints for Table BAGGAGE
--------------------------------------------------------

  ALTER TABLE "BAGGAGE" ADD CONSTRAINT "PK_BAGGAGE" PRIMARY KEY ("EB_NO")
  USING INDEX PCTFREE 10 INITRANS 2 MAXTRANS 255 COMPUTE STATISTICS 
  STORAGE(INITIAL 65536 NEXT 1048576 MINEXTENTS 1 MAXEXTENTS 2147483645
  PCTINCREASE 0 FREELISTS 1 FREELIST GROUPS 1 BUFFER_POOL DEFAULT FLASH_CACHE DEFAULT CELL_FLASH_CACHE DEFAULT)
  TABLESPACE "SYSTEM"  ENABLE;
  ALTER TABLE "BAGGAGE" MODIFY ("EB_NO" NOT NULL ENABLE);
--------------------------------------------------------
--  Constraints for Table ADMIN
--------------------------------------------------------

  ALTER TABLE "ADMIN" ADD CONSTRAINT "PK_ADMIN" PRIMARY KEY ("A_ID")
  USING INDEX PCTFREE 10 INITRANS 2 MAXTRANS 255 COMPUTE STATISTICS 
  STORAGE(INITIAL 65536 NEXT 1048576 MINEXTENTS 1 MAXEXTENTS 2147483645
  PCTINCREASE 0 FREELISTS 1 FREELIST GROUPS 1 BUFFER_POOL DEFAULT FLASH_CACHE DEFAULT CELL_FLASH_CACHE DEFAULT)
  TABLESPACE "SYSTEM"  ENABLE;
  ALTER TABLE "ADMIN" MODIFY ("A_NAME" NOT NULL ENABLE);
  ALTER TABLE "ADMIN" MODIFY ("PWD" NOT NULL ENABLE);
  ALTER TABLE "ADMIN" MODIFY ("A_ID" NOT NULL ENABLE);
--------------------------------------------------------
--  Constraints for Table POINT_LIST
--------------------------------------------------------

  ALTER TABLE "POINT_LIST" ADD CONSTRAINT "PK_POINT_LIST" PRIMARY KEY ("PL_NO")
  USING INDEX PCTFREE 10 INITRANS 2 MAXTRANS 255 COMPUTE STATISTICS 
  STORAGE(INITIAL 65536 NEXT 1048576 MINEXTENTS 1 MAXEXTENTS 2147483645
  PCTINCREASE 0 FREELISTS 1 FREELIST GROUPS 1 BUFFER_POOL DEFAULT FLASH_CACHE DEFAULT CELL_FLASH_CACHE DEFAULT)
  TABLESPACE "SYSTEM"  ENABLE;
  ALTER TABLE "POINT_LIST" MODIFY ("PL_NO" NOT NULL ENABLE);
--------------------------------------------------------
--  Constraints for Table NM_BOOK
--------------------------------------------------------

  ALTER TABLE "NM_BOOK" ADD CONSTRAINT "PK_NM_BOOK" PRIMARY KEY ("NM_NO")
  USING INDEX PCTFREE 10 INITRANS 2 MAXTRANS 255 COMPUTE STATISTICS 
  STORAGE(INITIAL 65536 NEXT 1048576 MINEXTENTS 1 MAXEXTENTS 2147483645
  PCTINCREASE 0 FREELISTS 1 FREELIST GROUPS 1 BUFFER_POOL DEFAULT FLASH_CACHE DEFAULT CELL_FLASH_CACHE DEFAULT)
  TABLESPACE "SYSTEM"  ENABLE;
  ALTER TABLE "NM_BOOK" MODIFY ("NATIONALITY" NOT NULL ENABLE);
  ALTER TABLE "NM_BOOK" MODIFY ("SEX" NOT NULL ENABLE);
  ALTER TABLE "NM_BOOK" MODIFY ("BIRTH" NOT NULL ENABLE);
  ALTER TABLE "NM_BOOK" MODIFY ("NAME" NOT NULL ENABLE);
  ALTER TABLE "NM_BOOK" MODIFY ("NM_NO" NOT NULL ENABLE);
--------------------------------------------------------
--  Constraints for Table SEAT
--------------------------------------------------------

  ALTER TABLE "SEAT" ADD CONSTRAINT "PK_SEAT" PRIMARY KEY ("S_NO")
  USING INDEX PCTFREE 10 INITRANS 2 MAXTRANS 255 COMPUTE STATISTICS 
  STORAGE(INITIAL 65536 NEXT 1048576 MINEXTENTS 1 MAXEXTENTS 2147483645
  PCTINCREASE 0 FREELISTS 1 FREELIST GROUPS 1 BUFFER_POOL DEFAULT FLASH_CACHE DEFAULT CELL_FLASH_CACHE DEFAULT)
  TABLESPACE "SYSTEM"  ENABLE;
  ALTER TABLE "SEAT" MODIFY ("S_NO" NOT NULL ENABLE);
--------------------------------------------------------
--  Constraints for Table SEAT_TABLE
--------------------------------------------------------

  ALTER TABLE "SEAT_TABLE" ADD CONSTRAINT "PK_SEAT_TABLE" PRIMARY KEY ("ST_NO")
  USING INDEX PCTFREE 10 INITRANS 2 MAXTRANS 255 COMPUTE STATISTICS 
  STORAGE(INITIAL 65536 NEXT 1048576 MINEXTENTS 1 MAXEXTENTS 2147483645
  PCTINCREASE 0 FREELISTS 1 FREELIST GROUPS 1 BUFFER_POOL DEFAULT FLASH_CACHE DEFAULT CELL_FLASH_CACHE DEFAULT)
  TABLESPACE "SYSTEM"  ENABLE;
  ALTER TABLE "SEAT_TABLE" MODIFY ("ST_NO" NOT NULL ENABLE);
--------------------------------------------------------
--  Constraints for Table LOST_MANAGEMENT
--------------------------------------------------------

  ALTER TABLE "LOST_MANAGEMENT" ADD CONSTRAINT "PK_LOST_MANAGEMENT" PRIMARY KEY ("LM_NO")
  USING INDEX PCTFREE 10 INITRANS 2 MAXTRANS 255 COMPUTE STATISTICS 
  STORAGE(INITIAL 65536 NEXT 1048576 MINEXTENTS 1 MAXEXTENTS 2147483645
  PCTINCREASE 0 FREELISTS 1 FREELIST GROUPS 1 BUFFER_POOL DEFAULT FLASH_CACHE DEFAULT CELL_FLASH_CACHE DEFAULT)
  TABLESPACE "SYSTEM"  ENABLE;
  ALTER TABLE "LOST_MANAGEMENT" MODIFY ("LM_NO" NOT NULL ENABLE);
--------------------------------------------------------
--  Constraints for Table POINT
--------------------------------------------------------

  ALTER TABLE "POINT" ADD CONSTRAINT "PK_POINT" PRIMARY KEY ("P_NO")
  USING INDEX PCTFREE 10 INITRANS 2 MAXTRANS 255 COMPUTE STATISTICS 
  STORAGE(INITIAL 65536 NEXT 1048576 MINEXTENTS 1 MAXEXTENTS 2147483645
  PCTINCREASE 0 FREELISTS 1 FREELIST GROUPS 1 BUFFER_POOL DEFAULT FLASH_CACHE DEFAULT CELL_FLASH_CACHE DEFAULT)
  TABLESPACE "SYSTEM"  ENABLE;
  ALTER TABLE "POINT" MODIFY ("P_NO" NOT NULL ENABLE);
--------------------------------------------------------
--  Constraints for Table FOOD
--------------------------------------------------------

  ALTER TABLE "FOOD" ADD CONSTRAINT "PK_FOOD" PRIMARY KEY ("F_NO")
  USING INDEX PCTFREE 10 INITRANS 2 MAXTRANS 255 COMPUTE STATISTICS 
  STORAGE(INITIAL 65536 NEXT 1048576 MINEXTENTS 1 MAXEXTENTS 2147483645
  PCTINCREASE 0 FREELISTS 1 FREELIST GROUPS 1 BUFFER_POOL DEFAULT FLASH_CACHE DEFAULT CELL_FLASH_CACHE DEFAULT)
  TABLESPACE "SYSTEM"  ENABLE;
  ALTER TABLE "FOOD" MODIFY ("F_NO" NOT NULL ENABLE);
--------------------------------------------------------
--  Constraints for Table BONUS_TICKET
--------------------------------------------------------

  ALTER TABLE "BONUS_TICKET" ADD CONSTRAINT "PK_BONUS_TICKET" PRIMARY KEY ("B_NO")
  USING INDEX PCTFREE 10 INITRANS 2 MAXTRANS 255 COMPUTE STATISTICS 
  STORAGE(INITIAL 65536 NEXT 1048576 MINEXTENTS 1 MAXEXTENTS 2147483645
  PCTINCREASE 0 FREELISTS 1 FREELIST GROUPS 1 BUFFER_POOL DEFAULT FLASH_CACHE DEFAULT CELL_FLASH_CACHE DEFAULT)
  TABLESPACE "SYSTEM"  ENABLE;
  ALTER TABLE "BONUS_TICKET" MODIFY ("B_NO" NOT NULL ENABLE);
--------------------------------------------------------
--  Constraints for Table USING_POINT
--------------------------------------------------------

  ALTER TABLE "USING_POINT" ADD CONSTRAINT "PK_USING_POINT" PRIMARY KEY ("UP_NO")
  USING INDEX PCTFREE 10 INITRANS 2 MAXTRANS 255 COMPUTE STATISTICS 
  STORAGE(INITIAL 65536 NEXT 1048576 MINEXTENTS 1 MAXEXTENTS 2147483645
  PCTINCREASE 0 FREELISTS 1 FREELIST GROUPS 1 BUFFER_POOL DEFAULT FLASH_CACHE DEFAULT CELL_FLASH_CACHE DEFAULT)
  TABLESPACE "SYSTEM"  ENABLE;
  ALTER TABLE "USING_POINT" MODIFY ("UP_NO" NOT NULL ENABLE);
--------------------------------------------------------
--  Constraints for Table ROUTE
--------------------------------------------------------

  ALTER TABLE "ROUTE" ADD CONSTRAINT "PK_ROUTE" PRIMARY KEY ("ROUTE")
  USING INDEX PCTFREE 10 INITRANS 2 MAXTRANS 255 COMPUTE STATISTICS 
  STORAGE(INITIAL 65536 NEXT 1048576 MINEXTENTS 1 MAXEXTENTS 2147483645
  PCTINCREASE 0 FREELISTS 1 FREELIST GROUPS 1 BUFFER_POOL DEFAULT FLASH_CACHE DEFAULT CELL_FLASH_CACHE DEFAULT)
  TABLESPACE "SYSTEM"  ENABLE;
  ALTER TABLE "ROUTE" MODIFY ("ROUTE" NOT NULL ENABLE);
--------------------------------------------------------
--  Constraints for Table CANCEL
--------------------------------------------------------

  ALTER TABLE "CANCEL" ADD CONSTRAINT "PK_CANCEL" PRIMARY KEY ("C_NO")
  USING INDEX PCTFREE 10 INITRANS 2 MAXTRANS 255 COMPUTE STATISTICS 
  STORAGE(INITIAL 65536 NEXT 1048576 MINEXTENTS 1 MAXEXTENTS 2147483645
  PCTINCREASE 0 FREELISTS 1 FREELIST GROUPS 1 BUFFER_POOL DEFAULT FLASH_CACHE DEFAULT CELL_FLASH_CACHE DEFAULT)
  TABLESPACE "SYSTEM"  ENABLE;
  ALTER TABLE "CANCEL" MODIFY ("C_NO" NOT NULL ENABLE);
--------------------------------------------------------
--  Constraints for Table BASE_POINT
--------------------------------------------------------

  ALTER TABLE "BASE_POINT" ADD CONSTRAINT "PK_BASE_POINT" PRIMARY KEY ("BP_NO")
  USING INDEX PCTFREE 10 INITRANS 2 MAXTRANS 255 COMPUTE STATISTICS 
  STORAGE(INITIAL 65536 NEXT 1048576 MINEXTENTS 1 MAXEXTENTS 2147483645
  PCTINCREASE 0 FREELISTS 1 FREELIST GROUPS 1 BUFFER_POOL DEFAULT FLASH_CACHE DEFAULT CELL_FLASH_CACHE DEFAULT)
  TABLESPACE "SYSTEM"  ENABLE;
  ALTER TABLE "BASE_POINT" MODIFY ("BP_NO" NOT NULL ENABLE);
--------------------------------------------------------
--  Ref Constraints for Table BASE_POINT
--------------------------------------------------------

  ALTER TABLE "BASE_POINT" ADD CONSTRAINT "FK_ROUTE_TO_BASE_POINT" FOREIGN KEY ("ROUTE")
	  REFERENCES "ROUTE" ("ROUTE") ENABLE;
--------------------------------------------------------
--  Ref Constraints for Table BOARDER
--------------------------------------------------------

  ALTER TABLE "BOARDER" ADD CONSTRAINT "FK_BOOKING_TO_BOARDER" FOREIGN KEY ("B_NO2")
	  REFERENCES "BOOKING" ("B_NO") ENABLE;
  ALTER TABLE "BOARDER" ADD CONSTRAINT "FK_DISCOUNT_TO_BOARDER" FOREIGN KEY ("D_NO")
	  REFERENCES "DISCOUNT" ("D_NO") ENABLE;
  ALTER TABLE "BOARDER" ADD CONSTRAINT "FK_MEMBER_TO_BOARDER" FOREIGN KEY ("M_ID")
	  REFERENCES "MEMBER" ("M_ID") ON DELETE CASCADE ENABLE;
--------------------------------------------------------
--  Ref Constraints for Table BONUS_TICKET
--------------------------------------------------------

  ALTER TABLE "BONUS_TICKET" ADD CONSTRAINT "FK_MEMBER_TO_BONUS_TICKET" FOREIGN KEY ("M_ID")
	  REFERENCES "MEMBER" ("M_ID") ENABLE;
  ALTER TABLE "BONUS_TICKET" ADD CONSTRAINT "FK_USING_POINT_TO_BONUS_TICKET" FOREIGN KEY ("UP_NO")
	  REFERENCES "USING_POINT" ("UP_NO") ENABLE;
--------------------------------------------------------
--  Ref Constraints for Table BOOKING
--------------------------------------------------------

  ALTER TABLE "BOOKING" ADD CONSTRAINT "FK_SCHEDULE_TO_BOOKING" FOREIGN KEY ("S_NO")
	  REFERENCES "SCHEDULE" ("S_NO") ENABLE;
--------------------------------------------------------
--  Ref Constraints for Table CANCEL
--------------------------------------------------------

  ALTER TABLE "CANCEL" ADD CONSTRAINT "FK_PAYMENT_TO_CANCEL" FOREIGN KEY ("P_NO2")
	  REFERENCES "PAYMENT" ("P_NO") ENABLE;
  ALTER TABLE "CANCEL" ADD CONSTRAINT "FK_PENALTY_TO_CANCEL" FOREIGN KEY ("P_NO")
	  REFERENCES "PENALTY" ("P_NO") ENABLE;
--------------------------------------------------------
--  Ref Constraints for Table CHECKIN
--------------------------------------------------------

  ALTER TABLE "CHECKIN" ADD CONSTRAINT "FK_BOARDER_TO_CHECKIN" FOREIGN KEY ("B_NO")
	  REFERENCES "BOARDER" ("B_NO") ENABLE;
--------------------------------------------------------
--  Ref Constraints for Table COUPON
--------------------------------------------------------

  ALTER TABLE "COUPON" ADD CONSTRAINT "FK_MEMBER_TO_COUPON" FOREIGN KEY ("M_ID")
	  REFERENCES "MEMBER" ("M_ID") ENABLE;
--------------------------------------------------------
--  Ref Constraints for Table DOMESTIC
--------------------------------------------------------

  ALTER TABLE "DOMESTIC" ADD CONSTRAINT "FK_ROUTE_TO_DOMESTIC" FOREIGN KEY ("ROUTE")
	  REFERENCES "ROUTE" ("ROUTE") ENABLE;
--------------------------------------------------------
--  Ref Constraints for Table INTERNATIONAL
--------------------------------------------------------

  ALTER TABLE "INTERNATIONAL" ADD CONSTRAINT "FK_ROUTE_TO_INTERNATIONAL" FOREIGN KEY ("ROUTE")
	  REFERENCES "ROUTE" ("ROUTE") ENABLE;
--------------------------------------------------------
--  Ref Constraints for Table LOST_RECIPIENT
--------------------------------------------------------

  ALTER TABLE "LOST_RECIPIENT" ADD CONSTRAINT "FK_MANAGEMENT_TO_RECIPIENT" FOREIGN KEY ("LM_NO")
	  REFERENCES "LOST_MANAGEMENT" ("LM_NO") ENABLE;
  ALTER TABLE "LOST_RECIPIENT" ADD CONSTRAINT "FK_MEMBER_TO_LOST_RECIPIENT" FOREIGN KEY ("M_ID")
	  REFERENCES "MEMBER" ("M_ID") ENABLE;
--------------------------------------------------------
--  Ref Constraints for Table NM_BOOK
--------------------------------------------------------

  ALTER TABLE "NM_BOOK" ADD CONSTRAINT "FK_BOARDER_TO_NM_BOOK" FOREIGN KEY ("B_NO")
	  REFERENCES "BOARDER" ("B_NO") ENABLE;
--------------------------------------------------------
--  Ref Constraints for Table PAYMENT
--------------------------------------------------------

  ALTER TABLE "PAYMENT" ADD CONSTRAINT "FK_BOOKING_TO_PAYMENT" FOREIGN KEY ("B_NO")
	  REFERENCES "BOOKING" ("B_NO") ENABLE;
--------------------------------------------------------
--  Ref Constraints for Table PET
--------------------------------------------------------

  ALTER TABLE "PET" ADD CONSTRAINT "FK_BOARDER_TO_PET" FOREIGN KEY ("B_NO")
	  REFERENCES "BOARDER" ("B_NO") ENABLE;
--------------------------------------------------------
--  Ref Constraints for Table POINT
--------------------------------------------------------

  ALTER TABLE "POINT" ADD CONSTRAINT "FK_MEMBER_TO_POINT" FOREIGN KEY ("M_ID")
	  REFERENCES "MEMBER" ("M_ID") ENABLE;
  ALTER TABLE "POINT" ADD CONSTRAINT "FK_SAVING_POINT_TO_POINT" FOREIGN KEY ("SP_NO")
	  REFERENCES "SAVING_POINT" ("SP_NO") ENABLE;
  ALTER TABLE "POINT" ADD CONSTRAINT "FK_USING_POINT_TO_POINT" FOREIGN KEY ("UP_NO")
	  REFERENCES "USING_POINT" ("UP_NO") ENABLE;
--------------------------------------------------------
--  Ref Constraints for Table POINT_LIST
--------------------------------------------------------

  ALTER TABLE "POINT_LIST" ADD CONSTRAINT "FK_ROUTE_TO_POINT_LIST" FOREIGN KEY ("ROUTE")
	  REFERENCES "ROUTE" ("ROUTE") ENABLE;
--------------------------------------------------------
--  Ref Constraints for Table PRIZE_EVENT
--------------------------------------------------------

  ALTER TABLE "PRIZE_EVENT" ADD CONSTRAINT "FK_EVENT_TO_PRIZE_EVENT" FOREIGN KEY ("E_NO")
	  REFERENCES "EVENT" ("E_NO") ENABLE;
--------------------------------------------------------
--  Ref Constraints for Table QNA
--------------------------------------------------------

  ALTER TABLE "QNA" ADD CONSTRAINT "FK_BOOKING_TO_QNA" FOREIGN KEY ("B_NO")
	  REFERENCES "BOOKING" ("B_NO") ENABLE;
  ALTER TABLE "QNA" ADD CONSTRAINT "FK_MEMBER_TO_QNA" FOREIGN KEY ("M_ID")
	  REFERENCES "MEMBER" ("M_ID") ENABLE;
--------------------------------------------------------
--  Ref Constraints for Table RESERVED_SEAT
--------------------------------------------------------

  ALTER TABLE "RESERVED_SEAT" ADD CONSTRAINT "FK_BOARDER_TO_RESERVED_SEAT" FOREIGN KEY ("B_NO")
	  REFERENCES "BOARDER" ("B_NO") ENABLE;
  ALTER TABLE "RESERVED_SEAT" ADD CONSTRAINT "FK_SCHEDULE_TO_RESERVED_SEAT" FOREIGN KEY ("S_NO2")
	  REFERENCES "SCHEDULE" ("S_NO") ENABLE;
  ALTER TABLE "RESERVED_SEAT" ADD CONSTRAINT "FK_SEAT_TO_RESERVED_SEAT" FOREIGN KEY ("S_NO")
	  REFERENCES "SEAT" ("S_NO") ENABLE;
--------------------------------------------------------
--  Ref Constraints for Table SAVING_POINT
--------------------------------------------------------

  ALTER TABLE "SAVING_POINT" ADD CONSTRAINT "FK_CHECKIN_TO_SAVING_POINT" FOREIGN KEY ("C_NO")
	  REFERENCES "CHECKIN" ("C_NO") ENABLE;
  ALTER TABLE "SAVING_POINT" ADD CONSTRAINT "FK_POINT_LIST_TO_SAVING_POINT" FOREIGN KEY ("PL_NO")
	  REFERENCES "POINT_LIST" ("PL_NO") ENABLE;
--------------------------------------------------------
--  Ref Constraints for Table SCHEDULE
--------------------------------------------------------

  ALTER TABLE "SCHEDULE" ADD CONSTRAINT "FK_SECTION_TO_SCHEDULE" FOREIGN KEY ("FLIGHT_NO")
	  REFERENCES "SECTION" ("FLIGHT_NO") ENABLE;
--------------------------------------------------------
--  Ref Constraints for Table SECTION
--------------------------------------------------------

  ALTER TABLE "SECTION" ADD CONSTRAINT "FK_ROUTE_TO_SECTION" FOREIGN KEY ("ROUTE")
	  REFERENCES "ROUTE" ("ROUTE") ENABLE;
--------------------------------------------------------
--  Ref Constraints for Table SERVICE
--------------------------------------------------------

  ALTER TABLE "SERVICE" ADD CONSTRAINT "FK_BAGGAGE_TO_SERVICE" FOREIGN KEY ("EB_NO")
	  REFERENCES "BAGGAGE" ("EB_NO") ENABLE;
  ALTER TABLE "SERVICE" ADD CONSTRAINT "FK_BOARDER_TO_SERVICE" FOREIGN KEY ("B_NO")
	  REFERENCES "BOARDER" ("B_NO") ENABLE;
  ALTER TABLE "SERVICE" ADD CONSTRAINT "FK_FOOD_TO_SERVICE" FOREIGN KEY ("F_NO")
	  REFERENCES "FOOD" ("F_NO") ENABLE;
  ALTER TABLE "SERVICE" ADD CONSTRAINT "FK_SEAT_TABLE_TO_SERVICE" FOREIGN KEY ("ST_NO")
	  REFERENCES "SEAT_TABLE" ("ST_NO") ENABLE;
--------------------------------------------------------
--  Ref Constraints for Table SNSLINK
--------------------------------------------------------

  ALTER TABLE "SNSLINK" ADD CONSTRAINT "FK_MEMBER_TO_SNSLINK" FOREIGN KEY ("M_ID")
	  REFERENCES "MEMBER" ("M_ID") ENABLE;
--------------------------------------------------------
--  Ref Constraints for Table USING_POINT
--------------------------------------------------------

  ALTER TABLE "USING_POINT" ADD CONSTRAINT "FK_BASE_POINT_TO_USING_POINT" FOREIGN KEY ("BP_NO")
	  REFERENCES "BASE_POINT" ("BP_NO") ENABLE;
--------------------------------------------------------
--  Ref Constraints for Table WHEELCHAIR
--------------------------------------------------------

  ALTER TABLE "WHEELCHAIR" ADD CONSTRAINT "FK_BOARDER_TO_WHEELCHAIR" FOREIGN KEY ("B_NO")
	  REFERENCES "BOARDER" ("B_NO") ENABLE;
