<?xml version="1.0" encoding="UTF-8"?>
<!DOCTYPE properties SYSTEM "http://java.sun.com/dtd/properties.dtd">
<properties>
<entry key="hom.cmm.ttl.flight.jiniEntertainment"><![CDATA[지니 엔터테인먼트]]></entry>
<entry key="hom.cmm.ttl.join.complete"><![CDATA[회원가입_가입완료]]></entry>
<entry key="hom.cmm.ttl.ready.flightInfo"><![CDATA[출도착 안내]]></entry>
<entry key="hom.cmm.ttl.booking"><![CDATA[여정 선택]]></entry>
<entry key="hom.cmm.ttl.join.iddup"><![CDATA[아이디 중복 검사]]></entry>
<entry key="hom.cmm.ttl.join.terms.indvclt"><![CDATA[개인정보 수집 및 이용 관련 동의]]></entry>
<entry key="hom.cmm.ttl.mail.findPwd"><![CDATA[비밀번호찾기_JINAIR]]></entry>
<entry key="hom.cmm.ttl.company.freight"><![CDATA[화물운송]]></entry>
<entry key="bo.cmm.ttl.paidEvent"><![CDATA[유료 이벤트 관리]]></entry>
<entry key="hom.cmm.ttl.checkin"><![CDATA[체크인]]></entry>
<entry key="hom.seo.meta.og-description"><![CDATA[국내선 최다 운항 대한민국 대표 LCC 진에어, 집에서 즐기는 기내식 등 종합쇼핑몰 지니스토어]]></entry>
<entry key="hom.cmm.ttl.flight.seat"><![CDATA[사전좌석지정]]></entry>
<entry key="hom.cmm.ttl.company.company"><![CDATA[기업개요]]></entry>
<entry key="hom.cmm.ttl.company.ci"><![CDATA[CI (corporate identity)]]></entry>
<entry key="hom.cmm.ttl.company.aircraft"><![CDATA[항공기 소개]]></entry>
<entry key="hom.cmm.ttl.travel.rentcar"><![CDATA[차량 서비스]]></entry>
<entry key="hom.cmm.ttl.ready.discountSystem"><![CDATA[할인 제도]]></entry>
<entry key="bo.cmm.ttl.airportMapn"><![CDATA[출도착 공항 관리]]></entry>
<entry key="hom.cmm.ttl.flight.cabinShopping"><![CDATA[기내 유상판매]]></entry>
<entry key="hom.cmm.ttl.join.form"><![CDATA[회원가입_정보입력]]></entry>
<entry key="hom.cmm.ttl.ready.baggage"><![CDATA[수하물]]></entry>
<entry key="hom.cmm.ttl.benefit.jiniCoupon"><![CDATA[지니쿠폰]]></entry>
<entry key="hom.cmm.ttl.flight"><![CDATA[항공편 선택]]></entry>
<entry key="bo.cmm.ttl.grnws"><![CDATA[그린윙스 멤버십 조회]]></entry>
<entry key="hom.cmm.seo.keywords"><![CDATA[진에어, JINAIR, 항공사, 진에어항공, 저비용항공사, 해외여행, 항공권, 항공권예매, 항공권예약, 진에어예약, 국내항공권예약, 국내선, 얼리버드, 특가항공권, 항공권특가, 제주도항공권, 국제선항공권, 부산항공권, 지니스토어, 온라인쇼핑몰, 대구항공권, 광주항공권, 포항항공권, 울산항공권, 여수항공권]]></entry>
<entry key="hom.cmm.ttl.join.terms.mkt"><![CDATA[마케팅 및 광고 활용 동의]]></entry>
<entry key="hom.cmm.ttl.ready.additionalService"><![CDATA[부가 서비스]]></entry>
<entry key="hom.dow.fri"><![CDATA[금]]></entry>
<entry key="bo.cmm.ttl.prize"><![CDATA[당첨자 발표 관리]]></entry>
<entry key="bo.cmm.ttl.travelTheme"><![CDATA[여행 테마 관리]]></entry>
<entry key="hom.cmm.ttl.mypage.set"><![CDATA[설정 관리]]></entry>
<entry key="hom.cmm.ttl.travel.card"><![CDATA[카드 및 환전 혜택]]></entry>
<entry key="hom.cmm.ttl.company.ceo"><![CDATA[CEO 인사말]]></entry>
<entry key="hom.cmm.ttl.jiniMembership"><![CDATA[JINI 멤버십]]></entry>
<entry key="hom.cmm.ttl.mail.join"><![CDATA[회원가입_JINAIR]]></entry>
<entry key="hom.cmm.ttl.ready.webcheckin"><![CDATA[웹/모바일 체크인]]></entry>
<entry key="hom.cmm.ttl.mail.companyDisable"><![CDATA[기업회원 승인불가_JINAIR]]></entry>
<entry key="hom.cmm.btn.error.home"><![CDATA[홈으로 이동]]></entry>
<entry key="hom.cmm.ttl.join.terms.indvoffer"><![CDATA[개인정보 제3자 제공에 대한 안내]]></entry>
<entry key="hom.cmm.ttl.mail.findId"><![CDATA[아이디찾기_JINAIR]]></entry>
<entry key="hom.cmm.ttl.flight.taxFree"><![CDATA[기내 면세품]]></entry>
<entry key="hom.cmm.ttl.join.terms.nabipoint"><![CDATA[지니마일 회원약관]]></entry>
<entry key="hom.cmm.ttl.flight.airlineFood"><![CDATA[기내식]]></entry>
<entry key="bo.cmm.ttl.indvmbr"><![CDATA[개인회원 관리]]></entry>
<entry key="hom.dow.sun"><![CDATA[일]]></entry>
<entry key="hom.cmm.ttl.join"><![CDATA[회원가입]]></entry>
<entry key="hom.dow.tue"><![CDATA[화]]></entry>
<entry key="bo.cmm.footer.msg"><![CDATA[<p>(주)진에어</p><p>대표이사 : 최정호 외1명</p><p>사업자등록번호 : 121-81-89086</p><p>통신판매업 신고번호 : 제2008-서울 강서-0408</p>
		<p class="address">주소 : 서울시 강서구 공항대로 453</p><p>개인정보보호책임자 : 이광</p>
		<p class="copy">Copyright © JIN AIR. All Rights Reserved.</p>]]></entry>
<entry key="hom.cmm.msg.error.msg"><![CDATA[서비스 이용에 불편을 드려 죄송합니다.<br/>궁금한 사항이 있으시면 언제든지 고객서비스센터(1600-6200/02-6099-1200)로<br/>문의하시기 바랍니다. 감사합니다.]]></entry>
<entry key="hom.cmm.ttl.join.terms.opt"><![CDATA[선택적인 개인정보 수집 및 이용/ 제3자 제공에 대한 동의]]></entry>
<entry key="hom.dow.thu"><![CDATA[목]]></entry>
<entry key="hom.cmm.ttl.lang.set"><![CDATA[지역 및 언어 선택]]></entry>
<entry key="hom.cmm.ttl.paymentMembership"><![CDATA[멤버십결제]]></entry>
<entry key="hom.cmm.ttl.membershipTier"><![CDATA[회원등급]]></entry>
<entry key="bo.cmm.ttl.lottery"><![CDATA[당첨자 추첨 관리]]></entry>
<entry key="hom.cmm.ttl.join.terms.idfclt"><![CDATA[고유식별정보 수집 및 이용 관련 동의]]></entry>
<entry key="hom.cmm.msg.error.sub3"><![CDATA[잘못된 접근입니다.]]></entry>
<entry key="bo.cmm.ttl.event"><![CDATA[이벤트 관리]]></entry>
<entry key="hom.cmm.msg.error.sub2"><![CDATA[요청 처리 중 일시적인 오류가 발생하였습니다.]]></entry>
<entry key="hom.cmm.msg.error.sub1"><![CDATA[요청하신 페이지를 찾을 수 없습니다.]]></entry>
<entry key="hom.cmm.ttl.ready.counter"><![CDATA[공항 카운터 안내]]></entry>
<entry key="hom.cmm.ttl.ready.service"><![CDATA[서비스]]></entry>
<entry key="hom.cmm.ttl.join.terms.indvoversea"><![CDATA[개인정보 국외 이전에 관한 동의]]></entry>
<entry key="hom.cmm.ttl.flight.bundle"><![CDATA[번들 서비스]]></entry>
<entry key="hom.dow.mon"><![CDATA[월]]></entry>
<entry key="bo.cmm.ttl.nowMoment"><![CDATA[지금 이순간 관리]]></entry>
<entry key="hom.cmm.ttl.promotion.customTicket"><![CDATA[맞춤 항공권]]></entry>
<entry key="hom.cmm.ttl.flight.paidEvent"><![CDATA[기념일 이벤트]]></entry>
<entry key="bo.cmm.ttl.grnwsdtl"><![CDATA[그린윙스 멤버십 상세 이력]]></entry>
<entry key="hom.cmm.seo.description"><![CDATA[Fly, better fly JIN AIR. 합리적인 소비자가 선택하는 스마트 & 실용 항공사]]></entry>
<entry key="hom.cmm.ttl.travel.parcel"><![CDATA[택배]]></entry>
<entry key="hom.cmm.ttl.company.finance"><![CDATA[재무정보]]></entry>
<entry key="hom.cmm.ttl.payment"><![CDATA[결제]]></entry>
<entry key="hom.cmm.ttl.travel.jinairshop"><![CDATA[진에어숍]]></entry>
<entry key="hom.cmm.ttl.ready.flight"><![CDATA[운항 정보]]></entry>
<entry key="hom.cmm.ttl.ready.autocheckin"><![CDATA[자동 체크인]]></entry>
<entry key="hom.cmm.ttl.mypage.reserv.confirm"><![CDATA[예약 확인]]></entry>
<entry key="hom.cmm.ttl.flight.jiniPlay"><![CDATA[기내 엔터테인먼트]]></entry>
<entry key="hom.dow.sat"><![CDATA[토]]></entry>
<entry key="hom.seo.title"><![CDATA[JIN AIR   진에어]]></entry>
<entry key="hom.cmm.ttl.benefit.discount"><![CDATA[할인 안내]]></entry>
<entry key="hom.cmm.ttl.jinair"><![CDATA[진에어]]></entry>
<entry key="hom.cmm.ttl.favorite.menu"><![CDATA[자주 찾는 메뉴]]></entry>
<entry key="hom.cmm.ttl.passenger"><![CDATA[탑승객 정보]]></entry>
<entry key="hom.cmm.ttl.mypage.reservation"><![CDATA[예약]]></entry>
<entry key="hom.cmm.ttl.join.terms.gndr"><![CDATA[회원가입_14세미만 약관동의 및 본인인증]]></entry>
<entry key="hom.cmm.ttl.ready.route"><![CDATA[취항 노선 안내]]></entry>
<entry key="hom.cmm.ttl.withdrawal"><![CDATA[회원 탈퇴]]></entry>
<entry key="hom.cmm.btn.error.prev"><![CDATA[이전 페이지]]></entry>
<entry key="hom.seo.meta.contentlanguage"><![CDATA[ko-kr]]></entry>
<entry key="hom.cmm.ttl.join.terms.hpg"><![CDATA[홈페이지 이용 약관]]></entry>
<entry key="hom.cmm.ttl.program"><![CDATA[프로그램 안내]]></entry>
<entry key="bo.cmm.system.name"><![CDATA[홈페이지 관리]]></entry>
<entry key="hom.cmm.ttl.pwchange"><![CDATA[비밀번호 변경]]></entry>
<entry key="bo.cmm.ttl.promotionUser"><![CDATA[프로모션 대상 회원 관리]]></entry>
<entry key="hom.cmm.ttl.join.terms.auth"><![CDATA[회원가입_약관동의 및 본인인증]]></entry>
<entry key="hom.seo.meta.keywords"><![CDATA[진에어, JINAIR, 항공사, 진에어항공, 저비용항공사, 해외여행, 항공권, 항공권예매, 항공권예약, 진에어예약, 국내항공권예약, 국내선, 얼리버드, 특가항공권, 항공권특가, 제주도항공권, 국제선항공권, 부산항공권, 지니스토어, 온라인쇼핑몰, 대구항공권, 광주항공권, 포항항공권, 울산항공권, 여수항공권]]></entry>
<entry key="hom.cmm.seo.msg"><![CDATA[(주)진에어 | 대표이사 : 최정호 외1명 | 사업자등록번호 : 121-81-89086 | 통신판매업 신고번호 : 제2008-서울 강서-0408 | 주소 : 서울시 강서구 공항대로 453 | 개인정보보호책임자 : 이광 | Copyright © JIN AIR. All Rights Reserved.]]></entry>
<entry key="hom.cmm.ttl.ready.checkin"><![CDATA[체크인 안내]]></entry>
<entry key="hom.cmm.ttl.benefit.point"><![CDATA[나비포인트]]></entry>
<entry key="hom.cmm.seo.title"><![CDATA[진에어 공식 홈페이지]]></entry>
<entry key="hom.cmm.ttl.travel.jinipass"><![CDATA[보딩패스 할인]]></entry>
<entry key="hom.cmm.ttl.savePoint"><![CDATA[포인트 적립]]></entry>
<entry key="hom.cmm.seo.contentlanguage"><![CDATA[ko-kr]]></entry>
<entry key="bo.cmm.ttl.winnerHistory"><![CDATA[당첨자 추첨 History 관리]]></entry>
<entry key="hom.seo.meta.description"><![CDATA[국내선 최다 운항 대한민국 대표 LCC 진에어, 집에서 즐기는 기내식 등 종합쇼핑몰 지니스토어]]></entry>
<entry key="hom.cmm.ttl.flight.guide"><![CDATA[기내 여행 가이드]]></entry>
<entry key="hom.cmm.ttl.travel.jinitel"><![CDATA[지니텔]]></entry>
<entry key="bo.cmm.ttl.banner"><![CDATA[배너 관리]]></entry>
<entry key="hom.cmm.ttl.usePoint"><![CDATA[포인트 사용]]></entry>
<entry key="bo.cmm.ttl.commbr"><![CDATA[기업회원 관리]]></entry>
<entry key="hom.cmm.ttl.indvinfo.usepolicy"><![CDATA[개인정보 처리방침]]></entry>
<entry key="hom.cmm.ttl.mail.company"><![CDATA[기업회원가입_JINAIR]]></entry>
<entry key="hom.cmm.ttl.pwcheck"><![CDATA[비밀번호 확인]]></entry>
<entry key="hom.locale.select"><![CDATA[국가 / 결제통화 선택]]></entry>
<entry key="hom.cmm.ttl.ready.flightService"><![CDATA[기내 서비스]]></entry>
<entry key="hom.cmm.ttl.ready.airportService"><![CDATA[공항 서비스]]></entry>
<entry key="hom.cmm.ttl.join.terms"><![CDATA[회원가입_약관동의]]></entry>
<entry key="hom.cmm.hotel.url"><![CDATA[https://www.booking.com/index.ko.html?aid=1486529&label=navtap_kr1]]></entry>
<entry key="hom.cmm.ttl.editinfo"><![CDATA[회원정보수정]]></entry>
<entry key="hom.dow.wed"><![CDATA[수]]></entry>
<entry key="hom.cmm.ttl.ready.benefit"><![CDATA[혜택]]></entry>
<entry key="hom.cmm.ttl.extras"><![CDATA[부가 서비스]]></entry>
<entry key="hom.cmm.hotel.url.mobile"><![CDATA[https://sp.booking.com/index.ko.html?aid=1486529&label=navtap_kr1]]></entry>
<entry key="bo.cmm.ttl.message"><![CDATA[공통 메시지 관리]]></entry>
<entry key="hom.cmm.ttl.mypage.noti.set"><![CDATA[알림 설정]]></entry>
<entry key="hom.cmm.ttl.ready.schedule"><![CDATA[스케줄 조회]]></entry>
<entry key="hom.cmm.ttl.browser"><![CDATA[Fly, better fly_Jin Air]]></entry>
<entry key="bo.cmm.ttl.newsletter"><![CDATA[뉴스레터 회원 관리]]></entry>
<entry key="hom.cmm.ttl.tiketReservation"><![CDATA[항공권 예약]]></entry>
<entry key="hom.cmm.ttl.flight.jiniInsight"><![CDATA[기내 매거진]]></entry>
<entry key="hom.cmm.ttl.join.result"><![CDATA[회원가입_가입정보 확인 결과]]></entry>
<entry key="hom.cmm.ttl.promotion"><![CDATA[프로모션]]></entry>
<entry key="hom.cmm.ttl.mypage.lang.set"><![CDATA[지역/언어 설정]]></entry>
<entry key="hom.cmm.msg.error.title"><![CDATA[죄송합니다.]]></entry>
<entry key="hom.cmm.ttl.ready.help"><![CDATA[도움이 필요하신 고객]]></entry>
<entry key="hom.cmm.ttl.gate"><![CDATA[거주 지역 / 언어 선택]]></entry>
<entry key="hom.cmm.ttl.promotion.lowestTicket"><![CDATA[최저가 항공권]]></entry>
</properties>
