<?xml version="1.0" encoding="UTF-8"?>
<!DOCTYPE properties SYSTEM "http://java.sun.com/dtd/properties.dtd">
<properties>
<entry key="hom.ibe.ctn.rsv.009"><![CDATA[위 입국 규정을 확인하였습니다.]]></entry>
<entry key="hom.ibe.ctn.rsv.008"><![CDATA[<li>Redress Number 소지 팁승객은 사전에 진에어 고객서비스센터 1600-6200 로 연락 주시기 바랍니다.</li>
		<li>구매완료 후에는 예약조회를 통해 &lt;여권정보입력&gt;내 사항을 기입하여 주십시요.</li>]]></entry>
<entry key="hom.ibe.ctn.rsv.007"><![CDATA[<p>미국 교통안전청(TSA)은 사전 보안검색을 위해 미국 노선을 이용하는 모든 탑승객의 이름, 성별, 생년월일 정보를 수집하고 있습니다. 따라서 예약하실 때에는 여권 상의 영문이름 및 성별, 생년월일 정보를 정확하게 기입하여야 하며, 사전정보를 입력하시지 않는 경우에는 해당 항공편의 탑승이 금지될 수 있음을 유의하여 주시기 바랍니다.<br>
		또한 해당정보는 미국교통안전청의 개인정보 정책에 따라 관련 정보기관 등에 제공될 수 있습니다. 개인정보 정책에 대해 더 자세히 알고 싶으신 경우 미국교통안전청 사이트(www.tsa.gov)를 참조하시길 바랍니다.</p>]]></entry>
<entry key="hom.ibe.ctn.rsv.006"><![CDATA[탑승일 <strong>2017/01/01</strong> 기준으로 <strong>유아</strong> 입니다.]]></entry>
<entry key="hom.ibe.ctn.rsv.005"><![CDATA[<li>각 보너스 항공권 쿠폰은 마이페이지를 통해 발급 또는 등록하신 후 사용 가능합니다.</li>
		<li>다음의 보너스 항공권 사용 조건을 확인해 주세요.<br>(여정 구분, 사용 가능 구간, 출발 가능 요일, 사용 및 탑승 유효기간)</li>]]></entry>
<entry key="hom.ibe.ctn.rsv.004"><![CDATA[나비포인트 보너스 항공권 또는 이벤트 경품 보너스 항공권 쿠폰을 선택해 주세요.]]></entry>
<entry key="hom.ibe.ctn.rsv.003"><![CDATA[한국 출발 세금(BP)에는 국제 여객공항이용료(인천/김포공항 17,000원, 기타 12,000원), 출국납부금 10,000, 국제 빈곤퇴치기여금 1,000원이 포함되어 있습니다.]]></entry>
<entry key="hom.ibe.ctn.rsv.002"><![CDATA[<li>B737-800 항공기 내 좌석 등급은 일반석만 운영하며, B737-900 항공기 내 좌석 등급은 지니 비즈 좌석과 일반석을 운영합니다.</li>
		<li>B777 항공기 내 좌석등급은 지니플러스시트와 일반석을 운영합니다.</li>
		<li>국제선 항공권 예매는 예매시점 3시간 이후 출발편부터 361일 이내 출발편까지 가능합니다.</li>
		<li>인터넷 예약은 1회 9명까지 가능합니다. 항공권 구입 시에는 예약과 동시 구매하셔야 하며, 미 구매된 예약은 자동 취소됩니다.</li>
		<li>승객의 나이는 탑승일 기준이며, 만 12세 미만 소아 승객은 부모 또는 만 18세 이상의 보호자와 동반 시에만 여행 가능합니다.</li>
		<li>유아는 좌석이 제공되지 않으므로 좌석이 필요한 유아는 소아로 예매 바랍니다. (소아운임 적용)</li>
		<li>국제선 소아 단독 예약은 모바일 APP과 고객서비스센터를 이용하여 주시기 바랍니다.</li>
		<li>국제선 구간 여행을 위해 유효기간이 최소 6개월 이상 남은 여권과 필요한 경우 출입국을 위한 해당 국가의 비자를 준비하셔야 합니다.</li>
		<li>훼손된 여권의 경우 해당 국가의 입국이 거절 될 수 있으니 유의하여 주시기 바랍니다.</li>
		<li>복수 목적지 여정의 예약을 원하실 경우 [다구간 여정] 을 선택하여 주시기 바랍니다.</li>
		<li>해외발행 카드 사용의 경우 진에어 해외사이트에서 결제하실 수 있습니다.</li>
		<li>항공 스케줄은 정부인가 조건이며, 예고 없이 변경될 수 있습니다.</li>]]></entry>
<entry key="hom.ibe.ctn.rsv.001"><![CDATA[<li>만2세 이상~ 만 13세 미만의 소아는 만18세 이상의 동반 탑승자가 필요합니다.</li>
   		<li>예약 시 동반인의 정보를 기입하여 주시기 바랍니다.</li>]]></entry>
<entry key="hom.ibe.ctn.rsv.019"><![CDATA[프로모션 코드를 입력 해 주세요.]]></entry>
<entry key="hom.ibe.ctn.rsv.018"><![CDATA[<p>유효한 대한민국 여권을 소지한 우리 국민은 무비자로 호주에 입국하야 최대 3개월간 체류가 가능합니다. 그러나 이 경우 입국 전에 필히 전자비자(ETA)를 발급 받아야 합니다.</p>
		<p>전자비자(ETA)는 관광이나 상용 목적으로 방문하는 여행객을 위한 것으로, 여권에 비자 라벨이나 도장이 필요 없으며 전산 처리를 통해 취득할 수 있습니다.</p>
		<p>호주전자비자 신정 및 관련 상세정보는 주한 호주 대사관 홈페이지를 참조하시기 바랍니다.</p>	
		<p><a href="http://eta-aus.org/?keyword=%ED%98%B8%EC%A3%BCeta&placement=&gclid=Cj0KEQiAhNnCBRCqkP6bvOjz_IwBEiQAMn_TMWNoc1LMeg4-Lp6xyEVVSEzTc1pKeMmoHKXU5vOmpfsaAoTk8P8HAQ" target="_blank" title="새창열림" class="fontTypeB">ETA 안내 바로가기</a></p>]]></entry>
<entry key="hom.ibe.ctn.rsv.017"><![CDATA[<li>단, 소아나 유아의 경우 할인이나 면제를 받기 위해서는 출국 전에 필리핀 마닐라 소재 관광청에서 증빙 서류를 발급받아 제시해야 함</li>
		<li>PHILIPPINE TRAVEL TAX에 대한 자세한 사항은 www.philtourism.gov.ph 사이트를 참조해 주시기 바랍니다.</li>]]></entry>
<entry key="hom.ibe.ctn.rsv.016"><![CDATA[<p>필리핀 국적 승객 및 필리핀 거주 1년 이상 외국인에 한하여 공항 수속 시에 PHILIPPINE TRAVEL TAX를 징수합니다. 해당 세금은 공항에 소재한 PTA(PHILIPPINE TOURISM AUTHORITY)DESK를 통하여 징수되며, 징수되는 금액은 다음과 같습니다.<br>
		* EY/CLS: PHP 1,620 (소아: PHP 810/ 유아: 면제)</p>]]></entry>
<entry key="hom.ibe.ctn.rsv.015"><![CDATA[필리핀 관광세 관련 안내사항]]></entry>
<entry key="hom.ibe.ctn.rsv.014"><![CDATA[<p>영문 주민등록등본과 위탁요청서를 포함한 모든 서류 상의 이름은 반드시 여권 상의 이름과 일치해야 합니다. 철자(Spelling)가 틀린 경우에는 유효한 서류로 인정되지 않사오니, 이 점 유의하시기 바랍니다.<br>
		※ 위탁요청서는 필리핀 대사관 홈페이지에서 다운받아 반드시 공증을 받아야 합니다.</p>]]></entry>
<entry key="hom.ibe.ctn.rsv.013"><![CDATA[<li>반드시 만 20세 이상의 성인이 인솔해야 하며</li>
		<li>소아위탁요청서, 소아 및 수탁인의 여권 사본(입국 시 반드시 수탁인이 소지)을 지참해야 합니다.</li>
		<li>필리핀 입국 시 3,120PHP의 입국금지 면제 비용 WEG(Waiver Exclusion Ground) Fee 가 부과됩니다.</li>]]></entry>
<entry key="hom.ibe.ctn.rsv.012"><![CDATA[<p>만 15세 미만 소아는 부모나 위탁 받은 20세 이상의 성인을 동반하지 않고 입국을 할 수 없습니다.<br>
		부모 동반 소아 입국 시 반드시 영문 주민등록등본을 지참해야 합니다.<br>
		부모 이외의 다른 사람이 인솔할 경우</p>]]></entry>
<entry key="hom.ibe.ctn.rsv.011"><![CDATA[<p>30일 이상 체류할 경우 장기비자를 취득해야 합니다.</p>]]></entry>
<entry key="hom.ibe.ctn.rsv.010"><![CDATA[<p>한국인의 경우 필리핀에 무비자로 30일까지 체류 가능합니다.<br>
		※ 왕복항공권 소지자에 한합니다(e-티켓 반드시 지참)</p>]]></entry>
</properties>
