<?xml version="1.0" encoding="UTF-8"?>
<!DOCTYPE properties SYSTEM "http://java.sun.com/dtd/properties.dtd">
<properties>
<entry key="hom.ibe.ctn.pax.005.lyt.off"><![CDATA[<li><span style="font-weight : bold">예매 후 이름 변경이 불가하오니 반드시 재확인을 부탁드리며 정보 오입력 시 탑승이 제한될 수 있습니다.</span></li>
			<li><span style="font-weight : bold">항공기 탑승 시 소지할 신분증에 한글 성명이 명기된 경우 한글 성명, 영문 성명이 명기된 경우, 영문 성명을 입력하여 주시기 바랍니다.</span></li>
			<li>이름 및 성별을 제외한 생년월일, 국적 등 정보는 마이페이지 (나의 예약)에서 수정 가능합니다.</li>
			<li>유/소아 동반 고객 및 추가할인 대상은 탑승 수속 시에 해당 증빙 서류를 지참하시기 바랍니다.</li>
			<li>신분할인 적용 요금은 다음 페이지에서 확인 가능합니다.
			<a href="https://www.jinair.com/ready/fareRules?directID=fareRules2" target="_blank" title="새 창 열림" style="border-bottom:1px solid #555;">
			(<img src="/images/common/ico_info_03.png" alt="자세히 보기" class="vm">할인조건 알아보기)
			</a>
			※ 추가 신분할인 적용 후에는 지니 쿠폰, 카드 제휴 할인 등의 중복 할인 적용이 불가합니다.
			</li>
			<li>회원아이디를 인증하시면 탑승 완료 후 나비포인트가 자동 적립됩니다. (탑승 완료 후 익일)</li>]]></entry>
<entry key="hom.ibe.ctn.pax.006.lyt.off.int"><![CDATA[<li><span style="font-weight : bold">진마켓 기간 한정하여 19년도 출생 소아 대상으로  첫 구간 탑승일 기준 만 24개월 초과 시에도 한시적 유아 수준 항공 운임이 적용됩니다. </span>
			<br><span style="font-weight : bold">(판매 기간 : 3/30~4/2, 탑승 기간 '21년 7/1~'21년 10/30)</span>
			<br><span style="font-weight : bold">보다 자세한 조건/혜택 내용은 이벤트 페이지를 통해 반드시 확인 부탁드립니다.</span>
			<a href="https://www.jinair.com/promotion/eventView?evntSeq=11343&snsLang=ko_KR&ctrCd=KOR" target="_blank" title="새 창 열림" style="border-bottom:1px solid #555; font-weight : bold;">[보기]</a>
			</li>]]></entry>
<entry key="hom.ibe.ctn.pax.004"><![CDATA[동반 성인 정보 입력]]></entry>
<entry key="hom.ibe.ctn.pax.003"><![CDATA[<li>소아와 함께 여행할 성인 승객의 예약 정보를 아래에 입력하여 소아와 성인 여정의 일치 여부를 확인해 주시기 바랍니다. (*예약 시 기재한 정보 기준)</li>
			<li>유소아를 동반하는 보호자는 국제선 항공편 탑승 시 부모 또는 만 18세 이상, 국내선 항공편 탑승 시 만 13세 이상이어야 합니다.</li>]]></entry>
<entry key="hom.ibe.ctn.pax.002"><![CDATA[<p class="text">- 국가번호 선택한 후 휴대폰번호 전체를 입력해 주세요. (예. 한국의 경우, 01011112222)</p>
			<p class="text">- 항공기 운항정보(스케줄 변경, 결항 등) 및 구매정보가 알림톡 또는 SMS 로 발송되며, 이메일로 e-티켓이 발송됩니다.</p>]]></entry>
<entry key="hom.ibe.ctn.pax.001"><![CDATA[회원 본인이 탑승하지 않는 경우 체크 해 주세요.]]></entry>
<entry key="hom.ibe.ctn.pax.005.lyt.on"><![CDATA[<li><span style="font-weight : bold">예매 후 이름 변경이 불가하오니 반드시 재확인을 부탁드리며 정보 오입력 시 탑승이 제한될 수 있습니다.</span></li>
			<li><span style="font-weight : bold">항공기 탑승 시 소지할 신분증에 한글 성명이 명기된 경우 한글 성명, 영문 성명이 명기된 경우, 영문 성명을 입력하여 주시기 바랍니다.</span></li>
			<li>이름 및 성별을 제외한 생년월일, 국적 등 정보는 마이페이지 (나의 예약)에서 수정 가능합니다.</li>
			<li>유/소아 동반 고객 및 추가할인 대상은 탑승 수속 시에 해당 증빙 서류를 지참하시기 바랍니다.</li>
			<li>신분할인 적용 요금은 다음 페이지에서 확인 가능합니다.
			<a href="https://www.jinair.com/ready/fareRules?directID=fareRules2" target="_blank" title="새 창 열림" style="border-bottom:1px solid #555;">
			(<img src="/images/common/ico_info_03.png" alt="자세히 보기" class="vm">할인조건 알아보기)
			</a>
			</li>
			<li>회원번호를 입력하시면 탑승 완료 후 나비포인트가 자동으로 적립됩니다.</li>]]></entry>
<entry key="hom.ibe.ctn.pax.extraSkip"><![CDATA[시스템 업그레이드 작업으로 인해 부가서비스 신청은 8월24일 이후 마이페이지를 통해 추가 구매 하실 수 있습니다.]]></entry>
<entry key="hom.ibe.ctn.pax.100"><![CDATA[회원번호를 다시 확인해주세요.]]></entry>
</properties>
