<?xml version="1.0" encoding="UTF-8"?>
<!DOCTYPE properties SYSTEM "http://java.sun.com/dtd/properties.dtd">
<properties>
<entry key="hom.ibe.ctn.rsv.060"><![CDATA[<p>세부 노선은 인터넷 발권 시 출국 공항세 (935 PHP)가 포함되어 청구됩니다.(2019년12월8일 부 적용)</p>]]></entry>
<entry key="hom.ibe.ctn.rsv.059"><![CDATA[세부 공항세 안내 사항]]></entry>
<entry key="hom.ibe.ctn.rsv.058"><![CDATA[<p>현재 시스템 정기 점검 중 입니다.</p>
		<span class="txt">이용에 불편을 드려 죄송합니다.</span>
		<span class="time">(점검 시간 : 00:00 ~ 00:15)</span>]]></entry>
<entry key="hom.ibe.ctn.rsv.057"><![CDATA[온라인 특가]]></entry>
<entry key="hom.ibe.ctn.rsv.056"><![CDATA[프로모션 특가]]></entry>
<entry key="hom.ibe.ctn.rsv.055"><![CDATA[고객님의 항공편 스케줄이 아래와 같이 변경되어 알려드립니다.<br>
		<br>
		1. 환불을 원하실 경우<br>
		- [<span class="fontTypeF">환불/취소</span>] 버튼을 누르시면 환불위약금이 부과되지 않고 자동으로 전액 환불 처리됩니다.<br>
		* 예약부도(No-show) 여정이 포함된 경우는 환불위약금이 면제되지 않습니다.
		<br>
		2. 다른 일자로 변경을 원하실 경우<br>
		- [<span class="fontTypeA">변경</span>] 버튼을 누른 후 고객서비스센터(1600-6200)로 문의하여 주시기 바랍니다.<br>
		<br>
		고객님께 불편을 끼쳐드려 죄송합니다.]]></entry>
<entry key="hom.ibe.ctn.rsv.lyt.001"><![CDATA[<li>각 보너스 항공권 쿠폰은 마이페이지를 통해 발급 또는 등록하신 후 사용 가능합니다.</li>
		<li>다음의 보너스 항공권 사용 조건을 확인해 주세요.<br>(여정 구분, 사용 가능 구간, 출발 가능 요일, 사용 및 탑승 유효기간)<br>
		※ [나비포인트 보너스 항공권]은 (구)나비포인트 차감하여 쿠폰 발급 후, 사용 가능합니다.
		</li>]]></entry>
<entry key="hom.ibe.ctn.rsv.054"><![CDATA[고객님의 항공편 스케줄이 아래와 같이 변경되어 알려드립니다.<br>
		변경된 스케줄로 이용하실 경우 [<span class="fontTypeE">수락</span>] 버튼을,<br>
		환불을 원하실 경우 [<span class="fontTypeF">환불/취소</span>] 버튼을,<br>
		다른 일자로 변경 또는 환불을 원하실 경우 [<span class="fontTypeA">변경</span>] 버튼 선택하여 해당 연락처로 문의하여 주시기 바랍니다.<br>
		<br>
		※ 유의사항<br>
			[<span class="fontTypeE">수락</span>] 버튼을 선택하면 변경된 스케줄로 예약이 확정되어 예약 시 입력하신 이메일 주소로 [E-Ticket]이 발송되며,<br>
			이 후 예약 변경/ 환불 시에는 수수료(위약금)가 면제되지 않습니다.<br>
   			[<span class="fontTypeF">환불/취소</span>] 버튼을 누르시면 환불위약금이 부과되지 않고 자동으로 전액 환불 처리됩니다.<br>
			* 예약부도(No-show) 여정이 포함된 경우는 환불위약금이 면제되지 않습니다.<br>
   			여정 변경 등 기타 문의는  [<span class="fontTypeA">변경</span>] 버튼 선택 후 고객서비스센터(1600-6200)로 문의하여 주시기 바랍니다.<br>
   			<br>
			고객님께 불편을 끼쳐드려 죄송합니다.]]></entry>
<entry key="hom.ibe.ctn.rsv.053"><![CDATA[만우절 특가]]></entry>
<entry key="hom.ibe.ctn.rsv.052"><![CDATA[온라인 특가]]></entry>
<entry key="hom.ibe.ctn.rsv.051"><![CDATA[진MARKET]]></entry>
<entry key="hom.ibe.ctn.rsv.050"><![CDATA[슬림한 진]]></entry>
<entry key="hom.ibe.ctn.rsv.049"><![CDATA[안내]]></entry>
<entry key="hom.ibe.ctn.rsv.048"><![CDATA[지니플러스 운임 규정도 꼭! 확인하세요.]]></entry>
<entry key="hom.ibe.ctn.rsv.047"><![CDATA[<li>1) 지니플러스 좌석 무료 제공</li>
		<li>2) 기본 제공 무료수하물 5kg 추가</li>
		<li>3) 지니플레이 무료 제공</li>
		<li>4) 수하물 우선 하기 서비스 제공</li>]]></entry>
<entry key="hom.ibe.ctn.rsv.046"><![CDATA[<strong>지니플러스 운임</strong>을 구매하시면!<span>아래 4가지 서비스가 추가로 제공 됩니다.</span>]]></entry>
<entry key="hom.ibe.ctn.rsv.045"><![CDATA[지니플러스 자세히보기]]></entry>
<entry key="hom.ibe.ctn.rsv.044"><![CDATA[<p><strong>※ 국내선 신분증 미소지 승객 탑승불가 안내</strong></p>
		<p>2017년 7월 1일부터 국내선 이용 승객이 신분증 미 지참 시 항공기 탑승이 불가하오니 유효신분증의 종류를 확인하시어 반드시 적합한 신분증을 지참하시기 바랍니다.<p>
		<p>또한 신분증 지참 시 항공권 예약 이름과 동일한 언어로 이름이 표기된 신분증을 지참하여 주시기 바랍니다.<p>
		<a href="http://www.jinair.com/company/announce/announceView?anceSeq=16780" target="_blank" title="새창열림" class="fontTypeE">유효신분증 종류 확인하기</a></p>]]></entry>
<entry key="hom.ibe.ctn.rsv.043"><![CDATA[안내]]></entry>
<entry key="hom.ibe.ctn.rsv.042"><![CDATA[<p>만 18세 미만의  미성년자는 단독으로 여행 시 공증된 영문 부모 동의서가 필요합니다. 필요 서류는 주재 미국 대사관/영사관에 문의하시길 바라며, 규정 미 준수 시 입국이 불허 될 수 있으므로 유의하시기 바랍니다.<br>* 관련 모든 서류 상의 이름은 반드시 여권 상의 이름과 일치해야 합니다. 철자(Spelling)가 틀린 경우에는 유효한 서류로 인정되지 않사오니, 이 점 유의하시기 바랍니다.</p>
		<p><a href="https://kr.usembassy.gov/ko/us-citizen-services-ko/notaries-public/?_ga=2.130279176.644923035.1519810607-1057176820.1519810607" target="_blank" title="새창열림" class="fontTypeC">주한미국대사관 공증안내 바로가기</a></p>]]></entry>
<entry key="hom.ibe.ctn.rsv.041"><![CDATA[사이판 비동반 소아 규정]]></entry>
<entry key="hom.ibe.ctn.rsv.040"><![CDATA[<li>Redress Number 소지 팁승객은 사전에 진에어 고객서비스센터 1600-6200 로 연락 주시기 바랍니다.</li>
		<li>구매완료 후에는 예약조회를 통해 &lt;여권정보입력&gt;내 사항을 기입하여 주십시요.</li>]]></entry>
<entry key="hom.ibe.ctn.rsv.039"><![CDATA[<p>미국 교통안전청(TSA)은 사전 보안검색을 위해 미국 노선을 이용하는 모든 탑승객의 이름, 성별, 생년월일 정보를 수집하고 있습니다. 따라서 예약하실 때에는 여권 상의 영문이름 및 성별, 생년월일 정보를 정확하게 기입하여야 하며, 사전정보를 입력하시지 않는 경우에는 해당 항공편의 탑승이 금지될 수 있음을 유의하여 주시기 바랍니다.<br>
			또한 해당정보는 미국교통안전청의 개인정보 정책에 따라 관련 정보기관 등에 제공될 수 있습니다. 개인정보 정책에 대해 더 자세히 알고 싶으신 경우 미국교통안전청 사이트(www.tsa.gov)를 참조하시길 바랍니다.</p>]]></entry>
<entry key="hom.ibe.ctn.rsv.038"><![CDATA[미주노선 이용 고객을 위한 안내]]></entry>
<entry key="hom.ibe.ctn.rsv.037"><![CDATA[<li>국가별 위험물 규정 상이 (한국 출발 시 운송 가능)</li>
		<li>배터리 분리 가능 시 위탁 접수 또는 휴대 반입 가능</li>
		<li>운송 불가 시 폐기 처리</li>]]></entry>
<entry key="hom.ibe.ctn.rsv.036"><![CDATA[※ 한국에 입국하는 모든 내/외국인 대상 출발일 기준 72시간 이내 발급된 PCR 음성확인서 제출 필수 (한국 입국 시간 기준 2021년 2월 24일부)<br>
		- 일본인 승객 중 '중요한 사업상 목적의 격리면제서' 소지, 외교(A-1) 또는 공무(A-2) 비자 소지자는 주일본한국대사관으로 문의하여 주시기 바랍니다.<br>
		<p>※(일본 출발 시) 배터리 일체형 헤어 고데기(Hair Curlers) 운송의 경우, 배터리 분리가 불가할 시 위탁 수하물 접수 또는 기내 휴대 반입이 불가하오니 이점 유의하시기 바랍니다.</p>]]></entry>
<entry key="hom.ibe.ctn.rsv.035"><![CDATA[안내]]></entry>
<entry key="hom.ibe.ctn.rsv.034"><![CDATA[일본 안내 사항]]></entry>
<entry key="hom.ibe.ctn.rsv.033"><![CDATA[<p>필리핀 공항은 예약확인증(ITR) 확인 후 입장 가능하오니, 예약확인증을 사전에 준비하시기 바랍니다.</p>]]></entry>
<entry key="hom.ibe.ctn.rsv.032"><![CDATA[필리핀 공항 입장 시 유의사항]]></entry>
<entry key="hom.ibe.ctn.rsv.031"><![CDATA[<span class="fontTypeC">• 클락 : 600 PHP (2021년 1월 1일 부 적용)</span><br>
		<span class="fontTypeC">• 세부 : 935 PHP (2019년 12월 8일 부 적용)</span><br>
		※ 클락 : 2021년 1월 1일 이전에 발권하는 경우, 클락 공항에서 공항세를 징수하오니 출발 시 공항세 금액을 현금으로 반드시 지참해 주시기 바랍니다. (단, 24개월 미만 유아 면제)<br>
		- 칼리보 노선은 칼리보 공항에서 출국 공항세를 별도로 징수하오니 출발 시 공항세 금액을 현금으로 반드시 지참해 주시기 바랍니다. (단, 24개월 미만 유아 면제)<br>
		<span class="fontTypeC">• 칼리보 : 784 PHP (2020년 2월 3일 부 적용)</span>]]></entry>
<entry key="hom.ibe.ctn.rsv.030"><![CDATA[<p>- 클락/세부 노선은 인터넷 발권 시 출국 공항세가 포함되어 청구됩니다.</p>]]></entry>
<entry key="hom.ibe.ctn.rsv.029"><![CDATA[필리핀 공항세 관련 안내 사항]]></entry>
<entry key="hom.ibe.ctn.rsv.028"><![CDATA[<li>만2세 이상~ 만 13세 미만의 소아는 만18세 이상의 동반 탑승자가 필요합니다.</li>
		<li>예약 시 동반인의 정보를 기입하여 주시기 바랍니다.</li>]]></entry>
<entry key="hom.ibe.ctn.rsv.027"><![CDATA[<li>구매완료 후에는 예약조회를 통해 &lt;여권정보입력&gt;내 사항을 기입하여 주십시요.</li>]]></entry>
<entry key="hom.ibe.ctn.rsv.026"><![CDATA[<li>Redress Number 소지 팁승객은 사전에 진에어 고객서비스센터 1600-6200 로 연락 주시기 바랍니다.</li>]]></entry>
<entry key="hom.ibe.ctn.rsv.025"><![CDATA[<p>2. 2018년 12월 18일 부, 미주 ESTA 실시간 승인 서비스가 종료되었습니다. 이에 ESTA 취득이 필요한 경우 출발 당일 신청이 불가하며 항공기 출발 72시간 전까지 승인 및 취득이 필수인 점 유의하여 주시기 바랍니다.</p>
		<p>3. 미국 교통안전청(TSA)은 사전 보안검색을 위해 미국 노선을 이용하는 모든 탑승객의 이름, 성별, 생년월일 정보를 수집하고 있습니다. 따라서 예약하실 때에는 여권 상의 영문이름 및 성별, 생년월일 정보를 정확하게 기입하여야 하며, 사전정보를 입력하시지 않는 경우에는 해당 항공편의 탑승이 금지될 수 있음을 유의하여 주시기 바랍니다.<br>또한 해당정보는 미국교통안전청의 개인정보 정책에 따라 관련 정보기관 등에 제공될 수 있습니다. 개인정보 정책에 대해 더 자세히 알고 싶으신 경우 미국교통안전청 사이트(www.tsa.gov)를 참조하시길 바랍니다.</p>]]></entry>
<entry key="hom.ibe.ctn.rsv.024"><![CDATA[미주노선 이용 고객을 위한 안내]]></entry>
<entry key="hom.ibe.ctn.rsv.023"><![CDATA[<p> ※ 한국에 입국하는 모든 내/외국인 대상 출발일 기준 72시간 이내 발급된 PCR 음성확인서 제출 필수 (한국 입국 시간 기준 2021년 2월 24일부)</p>
		<h2>여권 유효기간 안내</h2>
		<p>베트남 노선 이용 시 여권 유효기간이 탑승일 기준으로 6개월 이상 남아있어야 출국이 가능하므로 여행 전 확인하여 주시기 바랍니다.</p>
		<h2>무비자 한국 국적 탑승객 체류 가능 기간</h2>
		<p>왕복항공권 및 제3국으로 여행하는 항공권을 소지한 경우, 한국 여권 소지자는 최대 15일간 무비자 체류가 가능합니다.<br>※ 단 무비자로 베트남 출/입국 후에는 30일 이내 재입국 시 관광비자가 필요합니다.</p>
		<h2>보호자 미동반 어린이 입국 규정</h2>
		<p>부모 혹은 보호자가 미동반한 만14세 미만 승객은 부모동의서(영문)가 필요합니다.<br>※ 단 국문으로 작성된 부모동의서는 공증 필요</p>
		<p>서류 미소지 및 불충분 시 탑승/입국이 거절 될 수 있으니 사전에 반드시 해당국 입국관련 규정을 외교부 혹은 해당국 대사관으로 문의해주시기 바랍니다.</p>]]></entry>
<entry key="hom.ibe.ctn.rsv.022"><![CDATA[안내]]></entry>
<entry key="hom.ibe.ctn.rsv.021"><![CDATA[현장결제필요]]></entry>
<entry key="hom.ibe.ctn.rsv.020"><![CDATA[안내]]></entry>
<entry key="hom.ibe.ctn.rsv.019"><![CDATA[프로모션 코드를 입력 해 주세요.]]></entry>
<entry key="hom.ibe.ctn.rsv.018"><![CDATA[<p>인천(ICN)-케언스(CNS) 직항 노선은 2018년 1월 31일부터 운휴 예정이며, 이후 날짜로는 예약 변경이 불가하오니 예매 시 유의하시기 바랍니다.</p>]]></entry>
<entry key="hom.ibe.ctn.rsv.017"><![CDATA[<li>단, 소아나 유아의 경우 할인이나 면제를 받기 위해서는 출국 전에 필리핀 마닐라 소재 관광청에서 증빙 서류를 발급받아 제시해야 함</li>
		<li>PHILIPPINE TRAVEL TAX에 대한 자세한 사항은 www.philtourism.gov.ph 사이트를 참조해 주시기 바랍니다.</li>]]></entry>
<entry key="hom.ibe.ctn.rsv.016"><![CDATA[<p>필리핀 국적 승객 및 필리핀 거주 1년 이상 외국인에 한하여 공항 수속 시에 PHILIPPINE TRAVEL TAX를 징수합니다. 해당 세금은 공항에 소재한 PTA(PHILIPPINE TOURISM AUTHORITY)DESK를 통하여 징수되며, 징수되는 금액은 다음과 같습니다.<br>
		* EY/CLS: PHP 1,620 (소아: PHP 810/ 유아: 면제)</p>]]></entry>
<entry key="hom.ibe.ctn.rsv.015"><![CDATA[필리핀 관광세 관련 안내사항]]></entry>
<entry key="hom.ibe.ctn.rsv.014"><![CDATA[<p>영문 주민등록등본과 위탁요청서를 포함한 모든 서류 상의 이름은 반드시 여권 상의 이름과 일치해야 합니다. 철자(Spelling)가 틀린 경우에는 유효한 서류로 인정되지 않사오니, 이 점 유의하시기 바랍니다.<br>
		※ 위탁요청서는 필리핀 대사관 홈페이지에서 다운받아 반드시 공증을 받아야 합니다.</p>]]></entry>
<entry key="hom.ibe.ctn.rsv.013"><![CDATA[<li>반드시 만 20세 이상의 성인이 인솔해야 하며</li>
		<li>소아위탁요청서, 소아 및 수탁인의 여권 사본(입국 시 반드시 수탁인이 소지)을 지참해야 합니다.</li>
		<li>필리핀 입국 시 3,120PHP의 입국금지 면제 비용 WEG(Waiver Exclusion Ground) Fee 가 부과됩니다.</li>]]></entry>
<entry key="hom.ibe.ctn.rsv.012"><![CDATA[<p>만 15세 미만 소아는 부모나 위탁 받은 20세 이상의 성인을 동반하지 않고 입국을 할 수 없습니다.<br>
		부모 동반 소아 입국 시 반드시 영문 주민등록등본을 지참해야 합니다.<br>
		부모 이외의 다른 사람이 인솔할 경우</p>]]></entry>
<entry key="hom.ibe.ctn.rsv.011"><![CDATA[30일 이상 체류할 경우 장기비자를 취득해야 합니다.]]></entry>
<entry key="hom.ibe.ctn.rsv.075"><![CDATA[<p>아래 일자/대상편 구매 고객의 경우, 탑승 가능 조건을 반드시 확인 부탁 드립니다</p>
<p>o대상편/일자 :</p>
<ul class="caution">
	<li>세부(CEB)-인천(ICN) / LJ022편 (8/22, 8/29, 9/5, 9/12, 9/19, 9/26)</li>
	<li>클락(CRK)-인천(ICN) / LJ024편 (8/23)</li>
	<li>괌(GUM)-인천(ICN) / LJ772편 (8/20, 8/27, 9/3, 9/10, 9/17, 9/24)</li>
</ul>
<p>O 탑승 가능 조건</p>
<ul class="caution">
	<li>내국인 (대한민국 여권 소지자)</li>
	<li>결혼이민 비자(F-6) 및 내국인의 미성년 자녀 및 배우자<br>(가족관계증명서 필요), 영주(F-5), 한국 부임 외교관(가족포함)</li>
</ul>]]></entry>
<entry key="hom.ibe.ctn.rsv.010"><![CDATA[<p>※다음 노선/편명 구매 고객은 [세부 LJ022편 (8/22, 8/29, 9/5, 9/12, 9/19, 9/26) / 클락 LJ024편 (8/23)] 탑승 가능 조건을 반드시 확인 부탁 드립니다</p>
<ul class="caution">
	<li>내국인 (대한민국 여권 소지자)</li>
	<li>결혼이민 비자(F-6) 및 내국인의 미성년 자녀 및 배우자<br>(가족관계증명서 필요), 영주(F-5), 한국 부임 외교관(가족포함)</li>
</ul>
<p> ※ 한국에 입국하는 모든 내/외국인 대상 출발일 기준 72시간 이내 발급된 PCR 음성확인서 제출 필수 (한국 입국 시간 기준 2021년 2월 24일부)</p>]]></entry>
<entry key="hom.ibe.ctn.rsv.074"><![CDATA[탑승 가능 조건 안내]]></entry>
<entry key="hom.ibe.ctn.rsv.073"><![CDATA[<p>선택하신 노선은 김포/인천-제주, 제주-시안 노선을 분리하여 예약해야 하며</p>
		<p>LJ303편(김포-제주) 이용 시 제주-시안 노선까지 당일 연결 가능합니다.</p>
		<p>제주-시안 노선은 매주 목, 토요일 08:50분에 운항합니다.</p>]]></entry>
<entry key="hom.ibe.ctn.rsv.072"><![CDATA[<p>※괌 노선  LJ772편 (8/20, 8/27, 9/3, 9/10, 9/17, 9/24) 구매 고객은 탑승 가능 조건을 반드시 확인 부탁 드립니다</p>
<ul class="caution">
	<li>내국인 (대한민국 여권 소지자)</li>
	<li>결혼이민 비자(F-6) 및 내국인의 미성년 자녀 및 배우자<br>(가족관계증명서 필요), 영주(F-5), 한국 부임 외교관(가족포함)</li>
</ul>
<p> ※ 한국에 입국하는 모든 내/외국인 대상 출발일 기준 72시간 이내 발급된 PCR 음성확인서 제출 필수 (한국 입국 시간 기준 2021년 2월 24일부)</p>]]></entry>
<entry key="hom.ibe.ctn.rsv.071"><![CDATA[<p><strong>※ 신분증 부정사용 관련 처벌 안내</strong><br>
	항공기 탑승 시 다른 사람의 신분증을 부정 사용하거나 도용한 경우 관계법령에 의해 처벌 받을 수 있습니다.</p>]]></entry>
<entry key="hom.ibe.ctn.rsv.070"><![CDATA[<p><strong>※ 원주-제주노선, 군산-제주노선 안내<strong><br>
	당사가 신규 취항한 원주-제주, 군산-제주노선의 일부 미확정 동계스케줄은 행정절차가 완료되는대로 예약 오픈 예정이오니 이용에 참고하시기 바랍니다.</p>]]></entry>
<entry key="hom.ibe.ctn.rsv.009"><![CDATA[위 규정을 확인하였습니다.]]></entry>
<entry key="hom.ibe.ctn.rsv.008"><![CDATA[<li>Redress Number 소지 탑승객은 사전에 진에어 고객서비스센터 1600-6200 로 연락 주시기 바랍니다.</li>
		<li>구매완료 후에는 예약조회를 통해 &lt;여권정보입력&gt;내 사항을 기입하여 주십시오.</li>]]></entry>
<entry key="hom.ibe.ctn.rsv.007"><![CDATA[<p>미국 교통안전청(TSA)은 사전 보안검색을 위해 미국 노선을 이용하는 모든 탑승객의 이름, 성별, 생년월일 정보를 수집하고 있습니다. 따라서 예약하실 때에는 여권 상의 영문이름 및 성별, 생년월일 정보를 정확하게 기입하여야 하며, 사전정보를 입력하시지 않는 경우에는 해당 항공편의 탑승이 금지될 수 있음을 유의하여 주시기 바랍니다.<br>
		또한 해당정보는 미국교통안전청의 개인정보 정책에 따라 관련 정보기관 등에 제공될 수 있습니다. 개인정보 정책에 대해 더 자세히 알고 싶으신 경우 미국교통안전청 사이트(www.tsa.gov)를 참조하시길 바랍니다.</p>]]></entry>
<entry key="hom.ibe.ctn.rsv.006"><![CDATA[탑승일 <strong name="date">{0}</strong> 기준으로 <strong name="result">{1}</strong> 입니다.]]></entry>
<entry key="hom.ibe.ctn.rsv.005"><![CDATA[<li>각 보너스 항공권 쿠폰은 마이페이지를 통해 발급 또는 등록하신 후 사용 가능합니다.</li>
		<li>다음의 보너스 항공권 사용 조건을 확인해 주세요.<br>(여정 구분, 사용 가능 구간, 출발 가능 요일, 사용 및 탑승 유효기간)</li>]]></entry>
<entry key="hom.ibe.ctn.rsv.004"><![CDATA[나비포인트 보너스 항공권 또는 이벤트 경품 보너스 항공권 쿠폰을 선택해 주세요.]]></entry>
<entry key="hom.ibe.ctn.rsv.069"><![CDATA[<p> ※ 한국에 입국하는 모든 내/외국인 대상 출발일 기준 72시간 이내 발급된 PCR 음성확인서 제출 필수 (한국 입국 시간 기준 2021년 2월 24일부)</p>
	<p> 인천 출발 항공편은 한국 국적 승객만 탑승 가능하오니, 참고하여 주시기 바랍니다.</p>]]></entry>
<entry key="hom.ibe.ctn.rsv.003"><![CDATA[국제선 한국 출발 세금(BP)에는 국제 여객공항이용료(인천/김포공항 17,000원, 기타 12,000원), 출국납부금 10,000원, 국제 빈곤퇴치기여금 1,000원이 포함되어 있습니다.]]></entry>
<entry key="hom.ibe.ctn.rsv.068"><![CDATA[선택하신 일자(2020.8.28~)는 스케줄 준비 중에 있으며, 추후 메인 페이지에 업데이트 예정입니다.]]></entry>
<entry key="hom.ibe.ctn.rsv.002"><![CDATA[<li>B737-800 항공기 내 좌석 등급은 일반석만 운영하며, B737-900 항공기 내 좌석 등급은 지니 비즈 좌석과 일반석을 운영합니다.</li>
		<li>B777 항공기 내 좌석등급은 지니플러스시트와 일반석을 운영합니다.</li>
		<li>항공권 예매는 국내선 항공권의 경우 예매시점 30분 이후 출발편부터, 국제선 항공권의 경우 예매시점 3시간 이후 출발편부터 361일 이내 출발편까지 가능합니다.</li>
		<li>인터넷 예약은 1회 9명까지 가능합니다. 항공권 구입 시에는 예약과 동시 구매하셔야 하며, 미 구매된 예약은 자동 취소됩니다.</li>
		<li>승객의 나이는 탑승일 기준이며, 국내선은 만 5세 이상 ~ 만 13세 미만의 소아 승객은 반드시 만 13세 이상의 동반 탑승자가 필요하고 국내선 만 5세 미만, 국제선 만 12세 미만의 소아 승객은 부모 또는 만 18세 이상의 보호자와 동반 시에만 여행이 가능합니다.</li>
		<li>소아 단독 예약은 소아 로그인 후 이용 가능합니다.</li>
		<li>국제선 소아 단독 예약은 모바일 APP과 고객서비스센터를 이용하여 주시기 바랍니다.</li>
		<li>국제선 구간 여행을 위해 유효기간이 최소 6개월 이상 남은 여권과 필요한 경우 출입국을 위한 해당 국가의 비자를 준비하셔야 합니다.</li>
		<li>훼손된 여권의 경우 해당 국가의 입국이 거절 될 수 있으니 유의하여 주시기 바랍니다.</li>
		<li>복수 목적지 여정의 예약을 원하실 경우 [다구간 여정] 을 선택하여 주시기 바랍니다.</li>
		<li>해외발행 카드 사용의 경우 진에어 해외사이트에서 결제하실 수 있습니다.</li>
		<li>반려동물과 함께 여행하시는 고객께서는 번들 구매 등을 통해 사전좌석지정을 신청하는 경우라도 공항 수속 시 좌석이 변경될 수 있으며, 일부 좌석 배정이 제한되오니 이점 양해하여 주시기 바랍니다.</li>
		<li>무료수하물을 초과하는 경우 추가요금이 발생할 수 있습니다. <a href="/ready/baggage" target="_blank" title="새창열림"><strong>[자세히 보기]</strong></a></li>
		<li>환불 신청 기한은 항공권 유효기간 만료일로부터 30일 이내 이며, 그 이후에 요청하실 경우 환불이 거절될 수 있습니다.</li>
		<li>항공권의 유효기간은 전체 미사용 항공권의 경우 발행일로부터 1년, 여행 개시 후에는 최초 출발일로부터 1년입니다.</li>]]></entry>
<entry key="hom.ibe.ctn.rsv.067"><![CDATA[포항 노선 운항 스케줄 관련 안내 (2020.8.28 ~)]]></entry>
<entry key="hom.ibe.ctn.rsv.001"><![CDATA[<p>소아 : 만2세 ~ 13세 미만 (국제선 만 12세 미만)</p>
   		<p>유아 : 만 2세 미만</p>]]></entry>
<entry key="hom.ibe.ctn.rsv.066"><![CDATA[안내]]></entry>
<entry key="hom.ibe.ctn.rsv.065"><![CDATA[<p> ※ 한국에 입국하는 모든 내/외국인 대상 출발일 기준 72시간 이내 발급된 PCR 음성확인서 제출 필수 (한국 입국 시간 기준 2021년 2월 24일부)</p>
		<p> ※ 2020년 4월 6일부터 시행한 국토교통부 및 중앙방역대책본부의 지침에 따라 <strong>시안발 제주행 항공편</strong>을 이용하시는 승객께서는 <strong>인천국제공항</strong>에서 <strong>입국/하기</strong>하는 점 유념해 주시기 바랍니다.</p>
    	<p> ※ 중국 노선에 한하여 코로나19 바이러스 영향으로 아래의 기내 서비스를 일시 중단하오니 참고해 주시기 바랍니다.</p>
		<ul style="padding-left: 5px;">
	 		<li> - 기내 면세 판매 </li>
		</ul>
		<p>※2020년 9월 9일부터 중국행 항공편 탑승 승객 대상 PCR 검사가 의무화 시행되며, 12월 1일 부 항체 검사 실시가 추가됩니다.</p>
		<정기편><br>
		· 탑승 전 48시간 내 코로나19 핵산검사(PCR) 및 혈청 lgM 항체검사 실시<br>
		(같은 의료기관에서 PCR 검사 및 항체검사 실시 또는 각기 다른 의료기관에서 검사 가능)<br>
		· 12월 1일~12월 5일 간은 현행과 같이 PCR 검사 2회 실시도 가능<br>
		<br>
		<부정기편><br>
		· 탑승일 72시간 내 1차 PCR 검사 및 36시간 내 2차 PCR 검사와 항체검사 실시(PCR 검사는 각기 다른 의료기관에서 실시 필요)<br>
		<br>
		<이하 공통><br>
		· 12월 1일 이후 입국자는 의료기관에서 발급받은 PCR 검사 및 항체검사 음성확인서를 주한 중국대사관 지정 웹사이트에 업로드해야 하며,<br>
		이후 주한중국대사관에서 심사 후 입국자에게 ‘녹색건강 QR코드’ 송부, 탑승 시 동 QR코드 제시 필요<br>
		<p>※ LJ301편 또는 LJ303편(이상 김포-제주) 이용 시 제주-시안 노선까지 당일 이용이 가능하며,
국제선 이용 시에는 제주공항 도착 후 국내선 수하물 직접 수령 및 추가로 국제선 수속 절차 진행이 필요하오니
이용에 착오 없으시기 바랍니다.
		</p>]]></entry>
<entry key="hom.ibe.ctn.rsv.064"><![CDATA[<p style="font-weight: bold">1. 코로나19 관련 미주 노선 출입국 제한 사항을 반드시 확인 후, 예약하여 주시기 바랍니다. <a href="https://www.jinair.com/company/announce/announceView?anceSeq=21573&searchWord=&searchKey=&page=1" target="_blank" title="새창열림">[바로가기]</a></p>]]></entry>
<entry key="hom.ibe.ctn.rsv.063"><![CDATA[<p class="fontTypeE">※ 코로나19 관련 출입국 제한 사항을 반드시 확인 후, 예약하여 주시기 바랍니다. <a href="https://www.jinair.com/company/announce/announceView?anceSeq=21573&searchWord=&searchKey=&page=1" target="_blank" title="새창열림"><span class="fontTypeE">[바로가기]</span></a></p>]]></entry>
<entry key="hom.ibe.ctn.rsv.062"><![CDATA[<p>클락/세부 출발 항공편을 이용하는 필리핀 국적 해외 노무자 (OFW, Overseas Filipino Workers)에게 국제 여객세(IPSC)가 적용되지 않습니다.<br>
		인터넷 발권 시 IPSC가 포함되어 청구되나 해당 승객은 클락/세부 공항 IPSC 환불데스크에 요청하시면 증빙서류 접수 후 해당 금액에 대해 환불해 드립니다.</p>]]></entry>
<entry key="hom.ibe.ctn.rsv.061"><![CDATA[필리핀 국적 해외노무자 여객세 면제 안내]]></entry>
</properties>
